id,symbol,date,open,high,low,close,volume,created_at
cdd27a70-5c25-4f3c-bd3a-c8492e5e9247,ABB,2026-06-18,7031.0,7233.0,7031.0,7233.0,0,2026-06-22T18:43:59.926023+00:00
41d9fd75-5862-4eb9-9a46-027af559ad5f,ABCAPITAL,2026-06-18,373.0,373.0,370.0,370.0,0,2026-06-22T18:43:59.926023+00:00
10356480-3c6b-4f07-aa97-aca32c5891d1,CAMS,2026-06-18,806.0,834.0,806.0,834.0,0,2026-06-22T18:43:59.926023+00:00
62c4acce-c23c-4cd8-99fb-68385a30aa69,CANBK,2026-06-18,135.0,136.0,135.0,135.0,0,2026-06-22T18:43:59.926023+00:00
a463bb48-c585-4bdd-b5d1-f71b26bc39fe,CDSL,2026-06-18,1277.0,1348.0,1277.0,1348.0,0,2026-06-22T18:43:59.926023+00:00
efaae81e-4afd-4ffd-9222-a11dd0d2033b,CGPOWER,2026-06-18,958.0,958.0,948.0,953.0,0,2026-06-22T18:43:59.926023+00:00
e2390967-dc2c-48d6-bbec-54695da5598d,CHOLAFIN,2026-06-18,1680.0,1683.0,1677.0,1682.0,0,2026-06-22T18:43:59.926023+00:00
1495b54b-d006-424e-95bc-063178848c2b,CIPLA,2026-06-18,1347.0,1678.0,1347.0,1353.0,0,2026-06-22T18:43:59.926023+00:00
e82657af-4f04-4f08-b373-0b2bd7dcc499,COALINDIA,2026-06-18,456.0,456.0,452.0,452.0,0,2026-06-22T18:43:59.926023+00:00
0c192cef-6b5a-4587-92ca-e9a2bc8f72e3,COCHINSHIP,2026-06-18,1481.0,1508.0,1481.0,1496.0,0,2026-06-22T18:43:59.926023+00:00
f7f425c2-7df6-4374-8a1e-a6cb41acf27a,COLPAL,2026-06-18,2032.0,2041.0,2023.0,2023.0,0,2026-06-22T18:43:59.926023+00:00
bca68177-0f7b-4b12-8cbb-84cf07324c3f,CONCOR,2026-06-18,467.0,468.0,465.0,468.0,0,2026-06-22T18:43:59.926023+00:00
68b0156c-2716-4864-80af-62735ca99956,CROMPTON,2026-06-18,276.0,278.0,274.0,276.0,0,2026-06-22T18:43:59.926023+00:00
e0b098fd-53cf-4558-9ece-3f7598ec0a66,CUMMINSIND,2026-06-18,5836.0,5860.0,5752.0,5860.0,0,2026-06-22T18:43:59.926023+00:00
2ab5fd87-6b4b-4edf-b72c-dd57a9dbed5d,CYIENT,2026-06-18,869.0,876.0,869.0,873.0,0,2026-06-22T18:43:59.926023+00:00
e4053881-8008-490b-a6e1-f936718c5159,DABUR,2026-06-18,430.0,430.0,429.0,429.0,0,2026-06-22T18:43:59.926023+00:00
0c05ed45-5d84-42d6-adf3-921b0145bc53,DALBHARAT,2026-06-18,1723.0,1728.0,1716.0,1725.0,0,2026-06-22T18:43:59.926023+00:00
3b6994ce-a082-4f5c-9003-ffe9f1d797cc,DELHIVERY,2026-06-18,463.0,463.0,458.0,459.0,0,2026-06-22T18:43:59.926023+00:00
3713b67c-86f3-430a-b718-b061d6aaece8,DIVISLAB,2026-06-18,6657.0,6747.0,6649.0,6747.0,0,2026-06-22T18:43:59.926023+00:00
fcd443a1-d8d2-41d7-bb97-f42898be0d24,DIXON,2026-06-18,12739.0,12763.0,12703.0,12703.0,0,2026-06-22T18:43:59.926023+00:00
02629e17-9af3-486c-a713-00b6ca952fa2,DLF,2026-06-18,625.0,636.0,622.0,636.0,0,2026-06-22T18:43:59.926023+00:00
63c0fb2d-7068-478a-8318-878b3a63e516,DMART,2026-06-18,4261.0,4338.0,4261.0,4338.0,0,2026-06-22T18:43:59.926023+00:00
e90be34c-b392-4f3e-bb19-8ff8d08f24df,DRREDDY,2026-06-18,1267.0,1270.0,1265.0,1266.0,0,2026-06-22T18:43:59.926023+00:00
1c08eb56-d1a5-466d-af73-6a6a1f1f0f0e,EICHERMOT,2026-06-18,7475.0,7628.0,7475.0,7598.0,0,2026-06-22T18:43:59.926023+00:00
41fb30d3-8ac6-4886-9827-76dc817dac8d,ETERNAL,2026-06-18,260.0,260.0,257.0,259.0,0,2026-06-22T18:43:59.926023+00:00
230625f9-d923-46ef-b04a-0b67c18f0705,EXIDEIND,2026-06-18,389.0,392.0,387.0,387.0,0,2026-06-22T18:43:59.926023+00:00
bb0909fc-b1cc-4e79-8e71-81e9e31835cb,FEDERALBNK,2026-06-18,321.0,321.0,321.0,321.0,0,2026-06-22T18:43:59.926023+00:00
c0bb7d2b-b73f-4064-a38a-f98d9763a6e5,FORTIS,2026-06-18,947.0,951.0,947.0,951.0,0,2026-06-22T18:43:59.926023+00:00
c06c6d66-5799-40c1-b814-4a12cdd5e945,GAIL,2026-06-18,176.0,176.0,174.0,175.0,0,2026-06-22T18:43:59.926023+00:00
ada1782a-e602-40bf-ad2e-2f221b426c3e,GLENMARK,2026-06-18,2142.0,2152.0,2137.0,2139.0,0,2026-06-22T18:43:59.926023+00:00
cba72980-5590-40a3-a593-773d5d2f11e1,GMRAIRPORT,2026-06-18,110.0,110.0,109.0,110.0,0,2026-06-22T18:43:59.926023+00:00
2c608f88-8f1e-4b8e-a347-322f2ff64ae7,GODFRYPHLP,2026-06-18,2247.0,2273.0,2247.0,2266.0,0,2026-06-22T18:43:59.926023+00:00
f1b53fb9-c612-4a95-bf9f-816df2903a59,GODREJCP,2026-06-18,1031.0,1031.0,1010.0,1010.0,0,2026-06-22T18:43:59.926023+00:00
e9f37a29-5151-4af1-a79c-eb3f0da7fec8,GODREJPROP,2026-06-18,1792.0,1811.0,1780.0,1811.0,0,2026-06-22T18:43:59.926023+00:00
a604b94b-f939-4683-a095-d1d8902b1079,GRASIM,2026-06-18,3132.0,3132.0,3114.0,3129.0,0,2026-06-22T18:43:59.926023+00:00
9d39d338-2f68-4b36-9aa3-1ca411cb3571,HAL,2026-06-18,4442.0,4445.0,3114.0,4419.0,0,2026-06-22T18:43:59.926023+00:00
de384c77-9d33-4053-81d8-4ce22439d59b,HAVELLS,2026-06-18,1204.0,1204.0,1197.0,1197.0,0,2026-06-22T18:43:59.926023+00:00
4f671af4-2226-4be4-bc7d-b73ad31fd8b7,HCLTECH,2026-06-18,1165.0,1167.0,1158.0,1159.0,0,2026-06-22T18:43:59.926023+00:00
98c0ba4a-0104-4f4b-978a-7913f659b5c0,HDFCAMC,2026-06-18,2680.0,2730.0,2680.0,2730.0,0,2026-06-22T18:43:59.926023+00:00
8434e792-256c-4016-8445-76608c0be45f,HDFCBANK,2026-06-18,793.0,801.0,793.0,801.0,0,2026-06-22T18:43:59.926023+00:00
3025962b-3b32-43b7-8fba-7e5fddd83efb,HDFCLIFE,2026-06-18,582.0,592.0,582.0,592.0,0,2026-06-22T18:43:59.926023+00:00
8d0b4925-8446-4fd4-bfbd-0689c2950ad5,HEROMOTOCO,2026-06-18,4991.0,5027.0,4991.0,5011.0,0,2026-06-22T18:43:59.926023+00:00
5f951d8d-2af2-4219-be6d-6db73f2034e2,HFCL,2026-06-18,197.0,200.0,197.0,200.0,0,2026-06-22T18:43:59.926023+00:00
2f44eff6-27d0-41b9-a474-771b3b523f9c,HINDALCO,2026-06-18,1013.0,1014.0,1005.0,1012.0,0,2026-06-22T18:43:59.926023+00:00
00f3485c-241b-4e80-a429-5c9cfd6a9ab8,HINDPETRO,2026-06-18,403.0,404.0,402.0,402.0,0,2026-06-22T18:43:59.926023+00:00
e63e01b3-621f-4b66-91fc-3fe6dcf94108,HINDUNILVR,2026-06-18,2192.0,2216.0,2192.0,2216.0,0,2026-06-22T18:43:59.926023+00:00
1d5a1b0f-b8d1-440a-abd9-09e14892a91a,HINDZINC,2026-06-18,571.0,571.0,567.0,571.0,0,2026-06-22T18:43:59.926023+00:00
a7eb0ca4-e4c3-4150-979a-65efa46f99fa,HUDCO,2026-06-18,213.0,216.0,212.0,214.0,0,2026-06-22T18:43:59.926023+00:00
c864264d-c840-49c5-8679-f5cb8597de6d,ICICIBANK,2026-06-18,1337.0,1346.0,1337.0,1343.0,0,2026-06-22T18:43:59.926023+00:00
48119fd6-a9a9-4ccd-b3a6-a1a3803430f6,ICICIGI,2026-06-18,1795.0,1831.0,1795.0,1831.0,0,2026-06-22T18:43:59.926023+00:00
de780669-f891-4dc4-b917-30167db3000a,ICICIPRULI,2026-06-18,503.0,519.0,503.0,519.0,0,2026-06-22T18:43:59.926023+00:00
c1f00260-e7df-4c92-8785-e2fbd86e3c74,IDEA,2026-06-18,15.0,15.0,15.0,15.0,0,2026-06-22T18:43:59.926023+00:00
370439b3-620c-4900-8093-eec8eb8d872e,IDFCFIRSTB,2026-06-18,78.0,78.0,78.0,78.0,0,2026-06-22T18:43:59.926023+00:00
cc7c1847-7940-4d60-84a0-a5bd2feffd75,IEX,2026-06-18,124.0,125.0,124.0,124.0,0,2026-06-22T18:43:59.926023+00:00
0db9db56-ecbd-46b7-92d6-d98240574b94,IIFL,2026-06-18,531.0,531.0,520.0,520.0,0,2026-06-22T18:43:59.926023+00:00
d9ffdf77-c08c-4b12-8a52-e3b5ad9d205b,INDHOTEL,2026-06-18,700.0,707.0,700.0,707.0,0,2026-06-22T18:43:59.926023+00:00
38938ab7-3045-456a-845a-f158ab3ae47b,INDIANB,2026-06-18,883.0,885.0,700.0,881.0,0,2026-06-22T18:43:59.926023+00:00
657577b2-c418-4411-8b46-765c6d4b7b94,INDIGO,2026-06-18,4885.0,4955.0,4885.0,4955.0,0,2026-06-22T18:43:59.926023+00:00
9dc35f9b-e50e-4d01-875d-39a7de55f928,INDUSINDBK,2026-06-18,934.0,939.0,934.0,939.0,0,2026-06-22T18:43:59.926023+00:00
8ce19672-c005-4f1b-be6b-eff3c6bab843,INDUSTOWER,2026-06-18,413.0,415.0,412.0,414.0,0,2026-06-22T18:43:59.926023+00:00
3fb50ca0-8d1d-4273-899e-cf70e255df63,INFY,2026-06-18,1160.0,1160.0,1132.0,1132.0,0,2026-06-22T18:43:59.926023+00:00
98c34549-85a4-4067-a925-cd1aaa8f9f38,INOXWIND,2026-06-18,90.0,90.0,89.0,89.0,0,2026-06-22T18:43:59.926023+00:00
ab945559-2506-496f-a148-7d5505a3e999,IOC,2026-06-18,147.0,147.0,146.0,146.0,0,2026-06-22T18:43:59.926023+00:00
2b6f09c9-2405-40c6-8cdc-3f5a2ce47cd6,IRCTC,2026-06-18,520.0,525.0,520.0,524.0,0,2026-06-22T18:43:59.926023+00:00
981eda57-7520-4831-9ff6-92e9eeb4b663,IREDA,2026-06-18,127.0,128.0,127.0,128.0,0,2026-06-22T18:43:59.926023+00:00
3731aeb2-c721-41fe-8f0a-9375bd1aabcb,IRFC,2026-06-18,100.0,100.0,100.0,100.0,0,2026-06-22T18:43:59.926023+00:00
3c6fc433-d91b-40c2-8f69-f0ffbce2049c,ITC,2026-06-18,290.0,291.0,290.0,290.0,0,2026-06-22T18:43:59.926023+00:00
3816b8bd-11cc-41f4-9707-a15f648b135a,JINDALSTEL,2026-06-18,1135.0,1136.0,1129.0,1134.0,0,2026-06-22T18:43:59.926023+00:00
6a7cc844-4d4f-4633-a9c0-8043c6713bd7,JIOFIN,2026-06-18,244.0,245.0,243.0,245.0,0,2026-06-22T18:43:59.926023+00:00
aa908fd7-7b07-446d-a616-8dca0552f4e6,JSWENERGY,2026-06-18,563.0,578.0,563.0,575.0,0,2026-06-22T18:43:59.926023+00:00
3db70ed4-a520-4ce5-b979-07b47ae485dc,JSWSTEEL,2026-06-18,1287.0,1295.0,1287.0,1295.0,0,2026-06-22T18:43:59.926023+00:00
80d9ffa3-a919-4aca-9510-670b5395dbb4,JUBLFOOD,2026-06-18,422.0,423.0,421.0,423.0,0,2026-06-22T18:43:59.926023+00:00
147b4a61-4504-40d6-b53f-bfb3c7bb95a7,KALYANKJIL,2026-06-18,381.0,384.0,381.0,383.0,0,2026-06-22T18:43:59.926023+00:00
3e6d7b3f-0847-4abe-8fef-b52b77191246,KAYNES,2026-06-18,3239.0,3338.0,3239.0,3338.0,0,2026-06-22T18:43:59.926023+00:00
e1ee252b-18d1-44d1-b967-366ba3834491,KEI,2026-06-18,5647.0,5647.0,5604.0,5645.0,0,2026-06-22T18:43:59.926023+00:00
f7cb2fb8-f67a-4ef8-a25b-bffe5f3a90fc,KFINTECH,2026-06-18,896.0,911.0,896.0,910.0,0,2026-06-22T18:43:59.926023+00:00
67355efa-df2c-4403-9bfc-18ed5cf3c27f,KOTAKBANK,2026-06-18,403.0,403.0,402.0,402.0,0,2026-06-22T18:43:59.926023+00:00
8b428809-168c-4f32-8395-24097740c2dd,KPITTECH,2026-06-18,751.0,754.0,749.0,749.0,0,2026-06-22T18:43:59.926023+00:00
dc062a9c-fff8-4edf-a39c-5b78b6b79e5f,LAURUSLABS,2026-06-18,1370.0,1370.0,1360.0,1366.0,0,2026-06-22T18:43:59.926023+00:00
088350f0-bdcb-477c-ad6d-d5648592add8,LICHSGFIN,2026-06-18,550.0,552.0,550.0,550.0,0,2026-06-22T18:43:59.926023+00:00
2285f30b-df04-4c6c-a028-62da631a661b,LICI,2026-06-18,429.0,431.0,428.0,431.0,0,2026-06-22T18:43:59.926023+00:00
017811eb-9934-411c-856d-bc13ee89ea63,LODHA,2026-06-18,915.0,927.0,915.0,919.0,0,2026-06-22T18:43:59.926023+00:00
30d5fd62-70f4-4caf-b0cf-1083bf7e12ba,LT,2026-06-18,4234.0,4234.0,4189.0,4189.0,0,2026-06-22T18:43:59.926023+00:00
7ea7de64-a8a7-4cdd-a00b-558b5a8a85d5,LTF,2026-06-18,294.0,294.0,286.0,286.0,0,2026-06-22T18:43:59.926023+00:00
cade6149-8d51-4b38-9819-be8d878d0313,LTM,2026-06-18,4008.0,4008.0,3987.0,4000.0,0,2026-06-22T18:43:59.926023+00:00
3cc4b39d-c51a-42d4-b498-f055a2b20589,LUPIN,2026-06-18,2262.0,2324.0,2262.0,2324.0,0,2026-06-22T18:43:59.926023+00:00
b1515925-afba-4773-af23-56de277154d7,IGL,2026-06-18,171.0,171.0,170.0,170.0,0,2026-06-22T18:43:59.926023+00:00
3dd73c99-f769-40a6-a8af-c1fb92f2cade,M&M,2026-06-18,3117.0,3145.0,2262.0,3118.0,0,2026-06-22T18:43:59.926023+00:00
c3ca4b20-b8cb-43d6-853f-52b1a7588fa5,MANAPPURAM,2026-06-18,319.0,322.0,319.0,322.0,0,2026-06-22T18:43:59.926023+00:00
c2940208-6fa3-4142-8c49-06c627a0f762,MANKIND,2026-06-18,2383.0,2403.0,2383.0,2403.0,0,2026-06-22T18:43:59.926023+00:00
9cc4991e-75e5-4aef-b1f0-be946357e993,MARICO,2026-06-18,801.0,825.0,801.0,821.0,0,2026-06-22T18:43:59.926023+00:00
bd02cc7b-2829-4fdd-956e-6758db03f687,MARUTI,2026-06-18,13630.0,13630.0,13455.0,13485.0,0,2026-06-22T18:43:59.926023+00:00
589cc1ad-9150-43ad-91ac-2b2a7f84ebe4,MAXHEALTH,2026-06-18,1025.0,1082.0,1025.0,1082.0,0,2026-06-22T18:43:59.926023+00:00
010f53a7-a024-4622-9cc7-e7aaf7694e9b,MAZDOCK,2026-06-18,2538.0,2545.0,2530.0,2530.0,0,2026-06-22T18:43:59.926023+00:00
45f7e885-56d8-4170-8f6f-1ba3524648ec,MCX,2026-06-18,2834.0,2853.0,2821.0,2821.0,0,2026-06-22T18:43:59.926023+00:00
52e5fc5f-b273-46a1-bc19-291eef0fbea6,MFSL,2026-06-18,1632.0,1685.0,1632.0,1685.0,0,2026-06-22T18:43:59.926023+00:00
eb6b8108-ac93-453d-8cd6-2a07c7a52a8a,MOTHERSON,2026-06-18,145.0,145.0,143.0,144.0,0,2026-06-22T18:43:59.926023+00:00
f3cce434-1c32-4c65-81a0-8ae49c43b3be,MOTILALOFS,2026-06-18,947.0,958.0,947.0,950.0,0,2026-06-22T18:43:59.926023+00:00
00c4da49-607d-4a54-9e7a-897c76829abe,MPHASIS,2026-06-18,2328.0,2360.0,2328.0,2331.0,0,2026-06-22T18:43:59.926023+00:00
2a2ade57-b21a-4eab-afe4-290760e24a5c,MUTHOOTFIN,2026-06-18,3171.0,3184.0,3171.0,3171.0,0,2026-06-22T18:43:59.926023+00:00
6efd838c-0381-44c2-a84d-619ca6340af6,NATIONALUM,2026-06-18,369.0,369.0,365.0,367.0,0,2026-06-22T18:43:59.926023+00:00
f6739178-55d6-41ae-94a9-5184c4d0788e,NAUKRI,2026-06-18,1011.0,1011.0,1002.0,1002.0,0,2026-06-22T18:43:59.926023+00:00
a62a9e72-7e38-423c-b954-979215ef2cf6,NBCC,2026-06-18,110.0,112.0,110.0,110.0,0,2026-06-22T18:43:59.926023+00:00
8bffc889-8eac-43cf-939e-1e0a3a122a3f,NCC,2026-06-18,155.0,155.0,154.0,154.0,0,2026-06-22T18:43:59.926023+00:00
af5390ea-c8f4-4649-9c1b-d3bd5ceb7f07,NESTLEIND,2026-06-18,1406.0,1408.0,1397.0,1397.0,0,2026-06-22T18:43:59.926023+00:00
0586242e-6f92-492d-8e65-0c9f2e68fa89,NHPC,2026-06-18,75.0,76.0,75.0,76.0,0,2026-06-22T18:43:59.926023+00:00
98faf8c0-baf4-4ea6-9c03-c6046dc31068,NMDC,2026-06-18,89.0,89.0,76.0,88.0,0,2026-06-22T18:43:59.926023+00:00
d29222d4-ade4-4015-a7b0-f9c5b5069bdd,NTPC,2026-06-18,354.0,359.0,354.0,359.0,0,2026-06-22T18:43:59.926023+00:00
8eb4b4d9-4d82-4eff-87e8-d7138a7b2366,NUVAMA,2026-06-18,1753.0,1753.0,1728.0,1728.0,0,2026-06-22T18:43:59.926023+00:00
b9fc1055-9ee6-4499-b275-4669c57df7e4,NYKAA,2026-06-18,282.0,298.0,282.0,298.0,0,2026-06-22T18:43:59.926023+00:00
fa59d4f1-91f8-44b7-b0d5-fc9ad214c398,OBEROIRLTY,2026-06-18,1695.0,1704.0,1683.0,1694.0,0,2026-06-22T18:43:59.926023+00:00
b8be7c65-f20f-4477-8888-ac9543e4f0a0,OFSS,2026-06-18,9329.0,9401.0,9329.0,9401.0,0,2026-06-22T18:43:59.926023+00:00
b690e2fc-e51f-47b5-bf1b-2d051aa114c8,ONGC,2026-06-18,246.0,246.0,245.0,246.0,0,2026-06-22T18:43:59.926023+00:00
6eb2d25d-5b2f-4673-bef7-1f2c18fb4689,PAGEIND,2026-06-18,39280.0,40205.0,39280.0,40100.0,0,2026-06-22T18:43:59.926023+00:00
3d1a9145-e71f-4520-a6cf-3cac1ea9d098,PATANJALI,2026-06-18,418.0,426.0,418.0,425.0,0,2026-06-22T18:43:59.926023+00:00
747320bf-ff9f-4f00-a6da-cb0bcfcad56c,PAYTM,2026-06-18,1118.0,1118.0,1075.0,1103.0,0,2026-06-22T18:43:59.926023+00:00
ec678621-3e37-4f5b-b6c8-0bb922292fef,PERSISTENT,2026-06-18,5049.0,5049.0,4976.0,4980.0,0,2026-06-22T18:43:59.926023+00:00
939930fc-71d2-44cc-ad2c-504e8c370b26,PETRONET,2026-06-18,292.0,292.0,288.0,288.0,0,2026-06-22T18:43:59.926023+00:00
c6be347e-d4ce-462a-8063-98a61bbfdac7,PFC,2026-06-18,428.0,431.0,425.0,426.0,0,2026-06-22T18:43:59.926023+00:00
76256859-1980-4dd1-974a-7b4edf29cb10,PGEL,2026-06-18,545.0,562.0,431.0,562.0,0,2026-06-22T18:43:59.926023+00:00
3d7a5b80-276b-4900-a561-1a4d1b8ecd6c,PHOENIXLTD,2026-06-18,1888.0,1889.0,1851.0,1855.0,0,2026-06-22T18:43:59.926023+00:00
418005c0-b6b5-4103-a7e2-1304e05e880b,PIDILITIND,2026-06-18,1579.0,1582.0,1574.0,1582.0,0,2026-06-22T18:43:59.926023+00:00
556463d5-adf7-444c-aa3a-d1e76ed34bbb,PIIND,2026-06-18,2843.0,2846.0,2838.0,2843.0,0,2026-06-22T18:43:59.926023+00:00
b43abd88-db37-4e42-81ae-51fe5bcd0c65,PNB,2026-06-18,109.0,110.0,109.0,110.0,0,2026-06-22T18:43:59.926023+00:00
cbdf6e2b-cf67-4e9b-af6f-67ce099b1774,PNBHOUSING,2026-06-18,1013.0,1013.0,1000.0,1004.0,0,2026-06-22T18:43:59.926023+00:00
deb27528-f19c-4535-b51e-476438510f54,POLICYBZR,2026-06-18,1614.0,1617.0,1614.0,1617.0,0,2026-06-22T18:43:59.926023+00:00
eb695e6b-c12e-4dfa-b1a1-1b8cf27d15c8,POLYCAB,2026-06-18,9991.0,9991.0,9934.0,9963.0,0,2026-06-22T18:43:59.926023+00:00
7ee2a804-c3cb-4b9c-aea2-58b41889a97b,POWERGRID,2026-06-18,285.0,286.0,285.0,286.0,0,2026-06-22T18:43:59.926023+00:00
fbdfc30f-8cac-4428-937b-cb912966e0d1,PPLPHARMA,2026-06-18,165.0,165.0,160.0,160.0,0,2026-06-22T18:43:59.926023+00:00
b15df6ce-db3a-40d7-8862-34553a95e9fa,PRESTIGE,2026-06-18,1519.0,1530.0,1510.0,1530.0,0,2026-06-22T18:43:59.926023+00:00
64c99fd0-0b89-4549-ae7b-a0bf6cd15bd4,RBLBANK,2026-06-18,372.0,373.0,370.0,370.0,0,2026-06-22T18:43:59.926023+00:00
a9333dfd-d7dd-41f1-98ef-88dc1c72c80b,RECLTD,2026-06-18,360.0,360.0,354.0,359.0,0,2026-06-22T18:43:59.926023+00:00
92972812-4950-416c-bbc9-eae81e5cfb32,RELIANCE,2026-06-18,1327.0,1331.0,1327.0,1327.0,0,2026-06-22T18:43:59.926023+00:00
852b822c-9666-415e-b508-b52e1101de26,RVNL,2026-06-18,247.0,248.0,246.0,246.0,0,2026-06-22T18:43:59.926023+00:00
ffbc4fdc-521e-433a-943d-9769a68310da,SAIL,2026-06-18,183.0,183.0,181.0,182.0,0,2026-06-22T18:43:59.926023+00:00
393e587c-ae37-4556-b673-3ad7badc9343,SAMMAANCAP,2026-06-18,176.0,176.0,176.0,176.0,0,2026-06-22T18:43:59.926023+00:00
4e7171c7-aea0-41b4-b1eb-8330ebcbfdba,SBICARD,2026-06-18,627.0,629.0,624.0,625.0,0,2026-06-22T18:43:59.926023+00:00
cf39aa55-018c-41c1-9699-5aa0e076f573,SBILIFE,2026-06-18,1778.0,1808.0,1778.0,1808.0,0,2026-06-22T18:43:59.926023+00:00
8a14c2ab-19c0-42e4-bd69-14056b119e53,SBIN,2026-06-18,1025.0,1042.0,1025.0,1042.0,0,2026-06-22T18:43:59.926023+00:00
8b96627c-c366-44f0-84c0-083924da620e,SHREECEM,2026-06-18,25180.0,25255.0,24960.0,25225.0,0,2026-06-22T18:43:59.926023+00:00
d46dd2ea-a114-4f7b-b28c-fe2dc408dba5,SHRIRAMFIN,2026-06-18,1014.0,1014.0,1008.0,1008.0,0,2026-06-22T18:43:59.926023+00:00
5c46a0e3-b73e-405f-bc1d-dff2ba688b2d,SIEMENS,2026-06-18,3693.0,3749.0,3693.0,3749.0,0,2026-06-22T18:43:59.926023+00:00
de13921b-4013-44c5-942c-7c512f08c8ca,SOLARINDS,2026-06-18,17153.0,17771.0,17153.0,17755.0,0,2026-06-22T18:43:59.926023+00:00
fbdfba2a-4556-4bd5-afd7-3a834fdbc537,SONACOMS,2026-06-18,605.0,605.0,600.0,603.0,0,2026-06-22T18:43:59.926023+00:00
1214be6a-24bc-4210-90d1-90c7d7056b86,SRF,2026-06-18,2677.0,2704.0,2677.0,2704.0,0,2026-06-22T18:43:59.926023+00:00
d1f21b14-e6d8-484f-8787-a9f979b02295,SUNPHARMA,2026-06-18,1811.0,1820.0,1811.0,1820.0,0,2026-06-22T18:43:59.926023+00:00
0ef33e60-8b0c-4934-ac24-4d02ae3482bd,SUPREMEIND,2026-06-18,3512.0,3540.0,3512.0,3539.0,0,2026-06-22T18:43:59.926023+00:00
8709cf8e-9c03-4590-bb0f-83d9d1db4e33,SUZLON,2026-06-18,59.0,59.0,59.0,59.0,0,2026-06-22T18:43:59.926023+00:00
2b0ffdb8-5b62-4a07-9b22-91bc17edf363,SYNGENE,2026-06-18,447.0,447.0,447.0,447.0,0,2026-06-22T18:43:59.926023+00:00
41197467-b15f-4924-8a6c-d45b9ef34fa9,TATACONSUM,2026-06-18,1121.0,1123.0,1112.0,1112.0,0,2026-06-22T18:43:59.926023+00:00
f55f58a5-c093-4038-a674-97fdbf102ff1,TATAELXSI,2026-06-18,4094.0,4124.0,4090.0,4110.0,0,2026-06-22T18:43:59.926023+00:00
0a66c5c6-6238-4443-b670-d7c591d60a0e,TATAPOWER,2026-06-18,401.0,403.0,400.0,403.0,0,2026-06-22T18:43:59.926023+00:00
c6e7f8a6-fdc6-4081-bbe8-163e9ddc875e,TATASTEEL,2026-06-18,199.0,200.0,199.0,200.0,0,2026-06-22T18:43:59.926023+00:00
1d251dae-dc36-4f45-8da2-9ab22f49653a,TATATECH,2026-06-18,759.0,760.0,759.0,760.0,0,2026-06-22T18:43:59.926023+00:00
97360d30-c413-4c6c-bcf9-6248a6c3eadc,TCS,2026-06-18,2214.0,2223.0,2192.0,2204.0,0,2026-06-22T18:43:59.926023+00:00
ab8b0a1b-f766-4822-b348-ba53b54cf740,TECHM,2026-06-18,1465.0,1465.0,1439.0,1450.0,0,2026-06-22T18:43:59.926023+00:00
1fc455f5-cea7-4e3a-9351-c5b99de6b94e,TIINDIA,2026-06-18,3264.0,3267.0,3234.0,3258.0,0,2026-06-22T18:43:59.926023+00:00
b3f3e0f8-4b3d-4df0-845d-3de42bdb8da2,TITAN,2026-06-18,4386.0,4398.0,4352.0,4389.0,0,2026-06-22T18:43:59.926023+00:00
973b92f5-9212-404e-ab4a-73244065e4d8,TMPV,2026-06-18,361.0,364.0,361.0,364.0,0,2026-06-22T18:43:59.926023+00:00
518c0b91-ecd4-4c0c-9357-b0748a090383,TORNTPHARM,2026-06-18,4433.0,4441.0,4432.0,4441.0,0,2026-06-22T18:43:59.926023+00:00
8597f342-44ef-411b-9682-5421dd7882cb,TORNTPOWER,2026-06-18,1417.0,1452.0,1417.0,1444.0,0,2026-06-22T18:43:59.926023+00:00
e6369a8a-15f8-48b8-aba8-dace50ce3399,TRENT,2026-06-18,3099.0,3170.0,3099.0,3170.0,0,2026-06-22T18:43:59.926023+00:00
9a851a37-ecaf-430f-b754-463f0f1578f3,TVSMOTOR,2026-06-18,3452.0,3465.0,3452.0,3454.0,0,2026-06-22T18:43:59.926023+00:00
0e99c056-702d-45ee-a046-e7b641ad3235,ULTRACEMCO,2026-06-18,11347.0,11403.0,11290.0,11403.0,0,2026-06-22T18:43:59.926023+00:00
06b57ef0-f52e-48f3-b9b0-bcd347fbb407,UNIONBANK,2026-06-18,174.0,177.0,174.0,176.0,0,2026-06-22T18:43:59.926023+00:00
0067710f-2922-4350-8589-493e0c332f8a,UNITDSPR,2026-06-18,1304.0,1364.0,1304.0,1353.0,0,2026-06-22T18:43:59.926023+00:00
d3435d43-ecdf-45a7-a9d5-4f948e218b80,UNOMINDA,2026-06-18,1094.0,1100.0,1094.0,1099.0,0,2026-06-22T18:43:59.926023+00:00
e9538f1a-a649-4644-83e7-4ac1e85d771b,UPL,2026-06-18,612.0,612.0,610.0,611.0,0,2026-06-22T18:43:59.926023+00:00
b43931bc-e4f0-44fe-882c-5714e8203c5c,VBL,2026-06-18,550.0,550.0,543.0,543.0,0,2026-06-22T18:43:59.926023+00:00
b5041a43-e1a8-4709-9157-965b559c440f,VEDL,2026-06-18,307.0,307.0,305.0,306.0,0,2026-06-22T18:43:59.926023+00:00
f6095384-fa05-4f1e-9cd8-467f94be626c,VOLTAS,2026-06-18,1354.0,1369.0,1352.0,1358.0,0,2026-06-22T18:43:59.926023+00:00
e1145722-723a-414a-922e-fd6848457f3a,WIPRO,2026-06-18,185.0,185.0,182.0,183.0,0,2026-06-22T18:43:59.926023+00:00
313f8bdf-13a0-4511-9515-9ab6ff598233,YESBANK,2026-06-18,26.0,26.0,25.0,25.0,0,2026-06-22T18:43:59.926023+00:00
52afba80-45a2-4081-ae79-3cfc1d5025b2,ZYDUSLIFE,2026-06-18,1059.0,1073.0,1059.0,1073.0,0,2026-06-22T18:43:59.926023+00:00
5f914689-b759-4cd6-94e7-13865df658cf,ABCAPITAL,2026-06-19,372.0,376.0,372.0,373.0,0,2026-06-22T18:44:00.225706+00:00
09233d9a-b1d6-4c3d-a18b-623a45feab96,ADANIENT,2026-06-19,2967.0,3037.0,2959.0,3037.0,0,2026-06-22T18:44:00.225706+00:00
7e52423f-1f07-4b0e-961c-ae156fef3fda,ADANIPORTS,2026-06-19,1842.0,1843.0,1835.0,1840.0,0,2026-06-22T18:44:00.225706+00:00
f9a53391-c067-4355-905d-984508e9d901,ALKEM,2026-06-19,5380.0,5381.0,5350.0,5381.0,0,2026-06-22T18:44:00.225706+00:00
d2116032-124d-435f-b51c-f99b813328ef,AMBER,2026-06-19,8090.0,8090.0,7826.0,7956.0,0,2026-06-22T18:44:00.225706+00:00
fd2ed998-9f35-4cdb-8497-4fe4818edd66,AMBUJACEM,2026-06-19,427.0,427.0,424.0,425.0,0,2026-06-22T18:44:00.225706+00:00
da4e9f0d-df1c-4086-b2c2-af22ea7a9e8a,ANGELONE,2026-06-19,354.0,354.0,352.0,353.0,0,2026-06-22T18:44:00.225706+00:00
8d459b7c-64b7-4cac-b1fc-1357ac323a83,APOLLOHOSP,2026-06-19,8415.0,8449.0,8415.0,8446.0,0,2026-06-22T18:44:00.225706+00:00
b3a9d50c-1ea1-46bc-842f-722b3424f9bf,ASHOKLEY,2026-06-19,158.0,158.0,156.0,157.0,0,2026-06-22T18:44:00.225706+00:00
21a0668a-adf2-49a5-ae38-2c36ded650b9,ASIANPAINT,2026-06-19,2733.0,2736.0,2722.0,2736.0,0,2026-06-22T18:44:00.225706+00:00
6eb66e6d-b7eb-421e-b789-ef90fd3cd490,ASTRAL,2026-06-19,1566.0,1566.0,1540.0,1545.0,0,2026-06-22T18:44:00.225706+00:00
465c4cf4-8786-45c4-9d18-600f809abd91,AUBANK,2026-06-19,1027.0,1034.0,1026.0,1034.0,0,2026-06-22T18:44:00.225706+00:00
600186b2-5c01-4258-aa3d-ba9d92430954,AUROPHARMA,2026-06-19,1444.0,1499.0,1444.0,1499.0,0,2026-06-22T18:44:00.225706+00:00
8c3ba76f-48f9-465b-9cc9-710d5e518e7b,AXISBANK,2026-06-19,1360.0,1360.0,1354.0,1354.0,0,2026-06-22T18:44:00.225706+00:00
f6dab9f8-f4af-4581-adad-d8fed5e57b78,BAJAJFINSV,2026-06-19,1771.0,1773.0,1762.0,1773.0,0,2026-06-22T18:44:00.225706+00:00
cac60a8c-cc81-4dec-ab0d-c16740b700a5,BAJAJ_AUTO,2026-06-19,10045.0,10080.0,10020.0,10080.0,0,2026-06-22T18:44:00.225706+00:00
fd1ad01f-4d83-4eac-9f2b-71531867632a,BAJFINANCE,2026-06-19,957.0,968.0,956.0,963.0,0,2026-06-22T18:44:00.225706+00:00
63e449c0-85f9-4469-a147-ea3c16442eb5,BANDHANBNK,2026-06-19,214.0,214.0,208.0,209.0,0,2026-06-22T18:44:00.225706+00:00
9a8ba45d-74b6-4040-94cf-2f7c69b1eae0,BANKINDIA,2026-06-19,148.0,148.0,146.0,146.0,0,2026-06-22T18:44:00.225706+00:00
45be58fd-c19d-42a8-868a-765daf9720ca,BDL,2026-06-19,1321.0,1375.0,1320.0,1372.0,0,2026-06-22T18:44:00.225706+00:00
b21209e7-34b7-4be9-a019-41f71808e9c5,BEL,2026-06-19,429.0,430.0,427.0,427.0,0,2026-06-22T18:44:00.225706+00:00
3f041591-9b03-4f03-a34b-5c98371ebd2d,BHARATFORG,2026-06-19,2033.0,2044.0,2024.0,2036.0,0,2026-06-22T18:44:00.225706+00:00
cb606f0d-0ec0-42a2-ab2c-a5ee70e4b9f6,BHARTIARTL,2026-06-19,1875.0,1906.0,1875.0,1906.0,0,2026-06-22T18:44:00.225706+00:00
fe59e50c-c76e-449d-a2b0-e399e95944bf,BHEL,2026-06-19,407.0,422.0,407.0,415.0,0,2026-06-22T18:44:00.225706+00:00
4c157a42-f308-46a3-b9cc-9d3f8e3ac82c,BIOCON,2026-06-19,412.0,417.0,392.0,416.0,0,2026-06-22T18:44:00.225706+00:00
a5fddffc-8bd5-44de-9dee-e32be012ef35,BLUESTARCO,2026-06-19,1710.0,1710.0,1661.0,1661.0,0,2026-06-22T18:44:00.225706+00:00
e693a64a-b4aa-4c95-9b37-b98afb961617,BOSCHLTD,2026-06-19,39990.0,40265.0,39920.0,40265.0,0,2026-06-22T18:44:00.225706+00:00
80eeaf28-d73a-42eb-a78f-551e824e41f5,BPCL,2026-06-19,313.0,317.0,308.0,308.0,0,2026-06-22T18:44:00.225706+00:00
93cb723c-9cfd-4f99-bef1-47f253059b11,BRITANNIA,2026-06-19,5222.0,5222.0,5196.0,5196.0,0,2026-06-22T18:44:00.225706+00:00
1c01700e-eb12-406b-a36d-e96cb2b7175d,NMDC,2026-06-22,89.0,89.0,88.0,88.0,0,2026-06-22T18:44:00.509653+00:00
b57b8e8d-0ad7-4c97-a084-b2baf298b549,PETRONET,2026-06-22,289.0,289.0,287.0,287.0,0,2026-06-22T18:44:00.509653+00:00
356372fd-a9aa-4b62-b2a6-806dd5a95df6,PHOENIXLTD,2026-06-22,1885.0,1885.0,1868.0,1868.0,0,2026-06-22T18:44:00.509653+00:00
4a24f1f6-3930-4dd9-9977-f4b933a756ed,PIIND,2026-06-22,2812.0,2815.0,2804.0,2807.0,0,2026-06-22T18:44:00.509653+00:00
d135d9c3-ca56-444f-945e-c66052c4e2f6,PPLPHARMA,2026-06-22,160.0,160.0,160.0,160.0,0,2026-06-22T18:44:00.509653+00:00
2de99f15-0cbb-4ea8-a1ed-4794ec21268f,UPL,2026-06-22,611.0,611.0,608.0,608.0,0,2026-06-22T18:44:00.509653+00:00
a2b2aa5c-8cce-4d6b-954a-8eae577dd48f,TATAELXSI,2026-06-24,4096.0,4096.0,4032.0,4032.0,0,2026-06-24T10:15:40.953425+00:00
231767ab-1c46-45f5-acb6-6978fcaaf23c,MAXHEALTH,2026-06-23,1090.0,1096.0,1089.0,1089.0,0,2026-06-23T10:07:58.379321+00:00
332c4943-b840-4c5b-a9df-70645ce41e43,MAZDOCK,2026-06-23,2539.0,2539.0,2525.0,2525.0,0,2026-06-23T10:07:58.379321+00:00
f986baed-cad3-44f9-9949-4da51a8219c4,MFSL,2026-06-23,1687.0,1696.0,1680.0,1680.0,0,2026-06-23T10:07:58.379321+00:00
14906850-a3f1-4b8e-a800-a08eb78994ea,MOTHERSON,2026-06-23,146.0,146.0,142.0,142.0,0,2026-06-23T10:07:58.379321+00:00
0dcf2e87-3b74-44ec-9f03-7a7ad907175e,MOTILALOFS,2026-06-23,942.0,947.0,939.0,939.0,0,2026-06-23T10:07:58.379321+00:00
3b7cffc5-7194-4718-a200-5b1e03dbcbcd,MPHASIS,2026-06-23,2292.0,2292.0,2232.0,2232.0,0,2026-06-23T10:07:58.379321+00:00
6c287d18-3925-4751-8380-99ae1a78f2c9,MUTHOOTFIN,2026-06-23,3158.0,3162.0,3101.0,3104.0,0,2026-06-23T10:07:58.379321+00:00
c143ffc5-defd-4aec-85bc-cb846fe6e2b7,NATIONALUM,2026-06-23,378.0,378.0,351.0,351.0,0,2026-06-23T10:07:58.379321+00:00
94774963-b52e-4dff-b9af-2283d77fdf3e,NBCC,2026-06-23,111.0,111.0,109.0,109.0,0,2026-06-23T10:07:58.379321+00:00
577b1980-4727-4787-8b84-0e580b951cb8,NCC,2026-06-23,159.0,159.0,158.0,158.0,0,2026-06-23T10:07:58.379321+00:00
a7607401-ac39-4289-a742-923b40f90b2e,NHPC,2026-06-23,78.0,78.0,78.0,78.0,0,2026-06-23T10:07:58.379321+00:00
00b0c0ef-3818-42d8-b7bb-32ed52322cc4,NMDC,2026-06-23,88.0,88.0,84.0,85.0,0,2026-06-23T10:07:58.379321+00:00
d500cb52-23a6-4836-9e1d-9b656b39e795,NTPC,2026-06-23,368.0,368.0,364.0,364.0,0,2026-06-23T10:07:58.379321+00:00
5bdfbb21-456c-41ff-a7be-63bab2998b0a,NUVAMA,2026-06-23,1741.0,1756.0,1731.0,1736.0,0,2026-06-23T10:07:58.379321+00:00
3f5ba8f2-960c-4abb-b147-e3766331559c,NYKAA,2026-06-23,305.0,305.0,304.0,304.0,0,2026-06-23T10:07:58.379321+00:00
1ad79434-d194-4fec-bab5-04e19e3329ca,OBEROIRLTY,2026-06-23,1714.0,1734.0,1706.0,1711.0,0,2026-06-23T10:07:58.379321+00:00
e9b4cc13-13b2-4a7a-b301-cd9c09a3f58e,OFSS,2026-06-23,9813.0,9917.0,9745.0,9917.0,0,2026-06-23T10:07:58.379321+00:00
49604b83-4354-439e-ad44-868c8ccf88d1,ONGC,2026-06-23,246.0,246.0,244.0,244.0,0,2026-06-23T10:07:58.379321+00:00
ab3704f0-0896-4725-8d96-73c6506f5c74,PAGEIND,2026-06-23,39590.0,40020.0,39555.0,39950.0,0,2026-06-23T10:07:58.379321+00:00
eb75ae9c-29f8-4d15-b502-c0b800334801,PATANJALI,2026-06-23,418.0,418.0,418.0,418.0,0,2026-06-23T10:07:58.379321+00:00
388c50a0-7e2a-4198-9d6a-12a3e140c7a6,PAYTM,2026-06-23,1089.0,1099.0,1086.0,1091.0,0,2026-06-23T10:07:58.379321+00:00
8e73a034-4225-49a1-996d-54f95a772487,PERSISTENT,2026-06-23,4894.0,4895.0,4844.0,4869.0,0,2026-06-23T10:07:58.379321+00:00
2a6be751-df98-4a73-9d91-cb2a278a349c,PFC,2026-06-23,441.0,441.0,431.0,431.0,0,2026-06-23T10:07:58.379321+00:00
6d2753d1-0267-4568-9931-dc01a9478cb1,PGEL,2026-06-23,564.0,570.0,564.0,566.0,0,2026-06-23T10:07:58.379321+00:00
56a798bd-8379-4a60-a4d1-91c93d2dbd84,TATAPOWER,2026-06-24,398.0,398.0,393.0,393.0,0,2026-06-24T10:15:40.953425+00:00
7ca721b6-5a7e-4f62-9cbf-826e584d68f8,UNITDSPR,2026-06-24,1338.0,1356.0,1336.0,1356.0,0,2026-06-24T10:15:40.953425+00:00
9c03fcc0-bd75-468c-a326-af6182fd8b6c,DELHIVERY,2026-06-24,479.0,480.0,473.0,480.0,0,2026-06-24T10:15:40.953425+00:00
3a5b632c-3ce3-4fdc-a472-58be5c13a743,SUZLON,2026-06-24,58.0,59.0,58.0,58.0,0,2026-06-24T10:15:40.953425+00:00
444f7471-fb39-4932-8397-47aaac2e0429,SYNGENE,2026-06-24,439.0,441.0,437.0,441.0,0,2026-06-24T10:15:40.953425+00:00
1155acc4-0cb6-4e71-a162-dbb176eb5e7f,TATACONSUM,2026-06-24,1108.0,1108.0,1095.0,1098.0,0,2026-06-24T10:15:40.953425+00:00
c9aa4c10-7cf6-4cc4-b83d-512a0110b40d,BAJAJ_AUTO,2026-06-25,9816.0,9913.0,9816.0,9840.0,0,2026-06-25T10:05:37.921051+00:00
632993f7-a1e9-4510-88e8-73531892cf15,BAJFINANCE,2026-06-25,990.0,1001.0,980.0,997.0,0,2026-06-25T10:05:37.921051+00:00
3b1300b8-0057-4c70-97b2-40339c0f804e,BANDHANBNK,2026-06-25,209.0,209.0,202.0,203.0,0,2026-06-25T10:05:37.921051+00:00
42868538-d25d-48ba-93b9-797d6bfb664b,BANKBARODA,2026-06-25,279.0,280.0,278.0,280.0,0,2026-06-25T10:05:37.921051+00:00
08ab9b30-843b-4542-80c7-eb2fafddbebe,BANKINDIA,2026-06-25,145.0,145.0,144.0,145.0,0,2026-06-25T10:05:37.921051+00:00
9e10424b-b747-421f-bb33-33118a3b51f7,BDL,2026-06-25,1388.0,1391.0,1382.0,1391.0,0,2026-06-25T10:05:37.921051+00:00
935ab83c-f3e3-47c2-8565-0a65e1485fa5,BEL,2026-06-25,415.0,415.0,408.0,408.0,0,2026-06-25T10:05:37.921051+00:00
ef1fb1b9-e8d9-457b-a8a1-3a7ac952693b,SBIN,2026-07-06,1038.0,1047.0,1038.0,1040.0,0,2026-07-06T10:08:29.690131+00:00
e349ab78-60c9-4c39-811a-a104ce4de1e3,BIOCON,2026-06-30,416.0,418.0,415.0,418.0,0,2026-06-30T10:11:24.203026+00:00
0c7305cc-085c-402a-a987-cf908dd7b5f7,CHOLAFIN,2026-06-30,1775.0,1800.0,1775.0,1795.0,0,2026-06-30T10:11:24.203026+00:00
9e327d71-d017-4cad-821d-2844a855e5b3,IDEA,2026-06-30,14.0,15.0,14.0,15.0,0,2026-06-30T10:11:24.203026+00:00
ffee5365-0624-4e9b-9cce-968d4c54b43b,INDUSTOWER,2026-06-30,393.0,394.0,392.0,392.0,0,2026-06-30T10:11:24.203026+00:00
9d12a771-3a51-4821-ab8a-24374b958812,LTM,2026-07-02,3655.0,3686.0,3655.0,3686.0,0,2026-07-02T10:13:47.731181+00:00
c4ed6f62-0fa8-40df-9e1c-542fe35443e7,LUPIN,2026-07-02,2402.0,2402.0,2392.0,2400.0,0,2026-07-02T10:13:47.731181+00:00
e0f1fb29-71cd-4de1-b2f1-e7913c009e4d,MPHASIS,2026-07-02,2222.0,2237.0,2222.0,2237.0,0,2026-07-02T10:13:47.731181+00:00
86632c33-28cb-45a9-8c4f-134b62e4eaf4,DMART,2026-06-19,4338.0,4338.0,4290.0,4310.0,0,2026-06-22T18:44:00.225706+00:00
a555690f-28a3-4aa8-83c6-f9933f17a46e,DRREDDY,2026-06-19,1266.0,1266.0,1262.0,1266.0,0,2026-06-22T18:44:00.225706+00:00
a6cc88d5-c43a-4b63-95fa-44f7d5052e21,EICHERMOT,2026-06-19,7598.0,7649.0,7572.0,7649.0,0,2026-06-22T18:44:00.225706+00:00
7f1b10ee-c2d0-45d7-a572-cb15f325a19f,ETERNAL,2026-06-19,256.0,259.0,256.0,259.0,0,2026-06-22T18:44:00.225706+00:00
ffc1b4bd-428a-4b61-a746-333d174ebea4,EXIDEIND,2026-06-19,387.0,387.0,380.0,382.0,0,2026-06-22T18:44:00.225706+00:00
2876d653-21e2-4941-8ad5-de179d08db53,FEDERALBNK,2026-06-19,321.0,324.0,320.0,324.0,0,2026-06-22T18:44:00.225706+00:00
eaadbbff-3c4a-4e48-86c6-4922b1099515,FORTIS,2026-06-19,951.0,964.0,951.0,963.0,0,2026-06-22T18:44:00.225706+00:00
b5b7afc2-c59d-4b1c-9889-6a74250fd189,GAIL,2026-06-19,175.0,176.0,174.0,174.0,0,2026-06-22T18:44:00.225706+00:00
6db4e2be-c6d1-4962-9c9a-6660f5f22182,GLENMARK,2026-06-19,2139.0,2185.0,2139.0,2185.0,0,2026-06-22T18:44:00.225706+00:00
ff835906-4e59-4f31-8d58-6b9f81d6d6e0,GMRAIRPORT,2026-06-19,110.0,110.0,110.0,110.0,0,2026-06-22T18:44:00.225706+00:00
32bf4324-b864-4352-9f87-43666c89000f,GODFRYPHLP,2026-06-19,2272.0,2272.0,2242.0,2265.0,0,2026-06-22T18:44:00.225706+00:00
7ccee503-f03b-4eb4-b5d9-cde982a09da9,GODREJCP,2026-06-19,1010.0,1010.0,1000.0,1004.0,0,2026-06-22T18:44:00.225706+00:00
02feceb3-be61-4767-b972-dec218e02338,GODREJPROP,2026-06-19,1790.0,1797.0,1788.0,1797.0,0,2026-06-22T18:44:00.225706+00:00
b734bce6-6495-4044-83a6-13bdef499919,GRASIM,2026-06-19,3129.0,3158.0,3129.0,3158.0,0,2026-06-22T18:44:00.225706+00:00
3804d28e-bb52-4de0-882a-28aeeb5be92a,HAL,2026-06-19,4419.0,4421.0,4402.0,4407.0,0,2026-06-22T18:44:00.225706+00:00
7d6ce4e0-e1ee-42fb-bfe1-2e9f37154273,HAVELLS,2026-06-19,1195.0,1195.0,1182.0,1182.0,0,2026-06-22T18:44:00.225706+00:00
501d9331-ffd3-4de2-92ec-7f24c070336f,HCLTECH,2026-06-19,1102.0,1102.0,1102.0,1102.0,0,2026-06-22T18:44:00.225706+00:00
bb09c1aa-55aa-4e92-b32d-84ed0003feb5,HDFCAMC,2026-06-19,2730.0,2730.0,2700.0,2700.0,0,2026-06-22T18:44:00.225706+00:00
2d566c83-1d82-4ef7-ad4e-68b19940eb42,HDFCBANK,2026-06-19,782.0,782.0,777.0,778.0,0,2026-06-22T18:44:00.225706+00:00
be37e0aa-d282-4b90-b771-60d34678da1e,HDFCLIFE,2026-06-19,588.0,590.0,588.0,590.0,0,2026-06-22T18:44:00.225706+00:00
14e8b456-92b6-4dc0-9014-4d9557f6adcc,HEROMOTOCO,2026-06-19,5016.0,5016.0,4949.0,4972.0,0,2026-06-22T18:44:00.225706+00:00
6839848f-714c-4792-8ec0-745215fd428c,HFCL,2026-06-19,210.0,210.0,210.0,210.0,0,2026-06-22T18:44:00.225706+00:00
9fe9299d-1cfe-4c7d-9f92-2ffe39774ad7,HINDALCO,2026-06-19,1003.0,1014.0,1003.0,1014.0,0,2026-06-22T18:44:00.225706+00:00
4441b22e-19d6-43a1-bf7c-44cb1893fe7f,HINDPETRO,2026-06-19,398.0,398.0,393.0,394.0,0,2026-06-22T18:44:00.225706+00:00
67b947ac-8aed-462d-9e52-4d707b2a6f48,HINDUNILVR,2026-06-19,2198.0,2198.0,2196.0,2196.0,0,2026-06-22T18:44:00.225706+00:00
d411af63-48e2-42c2-a996-fb7dd201cabf,HINDZINC,2026-06-19,561.0,564.0,561.0,563.0,0,2026-06-22T18:44:00.225706+00:00
36ee3b55-41be-4b77-ba86-a852887ef82e,HUDCO,2026-06-19,212.0,214.0,210.0,210.0,0,2026-06-22T18:44:00.225706+00:00
146b04bb-6e07-4af3-8ce5-21f6bba5733f,ICICIBANK,2026-06-19,1342.0,1351.0,1342.0,1347.0,0,2026-06-22T18:44:00.225706+00:00
d9b25018-35d7-4889-ac00-a73e679cfdd0,ICICIGI,2026-06-19,1825.0,1877.0,1825.0,1877.0,0,2026-06-22T18:44:00.225706+00:00
9273ebd8-98b5-439d-9757-7f135479b705,ICICIPRULI,2026-06-19,519.0,519.0,516.0,516.0,0,2026-06-22T18:44:00.225706+00:00
49bc8914-7911-49e0-aa0d-b02911196e3f,IDEA,2026-06-19,15.0,15.0,15.0,15.0,0,2026-06-22T18:44:00.225706+00:00
56e5215e-2130-4d86-a3e8-67976ab1d443,IDFCFIRSTB,2026-06-19,78.0,79.0,78.0,79.0,0,2026-06-22T18:44:00.225706+00:00
9f0e584c-5010-41df-bb87-fddaf91df9fc,IEX,2026-06-19,124.0,124.0,123.0,123.0,0,2026-06-22T18:44:00.225706+00:00
335ae914-3071-4292-85ab-8a94236024af,IGL,2026-06-19,170.0,170.0,169.0,169.0,0,2026-06-22T18:44:00.225706+00:00
62befe4a-afd4-414d-aeb0-20dd803b8c4d,IIFL,2026-06-19,520.0,537.0,520.0,537.0,0,2026-06-22T18:44:00.225706+00:00
d4749508-5ce1-4907-a4f8-d949ec488b0f,INDHOTEL,2026-06-19,707.0,728.0,707.0,721.0,0,2026-06-22T18:44:00.225706+00:00
cc4c7798-75c4-4f21-ba93-b2efcc2baab7,INDIANB,2026-06-19,881.0,881.0,868.0,870.0,0,2026-06-22T18:44:00.225706+00:00
9909699b-3291-493d-adbe-cf5947929649,INDIGO,2026-06-19,4986.0,5030.0,4978.0,5030.0,0,2026-06-22T18:44:00.225706+00:00
a8fade4b-db66-415f-99f7-2931e01e60d3,INDUSINDBK,2026-06-19,934.0,943.0,934.0,943.0,0,2026-06-22T18:44:00.225706+00:00
e5805579-224e-49e9-ae31-453710c722ca,INDUSTOWER,2026-06-19,414.0,414.0,413.0,413.0,0,2026-06-22T18:44:00.225706+00:00
e12d8fac-6659-4144-bc3a-5a87ec28939d,INFY,2026-06-19,1132.0,1132.0,1041.0,1042.0,0,2026-06-22T18:44:00.225706+00:00
55394c53-73f8-4f17-876c-72f2f0050c06,INOXWIND,2026-06-19,89.0,91.0,89.0,91.0,0,2026-06-22T18:44:00.225706+00:00
a6b67985-2e4f-4f8c-acf1-06a93e685d41,IOC,2026-06-19,146.0,146.0,143.0,143.0,0,2026-06-22T18:44:00.225706+00:00
5c51049a-07ed-4333-bb1e-2c5c56ea2b51,IRCTC,2026-06-19,521.0,521.0,520.0,521.0,0,2026-06-22T18:44:00.225706+00:00
bdb036df-d064-47a2-8119-6f689b5daabf,IREDA,2026-06-19,127.0,128.0,127.0,128.0,0,2026-06-22T18:44:00.225706+00:00
800f6907-a776-48d2-8fa9-18bd63ebf500,IRFC,2026-06-19,100.0,100.0,100.0,100.0,0,2026-06-22T18:44:00.225706+00:00
23b2aa2b-98fe-47d7-bb6a-e462083befd2,ITC,2026-06-19,290.0,293.0,289.0,293.0,0,2026-06-22T18:44:00.225706+00:00
705f2c2b-f353-421b-814d-f91368c4ac49,JINDALSTEL,2026-06-19,1126.0,1138.0,1126.0,1138.0,0,2026-06-22T18:44:00.225706+00:00
7e92fdec-23d8-4dcc-8276-3f3c2d276a72,JIOFIN,2026-06-19,244.0,246.0,243.0,243.0,0,2026-06-22T18:44:00.225706+00:00
00fc1b87-ee9e-4afb-8625-067104ec4800,JSWENERGY,2026-06-19,575.0,578.0,573.0,573.0,0,2026-06-22T18:44:00.225706+00:00
7824242a-84d3-4eda-9b7e-3fac7f592034,JSWSTEEL,2026-06-19,1288.0,1295.0,1285.0,1295.0,0,2026-06-22T18:44:00.225706+00:00
9fe40d21-a579-4b30-b926-358daca6585d,JUBLFOOD,2026-06-19,418.0,421.0,417.0,419.0,0,2026-06-22T18:44:00.225706+00:00
70237933-c33e-4584-bfee-4e3b7d4cf64e,KALYANKJIL,2026-06-19,377.0,384.0,377.0,384.0,0,2026-06-22T18:44:00.225706+00:00
53eebf00-473d-402e-83f0-6b21781bb7d9,KAYNES,2026-06-19,3321.0,3330.0,3321.0,3324.0,0,2026-06-22T18:44:00.225706+00:00
143c59d4-a7a0-488a-869e-26aa97cd2272,KEI,2026-06-19,5583.0,5583.0,5525.0,5525.0,0,2026-06-22T18:44:00.225706+00:00
b9d1e7fa-f0f4-4492-a86d-3cb4d9fdfd1e,KFINTECH,2026-06-19,910.0,919.0,910.0,919.0,0,2026-06-22T18:44:00.225706+00:00
bc4c72e4-6d65-49f2-acbd-dffe96dc161f,KOTAKBANK,2026-06-19,401.0,407.0,399.0,399.0,0,2026-06-22T18:44:00.225706+00:00
84884bf4-0b2a-458b-ba17-e485aa1d841a,KPITTECH,2026-06-19,749.0,749.0,733.0,733.0,0,2026-06-22T18:44:00.225706+00:00
a488f7ce-d8db-48b9-a10c-cbbd868f1fe8,LAURUSLABS,2026-06-19,1366.0,1420.0,1366.0,1420.0,0,2026-06-22T18:44:00.225706+00:00
0c7e922e-d9c1-43b0-ac77-457dcc3d8d25,LICHSGFIN,2026-06-19,547.0,553.0,547.0,548.0,0,2026-06-22T18:44:00.225706+00:00
fc6d2e4b-07af-4b28-b0c3-6479a530aad2,LICI,2026-06-19,435.0,444.0,435.0,443.0,0,2026-06-22T18:44:00.225706+00:00
6182ed55-12f6-48e7-99a9-07ecf0d42a09,LODHA,2026-06-19,912.0,920.0,910.0,919.0,0,2026-06-22T18:44:00.225706+00:00
1a02b2ca-92ed-4934-8423-fd1a72ba5f60,LT,2026-06-19,4189.0,4209.0,4175.0,4209.0,0,2026-06-22T18:44:00.225706+00:00
1a0abbe4-efd5-4b38-9722-4815a23d8270,LTF,2026-06-19,287.0,295.0,285.0,285.0,0,2026-06-22T18:44:00.225706+00:00
55262151-9676-49af-bfdd-7cd9aaf05053,LTM,2026-06-19,3790.0,3790.0,3790.0,3790.0,0,2026-06-22T18:44:00.225706+00:00
cc99bbfc-8e05-4968-b957-fd3cbc141840,LUPIN,2026-06-19,2324.0,2352.0,2324.0,2352.0,0,2026-06-22T18:44:00.225706+00:00
b7a3daaa-362d-4d57-a2ff-dcb2251a69d8,M&M,2026-06-19,3118.0,3118.0,3078.0,3086.0,0,2026-06-22T18:44:00.225706+00:00
c939cc92-5357-4262-8890-8da423715b18,MANAPPURAM,2026-06-19,315.0,319.0,315.0,319.0,0,2026-06-22T18:44:00.225706+00:00
44f3a821-b1d2-4e54-b638-34fab9d75b8f,MANKIND,2026-06-19,2403.0,2419.0,2399.0,2419.0,0,2026-06-22T18:44:00.225706+00:00
4d9491e8-2b1b-4c8a-bf91-b8534672bed5,MARICO,2026-06-19,821.0,823.0,811.0,811.0,0,2026-06-22T18:44:00.225706+00:00
d9c21a38-a0c7-44c5-8667-f1700c8a0a1d,MARUTI,2026-06-19,13485.0,13485.0,13386.0,13421.0,0,2026-06-22T18:44:00.225706+00:00
c23420c0-5226-4707-8404-c2b6ca4d4a88,MAXHEALTH,2026-06-19,1082.0,1097.0,1082.0,1097.0,0,2026-06-22T18:44:00.225706+00:00
89265283-87d4-47b4-971f-9c9ac139f7ae,MAZDOCK,2026-06-19,2530.0,2534.0,2522.0,2523.0,0,2026-06-22T18:44:00.225706+00:00
bd8cc718-6095-40ec-b88b-c534ebac4c45,MCX,2026-06-19,2821.0,2821.0,2775.0,2788.0,0,2026-06-22T18:44:00.225706+00:00
dbf0bce2-9d46-48a0-9fce-c75b7ba57f8f,MFSL,2026-06-19,1685.0,1685.0,1652.0,1652.0,0,2026-06-22T18:44:00.225706+00:00
5bdc01ab-78cd-4059-9093-fbdfdacccfc9,MOTHERSON,2026-06-19,144.0,144.0,143.0,144.0,0,2026-06-22T18:44:00.225706+00:00
88523269-d0b9-4280-bc04-fe67621aed64,MOTILALOFS,2026-06-19,955.0,956.0,944.0,955.0,0,2026-06-22T18:44:00.225706+00:00
7f787e03-7408-4428-b959-f9025a9c3377,MPHASIS,2026-06-19,2331.0,2331.0,2210.0,2210.0,0,2026-06-22T18:44:00.225706+00:00
c6deda68-6bcf-46db-94af-4447317f839d,MUTHOOTFIN,2026-06-19,3090.0,3111.0,3090.0,3111.0,0,2026-06-22T18:44:00.225706+00:00
cb2df059-0021-4279-a8e7-57d3384d9298,NATIONALUM,2026-06-19,367.0,374.0,367.0,374.0,0,2026-06-22T18:44:00.225706+00:00
89fbaa4e-c6dc-44bb-b19c-6245fa8b134b,NAUKRI,2026-06-19,961.0,979.0,961.0,979.0,0,2026-06-22T18:44:00.225706+00:00
acb8a113-b0f6-410d-8843-5d6b359c3176,NBCC,2026-06-19,110.0,112.0,110.0,112.0,0,2026-06-22T18:44:00.225706+00:00
ebfc3694-be69-4163-a706-b76b509204d8,NCC,2026-06-19,154.0,158.0,154.0,156.0,0,2026-06-22T18:44:00.225706+00:00
6628a712-6a7b-4733-832a-5a27ecfa37bb,NESTLEIND,2026-06-19,1397.0,1409.0,1397.0,1408.0,0,2026-06-22T18:44:00.225706+00:00
b7f1cc6d-bfa6-4514-baff-bc00152619a4,NHPC,2026-06-19,76.0,76.0,75.0,76.0,0,2026-06-22T18:44:00.225706+00:00
93c69251-9ef4-49d4-9f85-a83da033e56f,NMDC,2026-06-19,88.0,89.0,76.0,89.0,0,2026-06-22T18:44:00.225706+00:00
cc48e4e9-5249-4104-9250-ce62532dc1c7,NTPC,2026-06-19,366.0,367.0,352.0,367.0,0,2026-06-22T18:44:00.225706+00:00
29f83a45-2fab-4a4c-bcda-7caeb1fda2e0,NUVAMA,2026-06-19,1732.0,1739.0,1718.0,1739.0,0,2026-06-22T18:44:00.225706+00:00
9fcc2b23-55ca-4fc4-964f-6ab43ce24548,NYKAA,2026-06-19,298.0,302.0,298.0,302.0,0,2026-06-22T18:44:00.225706+00:00
d47d292d-4d9e-418a-bec1-fc03866b96ee,OBEROIRLTY,2026-06-19,1694.0,1696.0,1669.0,1676.0,0,2026-06-22T18:44:00.225706+00:00
14e43f3f-f027-4e2f-a225-b35d51598f63,OFSS,2026-06-19,9287.0,9497.0,9287.0,9497.0,0,2026-06-22T18:44:00.225706+00:00
84005e50-45e5-4231-bc85-941122eb07fa,ONGC,2026-06-19,246.0,246.0,244.0,245.0,0,2026-06-22T18:44:00.225706+00:00
52ac2e40-53b8-47d6-9822-941c4a3bda0c,PAGEIND,2026-06-19,40165.0,40165.0,40000.0,40095.0,0,2026-06-22T18:44:00.225706+00:00
8dcf25f6-0950-4986-b0dd-0902cca75e66,PATANJALI,2026-06-19,425.0,425.0,421.0,421.0,0,2026-06-22T18:44:00.225706+00:00
079d1744-af0a-4af7-b6fe-0a2254735db0,PAYTM,2026-06-19,1103.0,1103.0,1090.0,1091.0,0,2026-06-22T18:44:00.225706+00:00
02a8a95a-9c94-436c-8a94-165cdd919c8c,PERSISTENT,2026-06-19,4980.0,4980.0,4690.0,4714.0,0,2026-06-22T18:44:00.225706+00:00
651f003e-76d6-470e-9d3b-83f171eee59a,PETRONET,2026-06-19,288.0,291.0,288.0,289.0,0,2026-06-22T18:44:00.225706+00:00
c9edbecb-b750-4127-ac03-33309d606f80,PFC,2026-06-19,432.0,432.0,429.0,430.0,0,2026-06-22T18:44:00.225706+00:00
6bbefd16-1f66-4600-a99b-57cd6cec3460,PGEL,2026-06-19,562.0,564.0,562.0,564.0,0,2026-06-22T18:44:00.225706+00:00
34438efa-493c-483d-9dee-496a43e26867,PHOENIXLTD,2026-06-19,1878.0,1889.0,1878.0,1885.0,0,2026-06-22T18:44:00.225706+00:00
a0197ac5-48cd-44a0-b9a9-edf19c701220,PIDILITIND,2026-06-19,1577.0,1580.0,1575.0,1577.0,0,2026-06-22T18:44:00.225706+00:00
4b8dd980-e2bb-4f5a-9fe0-2fc2bc32575f,PIIND,2026-06-19,2832.0,2832.0,2794.0,2812.0,0,2026-06-22T18:44:00.225706+00:00
597cbaf3-3122-4aa5-9a12-eeb5867ace58,PNB,2026-06-19,110.0,110.0,109.0,109.0,0,2026-06-22T18:44:00.225706+00:00
bc6fe606-2e75-4769-a9eb-bcd1e2408f17,PNBHOUSING,2026-06-19,998.0,1005.0,995.0,1004.0,0,2026-06-22T18:44:00.225706+00:00
4e8ddd67-82e8-45b8-a134-94807813b90c,POLICYBZR,2026-06-19,1617.0,1625.0,1616.0,1625.0,0,2026-06-22T18:44:00.225706+00:00
75dcb32b-4852-48d7-976f-a75f896f2566,POLYCAB,2026-06-19,9963.0,9966.0,9877.0,9966.0,0,2026-06-22T18:44:00.225706+00:00
777a778e-20af-4bc3-9d69-993b878c970b,POWERGRID,2026-06-19,286.0,293.0,286.0,293.0,0,2026-06-22T18:44:00.225706+00:00
c62e2cdb-7e54-4228-9eba-187fa4eb0dec,PPLPHARMA,2026-06-19,161.0,161.0,160.0,160.0,0,2026-06-22T18:44:00.225706+00:00
c9448eda-aeba-4658-931f-c02ac6ea2cdc,PRESTIGE,2026-06-19,1483.0,1486.0,1483.0,1483.0,0,2026-06-22T18:44:00.225706+00:00
922a7785-0f22-4e4d-a6ef-fda68d9916f0,RBLBANK,2026-06-19,370.0,376.0,370.0,376.0,0,2026-06-22T18:44:00.225706+00:00
6bc4cfe9-f465-45b8-ba8a-dc87089ed489,RECLTD,2026-06-19,359.0,359.0,355.0,355.0,0,2026-06-22T18:44:00.225706+00:00
9ece5685-6abc-42b3-83a3-c58c11757e07,RELIANCE,2026-06-19,1333.0,1333.0,1308.0,1308.0,0,2026-06-22T18:44:00.225706+00:00
cef1ea52-31fe-4b8d-b821-8cdb8bc0a66f,RVNL,2026-06-19,246.0,248.0,244.0,244.0,0,2026-06-22T18:44:00.225706+00:00
ac140c8c-dd4f-4e21-8f96-bdacec6f4494,SAIL,2026-06-19,181.0,183.0,179.0,180.0,0,2026-06-22T18:44:00.225706+00:00
cb0e82d1-1823-4212-97e7-46b87e52365e,SAMMAANCAP,2026-06-19,174.0,178.0,174.0,175.0,0,2026-06-22T18:44:00.225706+00:00
33c42846-7bc9-4e79-bc6d-574a0b957c42,SBICARD,2026-06-19,625.0,625.0,614.0,617.0,0,2026-06-22T18:44:00.225706+00:00
52c82cf1-6dd3-4927-827d-a13b97ff0b2f,SBILIFE,2026-06-19,1808.0,1811.0,1800.0,1800.0,0,2026-06-22T18:44:00.225706+00:00
ec96fbbc-8a7b-4411-ad99-2ec31dd2c2fd,SBIN,2026-06-19,1042.0,1042.0,1033.0,1036.0,0,2026-06-22T18:44:00.225706+00:00
e5a87874-31b2-409b-9ca5-cf1a25b440f9,SHREECEM,2026-06-19,25225.0,25285.0,25100.0,25100.0,0,2026-06-22T18:44:00.225706+00:00
7bed7328-1cb7-45a6-a86c-4f76c5eaf2c5,SHRIRAMFIN,2026-06-19,1002.0,1004.0,1000.0,1003.0,0,2026-06-22T18:44:00.225706+00:00
6a08874f-85b9-497a-82f0-8caa06fc84a4,SIEMENS,2026-06-19,3749.0,3758.0,3749.0,3758.0,0,2026-06-22T18:44:00.225706+00:00
7cc4cd7d-68f8-49b5-9214-11ff4cd03552,SOLARINDS,2026-06-19,17755.0,18238.0,17755.0,18173.0,0,2026-06-22T18:44:00.225706+00:00
211bfea1-8fda-4158-b53f-349fd8c64a1f,SONACOMS,2026-06-19,606.0,614.0,604.0,614.0,0,2026-06-22T18:44:00.225706+00:00
192599fa-463b-4c35-9eb1-2979cb55eb9d,SRF,2026-06-19,2701.0,2715.0,2701.0,2715.0,0,2026-06-22T18:44:00.225706+00:00
c1ab8129-897d-44cf-ae99-431f1a6a6599,JUBLFOOD,2026-06-23,436.0,436.0,434.0,434.0,0,2026-06-23T10:07:58.379321+00:00
d97e0dc8-d971-4f3c-af51-dc2a072c87af,KALYANKJIL,2026-06-23,383.0,383.0,378.0,378.0,0,2026-06-23T10:07:58.379321+00:00
3b37fe84-a1cd-4050-9718-4eb8faf9537d,MANKIND,2026-06-23,2431.0,2580.0,2431.0,2564.0,0,2026-06-23T10:07:58.379321+00:00
9e9c1df8-c34b-4c38-8e8d-55ec9aab16df,RBLBANK,2026-06-24,370.0,374.0,370.0,374.0,0,2026-06-24T10:15:40.953425+00:00
7f353cff-ed59-43a6-8f76-da997d002057,RECLTD,2026-06-24,364.0,364.0,363.0,363.0,0,2026-06-24T10:15:40.953425+00:00
11e957c0-6d2e-4379-9281-5d0b2391fe8c,RELIANCE,2026-06-24,1315.0,1315.0,1309.0,1310.0,0,2026-06-24T10:15:40.953425+00:00
ca8bbe07-68ae-4017-bb83-a6027dfb9962,RVNL,2026-06-24,239.0,239.0,238.0,238.0,0,2026-06-24T10:15:40.953425+00:00
64b31770-d70b-4471-9843-9c702b58a1c5,MARICO,2026-06-23,811.0,817.0,811.0,817.0,0,2026-06-23T10:07:58.379321+00:00
fc02dd60-6564-4b05-8b79-08f49f5b737e,MARUTI,2026-06-23,13440.0,13440.0,13354.0,13375.0,0,2026-06-23T10:07:58.379321+00:00
880b6d3a-0cbf-410d-ad49-8f6a982f5f0f,PHOENIXLTD,2026-06-23,1891.0,1891.0,1863.0,1863.0,0,2026-06-23T10:07:58.379321+00:00
352ad887-d14b-403c-a16f-121b5f15ab78,SUNPHARMA,2026-06-19,1820.0,1841.0,1820.0,1841.0,0,2026-06-22T18:44:00.225706+00:00
bba3843c-bd83-4ab8-a609-4ec5e3298aa4,SUPREMEIND,2026-06-19,3483.0,3516.0,3483.0,3516.0,0,2026-06-22T18:44:00.225706+00:00
cd979007-cdcd-4003-b9ff-77e66f3e195d,SUZLON,2026-06-19,59.0,59.0,59.0,59.0,0,2026-06-22T18:44:00.225706+00:00
2d628677-125b-4214-acb8-de8e5b7f82ec,SYNGENE,2026-06-19,442.0,442.0,438.0,440.0,0,2026-06-22T18:44:00.225706+00:00
970c0dcd-6916-44a8-9564-d42946010354,TATACONSUM,2026-06-19,1112.0,1113.0,1105.0,1113.0,0,2026-06-22T18:44:00.225706+00:00
1c338433-c0a7-48ee-a7d9-eb1d102bcbe6,TATAELXSI,2026-06-19,3966.0,3990.0,3966.0,3990.0,0,2026-06-22T18:44:00.225706+00:00
8897ccef-7a1f-4d5e-aadd-7692e61d230f,TATAPOWER,2026-06-19,402.0,403.0,400.0,403.0,0,2026-06-22T18:44:00.225706+00:00
69047d5e-c7f8-4aa2-a850-456e8fa821fd,TATASTEEL,2026-06-19,199.0,199.0,198.0,198.0,0,2026-06-22T18:44:00.225706+00:00
9fd49762-2fa0-4728-965c-f455cdd8ecce,TATATECH,2026-06-19,760.0,760.0,742.0,744.0,0,2026-06-22T18:44:00.225706+00:00
3eaf6a92-b773-4602-a7f9-c4d5a5546573,TCS,2026-06-19,2069.0,2069.0,2069.0,2069.0,0,2026-06-22T18:44:00.225706+00:00
b141a9cd-6b47-4e15-80f3-79e0a1449da9,TECHM,2026-06-19,1365.0,1381.0,1365.0,1381.0,0,2026-06-22T18:44:00.225706+00:00
06d0922f-dde1-4871-a1d5-c877c6b8ea17,TIINDIA,2026-06-19,3258.0,3296.0,3258.0,3290.0,0,2026-06-22T18:44:00.225706+00:00
439387ee-902f-4224-9ef3-82b4173c7dcc,TITAN,2026-06-19,4389.0,4429.0,4389.0,4411.0,0,2026-06-22T18:44:00.225706+00:00
0268c2db-3b60-4fb0-a655-7b7d802f8f2f,TMPV,2026-06-19,364.0,364.0,357.0,358.0,0,2026-06-22T18:44:00.225706+00:00
1a7c7fe2-b32f-4afd-ba53-2eb68cf88518,TORNTPHARM,2026-06-19,4441.0,4447.0,4434.0,4437.0,0,2026-06-22T18:44:00.225706+00:00
41f651e7-e92d-4d2b-b574-2e7503059f56,TORNTPOWER,2026-06-19,1444.0,1444.0,1433.0,1434.0,0,2026-06-22T18:44:00.225706+00:00
79228bfd-fa2a-4fed-8a4e-3570aa3e0256,TVSMOTOR,2026-06-19,3454.0,3458.0,3425.0,3437.0,0,2026-06-22T18:44:00.225706+00:00
a815b741-4176-4f3c-81d5-9ca8ebb77689,ULTRACEMCO,2026-06-19,11403.0,11438.0,11336.0,11364.0,0,2026-06-22T18:44:00.225706+00:00
5c188dde-e34e-4765-9ace-3348e2b52add,UNIONBANK,2026-06-19,176.0,176.0,175.0,176.0,0,2026-06-22T18:44:00.225706+00:00
61e8c1ab-ec07-420a-a0f3-367d872d8668,UNITDSPR,2026-06-19,1353.0,1353.0,1322.0,1322.0,0,2026-06-22T18:44:00.225706+00:00
8b60ae55-4846-44a2-b815-951722d099bf,UNOMINDA,2026-06-19,1099.0,1105.0,1096.0,1105.0,0,2026-06-22T18:44:00.225706+00:00
8b331214-a4af-4a91-b270-391ddc47836e,UPL,2026-06-19,605.0,610.0,605.0,605.0,0,2026-06-22T18:44:00.225706+00:00
c21bf1bc-6aa9-4e2d-8851-e2d3c4045a07,VBL,2026-06-19,543.0,543.0,528.0,528.0,0,2026-06-22T18:44:00.225706+00:00
cc5f6ee8-a6c2-4133-99cb-59b24ffe3e92,VEDL,2026-06-19,302.0,303.0,300.0,301.0,0,2026-06-22T18:44:00.225706+00:00
a873bd89-a0bb-4793-b5d5-00c95c57d6fe,SRF,2026-06-23,2717.0,2768.0,2717.0,2768.0,0,2026-06-23T10:07:58.379321+00:00
0c6873be-39c4-4eb2-bd87-330deed2f518,SUPREMEIND,2026-06-23,3587.0,3608.0,3554.0,3554.0,0,2026-06-23T10:07:58.379321+00:00
c1be781e-242e-407f-8ef9-729d014fbbfa,TATACONSUM,2026-06-23,1112.0,1125.0,1106.0,1106.0,0,2026-06-23T10:07:58.379321+00:00
4b3d1d02-7b51-4c6e-86f9-7fa94cbf5fcf,TATAELXSI,2026-06-23,4096.0,4096.0,4096.0,4096.0,0,2026-06-23T10:07:58.379321+00:00
2e6e6b59-384b-4855-8d92-33ddc360a322,UPL,2026-06-23,608.0,612.0,605.0,605.0,0,2026-06-23T10:07:58.379321+00:00
8c848031-9b6e-422e-86af-c5107f224945,PPLPHARMA,2026-06-29,168.0,169.0,167.0,167.0,0,2026-06-29T10:15:54.596953+00:00
0dc3d5ab-dba1-4db6-b971-c76b5d7d291e,LUPIN,2026-06-30,2410.0,2425.0,2402.0,2420.0,0,2026-06-30T10:11:24.203026+00:00
c266a127-3f4a-4768-9166-e19a717cd120,SAIL,2026-06-24,169.0,169.0,166.0,169.0,0,2026-06-24T10:15:40.953425+00:00
22c826c7-03bd-4b0a-ae1f-6d2b06310d60,TATASTEEL,2026-06-24,193.0,193.0,190.0,190.0,0,2026-06-24T10:15:40.953425+00:00
c5c734c4-cfcf-425a-b414-261cf7ccb11c,TATATECH,2026-06-24,760.0,760.0,741.0,748.0,0,2026-06-24T10:15:40.953425+00:00
f4b9c7e1-9565-44f9-960f-e05db3aca63d,TCS,2026-06-24,2067.0,2113.0,2067.0,2113.0,0,2026-06-24T10:15:40.953425+00:00
23eafd28-99d0-403e-bcf1-3d68baebfcf2,MUTHOOTFIN,2026-07-02,2955.0,2988.0,2955.0,2979.0,0,2026-07-02T10:13:47.731181+00:00
a0534fe1-8093-4259-9132-2738c9b87254,NAUKRI,2026-07-02,1027.0,1032.0,1027.0,1032.0,0,2026-07-02T10:13:47.731181+00:00
790bd434-18b4-4c94-8c5c-a4c9f684c765,VOLTAS,2026-06-19,1344.0,1359.0,1344.0,1346.0,0,2026-06-22T18:44:00.225706+00:00
58f93b50-3868-4eab-907a-336b30127456,WIPRO,2026-06-19,176.0,178.0,176.0,178.0,0,2026-06-22T18:44:00.225706+00:00
a5c53de3-a0cf-4d5d-87dd-b7ccbc76bf09,YESBANK,2026-06-19,25.0,26.0,25.0,25.0,0,2026-06-22T18:44:00.225706+00:00
54ec0135-e010-4dfe-a037-788d663637ea,ZYDUSLIFE,2026-06-19,1073.0,1076.0,1072.0,1072.0,0,2026-06-22T18:44:00.225706+00:00
cdb0bfae-4f45-4764-a14a-79c7a8f27b6b,360ONE,2026-06-19,1148.0,1148.0,1135.0,1142.0,0,2026-06-22T18:44:00.225706+00:00
56892043-49aa-47ff-915c-2c81fa9601f7,ABB,2026-06-19,7233.0,7264.0,7165.0,7264.0,0,2026-06-22T18:44:00.225706+00:00
2d2f3cbd-4118-4a3d-954b-c57ee9deec80,ADANIENSOL,2026-06-19,1521.0,1521.0,1516.0,1519.0,0,2026-06-22T18:44:00.225706+00:00
aebb9c39-be16-468e-94eb-92a9b3d046fe,ADANIGREEN,2026-06-19,1492.0,1526.0,1492.0,1516.0,0,2026-06-22T18:44:00.225706+00:00
85d2fff8-8d34-423f-bbcb-fc88654d8620,APLAPOLLO,2026-06-19,1860.0,1860.0,1853.0,1860.0,0,2026-06-22T18:44:00.225706+00:00
5e776616-8de3-44b4-aa8c-fc80cd5eec97,BANKBARODA,2026-06-19,283.0,283.0,280.0,280.0,0,2026-06-22T18:44:00.225706+00:00
e6d187ea-6ddd-4c02-ad1d-952d1801ed4f,TRENT,2026-06-19,3170.0,3179.0,3145.0,3179.0,0,2026-06-22T18:44:00.225706+00:00
d15d0978-9c0a-4fe8-899b-d91ca547bd5a,360ONE,2026-06-22,1142.0,1150.0,1140.0,1140.0,0,2026-06-22T18:44:00.509653+00:00
76c9521a-f019-4afb-96fc-bc4049037647,ABB,2026-06-22,7258.0,7258.0,7221.0,7221.0,0,2026-06-22T18:44:00.509653+00:00
2cbb7a21-62c2-483a-85ec-a466a5517df8,HINDZINC,2026-06-23,556.0,557.0,556.0,557.0,0,2026-06-23T10:07:58.379321+00:00
1a7d2662-2791-4e87-b9bc-c2ca88415e42,HUDCO,2026-06-23,212.0,213.0,209.0,209.0,0,2026-06-23T10:07:58.379321+00:00
9423507e-3ccd-4880-aeaa-f461d8531c89,ICICIBANK,2026-06-23,1360.0,1362.0,1356.0,1356.0,0,2026-06-23T10:07:58.379321+00:00
44ac88f7-459a-4a39-a230-bc12f6442416,ICICIGI,2026-06-23,1884.0,1884.0,1824.0,1824.0,0,2026-06-23T10:07:58.379321+00:00
fa4fbd99-9d8d-4f51-acfc-c09c08b11b25,ICICIPRULI,2026-06-23,509.0,512.0,504.0,504.0,0,2026-06-23T10:07:58.379321+00:00
ce86a449-e9e5-407c-904a-b63f89a2c2e5,IDEA,2026-06-23,15.0,15.0,14.0,15.0,0,2026-06-23T10:07:58.379321+00:00
47aba52a-7d79-443d-9f67-7eea2ba037d7,IDFCFIRSTB,2026-06-23,80.0,80.0,79.0,79.0,0,2026-06-23T10:07:58.379321+00:00
e13565bb-f623-440b-bcef-584469958c62,ITC,2026-06-23,291.0,293.0,291.0,291.0,0,2026-06-23T10:07:58.379321+00:00
66de20d1-8a76-4e2e-9b4a-b687b8b8e12c,JINDALSTEL,2026-06-23,1133.0,1133.0,1079.0,1079.0,0,2026-06-23T10:07:58.379321+00:00
c323f9e2-4e3b-42b8-b32e-1a2f9bcdd4a4,JIOFIN,2026-06-23,245.0,245.0,240.0,240.0,0,2026-06-23T10:07:58.379321+00:00
d4a344ed-bbee-4c4e-b9b9-d13c811ef131,JSWENERGY,2026-06-23,582.0,582.0,570.0,570.0,0,2026-06-23T10:07:58.379321+00:00
1fa7741e-3394-4a1b-ac6c-ee73b92771f2,MCX,2026-06-23,2846.0,2846.0,2820.0,2835.0,0,2026-06-23T10:07:58.379321+00:00
331b215c-1dd7-4a2d-84be-14e7c05bd361,NYKAA,2026-06-30,303.0,313.0,303.0,313.0,0,2026-06-30T10:11:24.203026+00:00
4190829f-02e4-4163-beb1-58825732fe33,PFC,2026-06-30,426.0,427.0,424.0,427.0,0,2026-06-30T10:11:24.203026+00:00
653efd8d-44de-40fa-994b-d72cb8313418,COCHINSHIP,2026-06-30,1449.0,1514.0,1449.0,1514.0,0,2026-06-30T10:11:24.203026+00:00
93afb315-be27-4094-a156-67c6a0e5c1df,LT,2026-07-09,3943.0,3943.0,3909.0,3915.0,0,2026-07-09T10:13:37.065139+00:00
3f773102-0cc3-4e55-ad09-ddc7673d41b4,CROMPTON,2026-06-24,273.0,275.0,272.0,275.0,0,2026-06-24T10:15:40.953425+00:00
5bc00b97-f93a-4e48-8f35-a495f22bd42e,CUMMINSIND,2026-06-24,5765.0,5765.0,5636.0,5636.0,0,2026-06-24T10:15:40.953425+00:00
1b98b96a-f8ec-4728-b742-ee8cb3e31d57,DIXON,2026-06-24,11742.0,12062.0,11742.0,12062.0,0,2026-06-24T10:15:40.953425+00:00
c03943ee-e8cc-4331-860d-3943bc88c897,BEL,2026-06-23,430.0,433.0,430.0,430.0,0,2026-06-23T10:07:58.379321+00:00
50c5d5fd-de3d-48ae-a7af-0ee39fdc471a,BHARATFORG,2026-06-23,2053.0,2131.0,2027.0,2131.0,0,2026-06-23T10:07:58.379321+00:00
277e6f42-5dfd-48e3-9a11-c1031db60def,BHARTIARTL,2026-06-23,1917.0,1925.0,1913.0,1913.0,0,2026-06-23T10:07:58.379321+00:00
61a6492a-793e-45bc-8065-e65fa6cdf7cc,BHEL,2026-06-23,411.0,411.0,399.0,402.0,0,2026-06-23T10:07:58.379321+00:00
f7f6fbc1-00d9-41a2-bcec-348fd1ea7a0e,BLUESTARCO,2026-06-23,1666.0,1668.0,1650.0,1665.0,0,2026-06-23T10:07:58.379321+00:00
e6e660eb-e65b-4b12-8487-3f3225a81088,BOSCHLTD,2026-06-23,40370.0,40450.0,40185.0,40185.0,0,2026-06-23T10:07:58.379321+00:00
b7eb12ac-83ae-4261-af81-68ef70550b70,BPCL,2026-06-23,310.0,310.0,308.0,309.0,0,2026-06-23T10:07:58.379321+00:00
2c6c7815-0ec5-472c-9636-c5c8392bb094,BRITANNIA,2026-06-23,5223.0,5252.0,5223.0,5245.0,0,2026-06-23T10:07:58.379321+00:00
c7f35a30-10c6-4dc5-a1bf-93020a056be9,HDFCLIFE,2026-06-23,598.0,602.0,594.0,594.0,0,2026-06-23T10:07:58.379321+00:00
eb715f5a-41ff-42fc-9d48-783078ea52ea,HEROMOTOCO,2026-06-23,4998.0,5004.0,4979.0,4986.0,0,2026-06-23T10:07:58.379321+00:00
93a1c441-1fb2-4c02-8a70-2c87580dd4de,HFCL,2026-06-23,212.0,213.0,205.0,205.0,0,2026-06-23T10:07:58.379321+00:00
f3d316fd-3dae-463e-ab97-a5281b3699c7,HINDALCO,2026-06-23,990.0,993.0,981.0,987.0,0,2026-06-23T10:07:58.379321+00:00
033e15c0-d124-4e3f-a05b-0729e26f2243,HINDPETRO,2026-06-23,394.0,397.0,394.0,397.0,0,2026-06-23T10:07:58.379321+00:00
c4980c95-ef0f-45be-a419-bdbdd686f323,HINDUNILVR,2026-06-23,2173.0,2173.0,2167.0,2167.0,0,2026-06-23T10:07:58.379321+00:00
5a15ed9b-b785-47fa-86a3-e5c83c62adea,DLF,2026-06-24,620.0,620.0,613.0,613.0,0,2026-06-24T10:15:40.953425+00:00
94986c45-0550-4b7f-b07b-e62e6b4301eb,DMART,2026-06-24,4394.0,4411.0,4337.0,4337.0,0,2026-06-24T10:15:40.953425+00:00
f46fb4f3-f21c-4778-8453-9ff37af3eebc,DRREDDY,2026-06-24,1333.0,1336.0,1324.0,1329.0,0,2026-06-24T10:15:40.953425+00:00
e41ab3fd-e5e8-4bc6-bc3f-e4ac3949dd90,EICHERMOT,2026-06-24,7573.0,7596.0,7564.0,7596.0,0,2026-06-24T10:15:40.953425+00:00
f095dd7f-2450-47d1-b495-1f3f6c1b5247,ETERNAL,2026-06-24,261.0,261.0,255.0,256.0,0,2026-06-24T10:15:40.953425+00:00
41568aaa-4690-4655-b4a5-105fc49722ae,EXIDEIND,2026-06-24,382.0,386.0,382.0,385.0,0,2026-06-24T10:15:40.953425+00:00
3c9a4be7-0961-42b9-ba1d-46b065bd9cee,FEDERALBNK,2026-06-24,321.0,326.0,321.0,326.0,0,2026-06-24T10:15:40.953425+00:00
972ce0aa-3ba8-4ce1-836b-ab21f28f3597,FORTIS,2026-06-24,973.0,976.0,972.0,976.0,0,2026-06-24T10:15:40.953425+00:00
cb359b74-35da-4140-b1ab-3503e0dcea28,GAIL,2026-06-24,175.0,175.0,174.0,175.0,0,2026-06-24T10:15:40.953425+00:00
14fe1ca1-706f-47d2-b1c8-9511acc546b6,GLENMARK,2026-06-24,2187.0,2187.0,2162.0,2176.0,0,2026-06-24T10:15:40.953425+00:00
5697bb7e-3b8e-45b1-95a0-b16501f15d73,GMRAIRPORT,2026-06-24,108.0,109.0,107.0,109.0,0,2026-06-24T10:15:40.953425+00:00
b38cc495-ff6e-4e4e-804f-a85d77b70738,GODFRYPHLP,2026-06-24,2243.0,2256.0,2236.0,2252.0,0,2026-06-24T10:15:40.953425+00:00
d1aa8c87-ba89-464e-8a9a-e59e205c9dbf,GODREJCP,2026-06-24,1024.0,1029.0,1018.0,1024.0,0,2026-06-24T10:15:40.953425+00:00
f0da1793-aa36-4c42-9fb8-e7a9d907dcdb,GODREJPROP,2026-06-24,1797.0,1827.0,1795.0,1820.0,0,2026-06-24T10:15:40.953425+00:00
b020504b-5f87-407b-9fa9-6a415501f7c7,GRASIM,2026-06-24,3146.0,3146.0,3111.0,3129.0,0,2026-06-24T10:15:40.953425+00:00
62eaf71e-a688-4097-bfe3-fe0e01a92373,HAL,2026-06-24,4506.0,4506.0,4384.0,4412.0,0,2026-06-24T10:15:40.953425+00:00
75a4903b-3328-41c5-915f-d535888c5fcf,HAVELLS,2026-06-24,1175.0,1186.0,1174.0,1186.0,0,2026-06-24T10:15:40.953425+00:00
d743beec-e846-445d-9c93-9a74c880e5de,HCLTECH,2026-06-24,1108.0,1129.0,1108.0,1116.0,0,2026-06-24T10:15:40.953425+00:00
a30b7f66-ea8d-49f6-a816-e04af90c130c,HDFCAMC,2026-06-24,2705.0,2705.0,2627.0,2629.0,0,2026-06-24T10:15:40.953425+00:00
10d3d9ba-21de-43b5-91bd-a4a432198547,HDFCBANK,2026-06-24,778.0,792.0,778.0,792.0,0,2026-06-24T10:15:40.953425+00:00
ffa4c7fb-1951-40a5-8f90-ad86932503f6,TECHM,2026-06-24,1414.0,1458.0,1414.0,1458.0,0,2026-06-24T10:15:40.953425+00:00
631607af-3dae-470d-8b7f-b80912e1d58a,LT,2026-06-29,4243.0,4251.0,4170.0,4170.0,0,2026-06-29T10:15:54.596953+00:00
b2570408-648e-434e-9fb3-2f952e2fabb4,LTF,2026-06-29,304.0,307.0,299.0,299.0,0,2026-06-29T10:15:54.596953+00:00
e9f59f77-afa0-4e06-90cc-04fb69813ccf,LTM,2026-06-29,3784.0,3784.0,3702.0,3717.0,0,2026-06-29T10:15:54.596953+00:00
72c9294d-816f-4798-8bb4-423ac45b69da,LUPIN,2026-06-29,2368.0,2410.0,2368.0,2410.0,0,2026-06-29T10:15:54.596953+00:00
c5e3f0cc-086c-43f1-be8b-9f2a0a9191ea,M&M,2026-06-29,3195.0,3195.0,3091.0,3103.0,0,2026-06-29T10:15:54.596953+00:00
3c4b9b34-510b-4d31-8dd9-6d75e6e828e9,OFSS,2026-06-29,10820.0,10990.0,10820.0,10860.0,0,2026-06-29T10:15:54.596953+00:00
9fa57189-253c-4663-9b29-71558d03f6ab,PHOENIXLTD,2026-06-29,1933.0,1933.0,1895.0,1903.0,0,2026-06-29T10:15:54.596953+00:00
871bf15c-297c-4f0f-bfa6-e1ef6681ce8a,PIDILITIND,2026-06-29,1607.0,1613.0,1599.0,1599.0,0,2026-06-29T10:15:54.596953+00:00
50a643a1-76cb-4887-ae59-12bfbc0fc1a9,PIIND,2026-06-29,2721.0,2721.0,2580.0,2585.0,0,2026-06-29T10:15:54.596953+00:00
f82712a3-6d76-42fe-9c1d-75e86bcb467b,PNB,2026-06-29,108.0,108.0,107.0,107.0,0,2026-06-29T10:15:54.596953+00:00
1623975e-ad03-42ae-83ae-9d8dfb3acf4e,PNBHOUSING,2026-06-29,1050.0,1057.0,1030.0,1042.0,0,2026-06-29T10:15:54.596953+00:00
92d82e6d-9ec3-402c-9af6-52d5b29d491c,POLICYBZR,2026-06-29,1620.0,1623.0,1620.0,1623.0,0,2026-06-29T10:15:54.596953+00:00
fbfdddd4-8d14-4f32-94d9-6ac4d617ef85,IGL,2026-07-01,167.0,167.0,158.0,158.0,0,2026-07-01T10:15:40.157906+00:00
74b1bf8e-9485-4be4-b641-46e58b8c74af,TCS,2026-07-08,2097.0,2097.0,2060.0,2060.0,0,2026-07-08T10:11:15.313523+00:00
d63f9465-eb45-483c-8bb1-98d13e984674,COCHINSHIP,2026-06-22,1474.0,1483.0,1427.0,1483.0,0,2026-06-22T18:44:00.509653+00:00
c37afacd-9537-4e1d-934d-f340efbd659f,COLPAL,2026-06-22,2005.0,2010.0,1994.0,1994.0,0,2026-06-22T18:44:00.509653+00:00
536753dd-6651-4a1c-b0d6-f78d456a9f25,CONCOR,2026-06-22,472.0,475.0,472.0,474.0,0,2026-06-22T18:44:00.509653+00:00
991d46cb-3ce4-494c-a4e3-338654310825,CROMPTON,2026-06-22,278.0,278.0,276.0,277.0,0,2026-06-22T18:44:00.509653+00:00
9943a206-8b66-4e49-875b-45307b33bbff,CUMMINSIND,2026-06-22,5874.0,5874.0,5742.0,5742.0,0,2026-06-22T18:44:00.509653+00:00
b97a6745-c557-415d-8541-2f4d1efa9d02,CYIENT,2026-06-22,875.0,880.0,875.0,877.0,0,2026-06-22T18:44:00.509653+00:00
9451b905-be8a-4b98-a59d-8b46ecedad5e,DABUR,2026-06-22,424.0,424.0,423.0,423.0,0,2026-06-22T18:44:00.509653+00:00
f48277ba-feca-4798-bb95-893e4ad6cc54,DALBHARAT,2026-06-22,1703.0,1726.0,1703.0,1704.0,0,2026-06-22T18:44:00.509653+00:00
a8153b20-aaf3-4b42-a1db-3a5a353f3abf,DELHIVERY,2026-06-22,468.0,468.0,468.0,468.0,0,2026-06-22T18:44:00.509653+00:00
c60f7821-bea0-4bba-a014-74f5d9d65391,DIVISLAB,2026-06-22,6750.0,6762.0,6738.0,6756.0,0,2026-06-22T18:44:00.509653+00:00
e2c5c5cb-2456-4f0f-a31e-575f6711f824,DIXON,2026-06-22,12571.0,12571.0,12342.0,12352.0,0,2026-06-22T18:44:00.509653+00:00
212f7386-72ca-4d5d-9802-55bd3c70ae2a,DMART,2026-06-22,4327.0,4340.0,4316.0,4319.0,0,2026-06-22T18:44:00.509653+00:00
ffa13781-dc59-416d-9fea-5018d180b7d0,ETERNAL,2026-06-22,259.0,266.0,258.0,265.0,0,2026-06-22T18:44:00.509653+00:00
7b885886-201e-478d-b384-493669f3dbe5,EXIDEIND,2026-06-22,382.0,382.0,381.0,381.0,0,2026-06-22T18:44:00.509653+00:00
c27e484c-b19a-4c7d-b821-3c3fd045e1f5,FEDERALBNK,2026-06-22,322.0,324.0,322.0,324.0,0,2026-06-22T18:44:00.509653+00:00
8efdcedf-064a-45ff-ab67-59cadc8a3ff8,FORTIS,2026-06-22,963.0,965.0,963.0,965.0,0,2026-06-22T18:44:00.509653+00:00
609676b9-b2db-4646-858e-00d7809b0aa1,GAIL,2026-06-22,174.0,178.0,174.0,177.0,0,2026-06-22T18:44:00.509653+00:00
91e43910-4b4b-4400-b004-53fabf48d8a0,GLENMARK,2026-06-22,2201.0,2201.0,2182.0,2182.0,0,2026-06-22T18:44:00.509653+00:00
3abb5c59-0e10-46e6-831d-b4ba991d936e,GMRAIRPORT,2026-06-22,110.0,110.0,108.0,108.0,0,2026-06-22T18:44:00.509653+00:00
646b8968-74fc-4e21-a6e8-6f9c9001a6d3,GODREJCP,2026-06-22,1009.0,1020.0,1009.0,1020.0,0,2026-06-22T18:44:00.509653+00:00
615b3b42-f91b-4e55-862b-d91cfe70c252,GODREJPROP,2026-06-22,1802.0,1808.0,1797.0,1808.0,0,2026-06-22T18:44:00.509653+00:00
33886793-1152-4d29-b6ab-953b6b6ef6c0,HAL,2026-06-22,4418.0,4427.0,4395.0,4427.0,0,2026-06-22T18:44:00.509653+00:00
7c5573e8-78f4-43f1-8dd7-36699f4d6fe1,HAVELLS,2026-06-22,1192.0,1192.0,1179.0,1183.0,0,2026-06-22T18:44:00.509653+00:00
eb571a13-a59c-455a-8a7b-44f037cbaa1d,HCLTECH,2026-06-22,1118.0,1141.0,1118.0,1135.0,0,2026-06-22T18:44:00.509653+00:00
acda5e40-d04b-4ee9-b857-7286f41a1050,HDFCAMC,2026-06-22,2715.0,2715.0,2699.0,2699.0,0,2026-06-22T18:44:00.509653+00:00
006eed8a-2870-4014-90f7-419b38e6579d,HDFCBANK,2026-06-22,778.0,787.0,778.0,787.0,0,2026-06-22T18:44:00.509653+00:00
4a83b187-b474-45ff-b9f3-091caf9dfde0,HDFCLIFE,2026-06-22,590.0,598.0,590.0,597.0,0,2026-06-22T18:44:00.509653+00:00
98fba0ef-3096-46cb-827b-d517862ea392,HEROMOTOCO,2026-06-22,4972.0,5010.0,4972.0,4998.0,0,2026-06-22T18:44:00.509653+00:00
9c075383-11de-4579-9fb7-6f4f03a2b6eb,HINDPETRO,2026-06-22,394.0,394.0,392.0,394.0,0,2026-06-22T18:44:00.509653+00:00
c21fe839-fc40-4989-9633-2013b41e9fd8,HINDZINC,2026-06-22,563.0,568.0,563.0,568.0,0,2026-06-22T18:44:00.509653+00:00
8cc33e12-48d3-4deb-9ecc-968f9cbe5caa,HUDCO,2026-06-22,213.0,214.0,212.0,212.0,0,2026-06-22T18:44:00.509653+00:00
2fe44f22-8b98-4a7a-9a95-0a2aee0ae4e2,ICICIBANK,2026-06-22,1357.0,1357.0,1354.0,1354.0,0,2026-06-22T18:44:00.509653+00:00
c80a5036-7691-4c9d-b0c2-d36de3133ac3,ICICIGI,2026-06-22,1877.0,1884.0,1861.0,1884.0,0,2026-06-22T18:44:00.509653+00:00
2bea849f-7ee5-422a-89a8-9285ce6bef10,ICICIPRULI,2026-06-22,516.0,516.0,508.0,509.0,0,2026-06-22T18:44:00.509653+00:00
7b16563f-8c9a-4af9-b53f-dbe15a1ed9ab,IDEA,2026-06-22,15.0,15.0,15.0,15.0,0,2026-06-22T18:44:00.509653+00:00
b07d2aeb-3906-474f-8456-27ac98872ec0,IDFCFIRSTB,2026-06-22,79.0,81.0,79.0,80.0,0,2026-06-22T18:44:00.509653+00:00
727c5836-9d14-40d5-b5b0-7f0d1aeb9ea6,IEX,2026-06-22,123.0,128.0,123.0,128.0,0,2026-06-22T18:44:00.509653+00:00
34e91550-edfa-4705-8622-5807c6c04842,IGL,2026-06-22,168.0,170.0,168.0,170.0,0,2026-06-22T18:44:00.509653+00:00
a3d9cdcd-d574-43f1-b4cb-af1af28eb921,IIFL,2026-06-22,537.0,539.0,537.0,538.0,0,2026-06-22T18:44:00.509653+00:00
c87d8ae2-d4f1-40f6-bc09-811171de233a,INDHOTEL,2026-06-22,733.0,735.0,729.0,735.0,0,2026-06-22T18:44:00.509653+00:00
7c2a8023-502a-4236-baf4-b9e2e8025041,INDIANB,2026-06-22,870.0,870.0,860.0,862.0,0,2026-06-22T18:44:00.509653+00:00
da677ef4-fed1-4a87-8bad-1b1838b18a19,INDIGO,2026-06-22,4989.0,5040.0,4985.0,5023.0,0,2026-06-22T18:44:00.509653+00:00
68623309-d95b-46ba-8342-d102173dceaf,INDUSINDBK,2026-06-22,940.0,942.0,928.0,928.0,0,2026-06-22T18:44:00.509653+00:00
2338a13e-6af6-4a1a-8cf1-d80cf2e187e1,INDUSTOWER,2026-06-22,413.0,414.0,412.0,414.0,0,2026-06-22T18:44:00.509653+00:00
e4aab6b1-0812-4eda-ac53-047f0898d8f6,INFY,2026-06-22,1042.0,1080.0,1042.0,1080.0,0,2026-06-22T18:44:00.509653+00:00
39355ba2-ea67-460a-b9e4-302d9381b998,IOC,2026-06-22,143.0,144.0,143.0,144.0,0,2026-06-22T18:44:00.509653+00:00
f272888f-7a7d-4d89-b475-f4d94a10270a,IRCTC,2026-06-22,521.0,523.0,521.0,521.0,0,2026-06-22T18:44:00.509653+00:00
c27da6f8-935f-4529-b08f-2113ae2d3c8d,IREDA,2026-06-22,129.0,129.0,129.0,129.0,0,2026-06-22T18:44:00.509653+00:00
32a83374-43ba-4ca0-a88e-9048848e22a3,IRFC,2026-06-22,100.0,101.0,100.0,101.0,0,2026-06-22T18:44:00.509653+00:00
a5428c18-d079-414b-926d-17286fa01f91,ITC,2026-06-22,293.0,293.0,291.0,291.0,0,2026-06-22T18:44:00.509653+00:00
6b2d31a5-3e50-43b5-8c9b-daf100756953,JINDALSTEL,2026-06-22,1138.0,1147.0,1132.0,1133.0,0,2026-06-22T18:44:00.509653+00:00
af445662-709e-4046-918e-8f653e81e9ff,JIOFIN,2026-06-22,244.0,246.0,244.0,245.0,0,2026-06-22T18:44:00.509653+00:00
dbfe6aa7-2fe1-4ccf-9c7a-a3e2d0107206,JSWENERGY,2026-06-22,573.0,582.0,571.0,582.0,0,2026-06-22T18:44:00.509653+00:00
6a077ec8-ca4f-4aed-8c75-35f69d9e79fd,JSWSTEEL,2026-06-22,1295.0,1295.0,1285.0,1285.0,0,2026-06-22T18:44:00.509653+00:00
72e6c860-bf50-4640-b135-c669a7979d4f,JUBLFOOD,2026-06-22,425.0,434.0,425.0,433.0,0,2026-06-22T18:44:00.509653+00:00
3988d336-8ff1-4b5b-b23f-e780c5297e0c,KALYANKJIL,2026-06-22,384.0,384.0,382.0,383.0,0,2026-06-22T18:44:00.509653+00:00
b9102ad2-0e0c-444f-8a23-b8812dccb482,KAYNES,2026-06-22,3306.0,3306.0,3295.0,3295.0,0,2026-06-22T18:44:00.509653+00:00
9b172654-b0f5-4b9d-b14f-98bfe4c51020,KEI,2026-06-22,5525.0,5678.0,5525.0,5671.0,0,2026-06-22T18:44:00.509653+00:00
655116b4-d8c1-4f33-b85a-f1b2e1f55cff,KFINTECH,2026-06-22,919.0,919.0,908.0,908.0,0,2026-06-22T18:44:00.509653+00:00
9aba38e8-414e-441d-9c9f-613176478b7e,KOTAKBANK,2026-06-22,400.0,402.0,400.0,401.0,0,2026-06-22T18:44:00.509653+00:00
e37fd36a-53d9-4973-9910-f8cd385f0ba6,KPITTECH,2026-06-22,733.0,759.0,733.0,759.0,0,2026-06-22T18:44:00.509653+00:00
0b73028e-6e04-4716-b9ef-e105a7e6fe8c,LAURUSLABS,2026-06-22,1423.0,1424.0,1411.0,1424.0,0,2026-06-22T18:44:00.509653+00:00
017949a0-f1c0-457a-aecb-56d33fd49d6f,LICHSGFIN,2026-06-22,551.0,551.0,549.0,549.0,0,2026-06-22T18:44:00.509653+00:00
2712fc66-bb78-4542-99cf-515a4835fcd3,LICI,2026-06-22,443.0,444.0,439.0,444.0,0,2026-06-22T18:44:00.509653+00:00
887d8bf9-901c-476b-9dd8-092d382903d3,LT,2026-06-22,4209.0,4209.0,4202.0,4207.0,0,2026-06-22T18:44:00.509653+00:00
f6319987-cfc3-41b4-a45d-155e446e3adc,LTM,2026-06-22,3790.0,3867.0,3790.0,3812.0,0,2026-06-22T18:44:00.509653+00:00
9afc17f2-122b-487b-ba56-a57142215a03,LUPIN,2026-06-22,2352.0,2353.0,2352.0,2352.0,0,2026-06-22T18:44:00.509653+00:00
f865fa36-afc3-4d82-899f-2f5b84bf5f6b,MANAPPURAM,2026-06-22,319.0,326.0,319.0,326.0,0,2026-06-22T18:44:00.509653+00:00
5d5e73bf-fc3c-40bc-ab5e-a2b0dab95450,MARICO,2026-06-22,811.0,818.0,811.0,812.0,0,2026-06-22T18:44:00.509653+00:00
457a4099-5e67-4539-87a2-0aaf76996cec,MARUTI,2026-06-22,13402.0,13703.0,13389.0,13440.0,0,2026-06-22T18:44:00.509653+00:00
af2bc03a-f146-4f29-b14d-5a68b2b7bfcb,MAXHEALTH,2026-06-22,1088.0,1090.0,1078.0,1090.0,0,2026-06-22T18:44:00.509653+00:00
5784ed78-f8a2-4659-ae3d-24c88cdaeae6,MAZDOCK,2026-06-22,2537.0,2542.0,2519.0,2539.0,0,2026-06-22T18:44:00.509653+00:00
fb01fe28-7a36-4b03-a3b1-e3e8b26ab150,MCX,2026-06-22,2788.0,2865.0,2788.0,2865.0,0,2026-06-22T18:44:00.509653+00:00
6a08826c-ae2e-405a-9d75-40eb664d2a55,MFSL,2026-06-22,1652.0,1694.0,1652.0,1691.0,0,2026-06-22T18:44:00.509653+00:00
0ddf92f7-42dc-4c5c-b29d-715a8896023a,MOTHERSON,2026-06-22,144.0,145.0,144.0,145.0,0,2026-06-22T18:44:00.509653+00:00
f94922a9-9440-46f6-a8e7-d72231072ed9,MOTILALOFS,2026-06-22,955.0,955.0,950.0,950.0,0,2026-06-22T18:44:00.509653+00:00
3c3181ed-0859-48bc-94e2-8245f1a8e982,MPHASIS,2026-06-22,2210.0,2293.0,2210.0,2292.0,0,2026-06-22T18:44:00.509653+00:00
fffb75bd-ebc0-4127-92a2-30755025309e,MUTHOOTFIN,2026-06-22,3111.0,3158.0,3111.0,3158.0,0,2026-06-22T18:44:00.509653+00:00
a7df50e3-96b6-4d61-8bac-29c005d5c03a,NATIONALUM,2026-06-22,374.0,379.0,374.0,378.0,0,2026-06-22T18:44:00.509653+00:00
617c118f-387e-408d-9d73-485ec98165ae,NAUKRI,2026-06-22,979.0,988.0,979.0,984.0,0,2026-06-22T18:44:00.509653+00:00
3b6644a3-715f-4524-b87d-6444e7620f80,NCC,2026-06-22,159.0,159.0,158.0,159.0,0,2026-06-22T18:44:00.509653+00:00
c56eadb1-9f21-450d-98b7-16ce53ee6b0f,NESTLEIND,2026-06-22,1408.0,1420.0,1403.0,1404.0,0,2026-06-22T18:44:00.509653+00:00
97711f7f-71b0-4c15-8503-dd3dacd8db19,NTPC,2026-06-22,366.0,368.0,366.0,367.0,0,2026-06-22T18:44:00.509653+00:00
859a8077-8bb7-4828-b5c0-f18f63c3da33,NUVAMA,2026-06-22,1739.0,1755.0,1739.0,1741.0,0,2026-06-22T18:44:00.509653+00:00
9a581243-6b75-428a-b98f-24d5cd8485e3,NYKAA,2026-06-22,306.0,306.0,302.0,305.0,0,2026-06-22T18:44:00.509653+00:00
950c1e02-5dd2-45ad-98c9-dda944f191b9,OBEROIRLTY,2026-06-22,1676.0,1693.0,1676.0,1688.0,0,2026-06-22T18:44:00.509653+00:00
4bacb5fb-3457-454a-8e94-fb4b674d143f,OFSS,2026-06-22,9497.0,9850.0,9497.0,9813.0,0,2026-06-22T18:44:00.509653+00:00
c1e86926-5ada-45ac-9eca-5b1668f9b7d1,ONGC,2026-06-22,245.0,246.0,245.0,246.0,0,2026-06-22T18:44:00.509653+00:00
18d168b7-33b2-42b7-b9e2-acf5e19aecd1,360ONE,2026-06-18,1141.0,1150.0,1141.0,1148.0,0,2026-06-22T18:43:59.926023+00:00
94840afa-6b9c-476c-82d1-8e509f89f7f3,ADANIENSOL,2026-06-18,1491.0,1521.0,1488.0,1521.0,0,2026-06-22T18:43:59.926023+00:00
dbb18f27-bfd9-49e1-8964-cdfb44d6b57d,ADANIENT,2026-06-18,2966.0,2967.0,2940.0,2967.0,0,2026-06-22T18:43:59.926023+00:00
fc4b3083-eda2-4ec3-856a-f2ceebdc2689,ADANIGREEN,2026-06-18,1465.0,1492.0,1465.0,1492.0,0,2026-06-22T18:43:59.926023+00:00
656eccce-c3a5-4a86-82bf-751abf154479,ADANIPORTS,2026-06-18,1825.0,1842.0,1825.0,1842.0,0,2026-06-22T18:43:59.926023+00:00
9ca75008-a54b-437f-a20f-d58f7057a390,ALKEM,2026-06-18,5363.0,5380.0,5339.0,5380.0,0,2026-06-22T18:43:59.926023+00:00
33c19f3f-ee77-4ecb-a02e-dbfcd827c541,AMBER,2026-06-18,7999.0,7999.0,7962.0,7972.0,0,2026-06-22T18:43:59.926023+00:00
6ea4fb91-0c40-4ec2-9e1f-8bef0c299b8f,AMBUJACEM,2026-06-18,426.0,427.0,424.0,427.0,0,2026-06-22T18:43:59.926023+00:00
61ef4f6d-cf58-4ea8-85af-037c6cd9b66b,ANGELONE,2026-06-18,348.0,354.0,348.0,354.0,0,2026-06-22T18:43:59.926023+00:00
134b6ec6-7b94-4fbb-9096-fe79dd478271,APLAPOLLO,2026-06-18,1851.0,1860.0,1851.0,1860.0,0,2026-06-22T18:43:59.926023+00:00
8bf87289-2c72-460b-8e4c-b6aaba43dcf4,APOLLOHOSP,2026-06-18,8424.0,8424.0,8408.0,8415.0,0,2026-06-22T18:43:59.926023+00:00
d64ea6e8-60ef-4d23-9ca4-b8c385c98171,ASHOKLEY,2026-06-18,159.0,160.0,158.0,158.0,0,2026-06-22T18:43:59.926023+00:00
049a777a-c581-4310-ac88-bc129de03314,ASIANPAINT,2026-06-18,2734.0,2758.0,2734.0,2758.0,0,2026-06-22T18:43:59.926023+00:00
52bba36c-8fe0-4fd1-8420-3ae54f3b104d,ASTRAL,2026-06-18,1573.0,1573.0,1563.0,1566.0,0,2026-06-22T18:43:59.926023+00:00
8fa029c4-57bc-43b7-83d3-952ece74e15f,AUBANK,2026-06-18,1019.0,1027.0,1018.0,1027.0,0,2026-06-22T18:43:59.926023+00:00
8f6ba804-ad83-4402-a273-b19fee706a8f,AUROPHARMA,2026-06-18,1425.0,1444.0,1425.0,1444.0,0,2026-06-22T18:43:59.926023+00:00
78e53b0f-fd98-433a-8804-4237193a2bd5,AXISBANK,2026-06-18,1350.0,1361.0,1350.0,1355.0,0,2026-06-22T18:43:59.926023+00:00
af5c0b4a-a050-4ce8-b242-68ea7d2ddedb,BAJAJFINSV,2026-06-18,1784.0,1784.0,1754.0,1771.0,0,2026-06-22T18:43:59.926023+00:00
c24d1524-3e25-4b33-9ebe-580f0b18b6ee,BAJAJ_AUTO,2026-06-18,9921.0,10047.0,9921.0,10045.0,0,2026-06-22T18:43:59.926023+00:00
22ecd7d7-7b4f-46d5-b10b-e8cfab97327a,BAJFINANCE,2026-06-18,956.0,958.0,954.0,957.0,0,2026-06-22T18:43:59.926023+00:00
e2259b92-18ae-4623-bb3e-f41765b9ac89,BANDHANBNK,2026-06-18,215.0,215.0,214.0,214.0,0,2026-06-22T18:43:59.926023+00:00
c01bd47e-cd03-4fea-a3ae-1d4ee093acff,BANKBARODA,2026-06-18,284.0,284.0,283.0,283.0,0,2026-06-22T18:43:59.926023+00:00
aaefa619-9a37-476d-adf9-dcf969850411,BANKINDIA,2026-06-18,147.0,148.0,147.0,148.0,0,2026-06-22T18:43:59.926023+00:00
2560823f-a5ce-4a6e-bcc2-5202a5e15ccb,BDL,2026-06-18,1304.0,1317.0,1304.0,1317.0,0,2026-06-22T18:43:59.926023+00:00
51b171d1-b58e-47b7-82ac-67c30cac9619,BEL,2026-06-18,411.0,429.0,411.0,429.0,0,2026-06-22T18:43:59.926023+00:00
20d9b4ab-04f0-421e-8a99-1bae63ad8837,BHARATFORG,2026-06-18,2033.0,2033.0,2026.0,2030.0,0,2026-06-22T18:43:59.926023+00:00
4a8cbe1b-274c-4591-9c25-d7430a8d5633,BHARTIARTL,2026-06-18,1865.0,2029.0,1865.0,1875.0,0,2026-06-22T18:43:59.926023+00:00
ebd5d4b5-4f89-4c99-90e6-6a402bdacb91,DLF,2026-06-29,625.0,625.0,613.0,615.0,0,2026-06-29T10:15:54.596953+00:00
60cbcee7-6be0-41d6-ab89-522fe7d05e4c,BHEL,2026-06-18,388.0,407.0,388.0,407.0,0,2026-06-22T18:43:59.926023+00:00
d16e4dc9-509a-41ca-aa8a-57455861cc18,BIOCON,2026-06-18,411.0,413.0,411.0,412.0,0,2026-06-22T18:43:59.926023+00:00
9578d70d-a7b5-4676-8a02-ff7200b575e4,BLUESTARCO,2026-06-18,1696.0,1710.0,1696.0,1710.0,0,2026-06-22T18:43:59.926023+00:00
3b0b526c-d2f9-4356-a5a1-31bcb2f64339,BOSCHLTD,2026-06-18,39420.0,40280.0,39420.0,39990.0,0,2026-06-22T18:43:59.926023+00:00
602e6f42-0455-4a44-a12c-612e0ad0834c,BPCL,2026-06-18,320.0,320.0,296.0,316.0,0,2026-06-22T18:43:59.926023+00:00
eee6b1e4-2563-4b85-9dc3-c6551138f818,GODFRYPHLP,2026-06-22,2265.0,2287.0,2265.0,2287.0,0,2026-06-22T18:44:00.509653+00:00
9d3630d1-003a-47a3-b99e-0d528e608ae6,HINDUNILVR,2026-06-22,2196.0,2196.0,2188.0,2188.0,0,2026-06-22T18:44:00.509653+00:00
59938315-b4d0-47f2-b893-600e0e538212,LTF,2026-07-09,314.0,317.0,314.0,317.0,0,2026-07-09T10:13:37.065139+00:00
c6ae93fa-640a-4ca6-b5c0-77b70fa62c7f,BAJFINANCE,2026-07-01,1002.0,1018.0,1002.0,1017.0,0,2026-07-01T10:15:40.157906+00:00
44fbb438-a22b-4d2c-9903-bde778218ff4,ABB,2026-06-30,7013.0,7142.0,7000.0,7034.0,0,2026-06-30T10:11:24.203026+00:00
636e7b4e-d5ef-4769-b0bf-eacbbe1ffea9,ABCAPITAL,2026-06-30,388.0,393.0,388.0,393.0,0,2026-06-30T10:11:24.203026+00:00
3ad37301-73ec-408b-91a0-a1987d4a997f,INOXWIND,2026-06-22,91.0,94.0,91.0,93.0,0,2026-06-22T18:44:00.509653+00:00
dd2fadac-d624-4398-80ee-c299e127d205,PAGEIND,2026-06-22,40095.0,40095.0,39515.0,39515.0,0,2026-06-22T18:44:00.509653+00:00
f97ce0f8-fb08-4d3a-b859-cdaf4abf5018,PATANJALI,2026-06-22,422.0,422.0,419.0,419.0,0,2026-06-22T18:44:00.509653+00:00
4ed475cc-739d-4213-a8e0-4f96f1aa83b5,BRITANNIA,2026-06-18,5210.0,5247.0,5210.0,5247.0,0,2026-06-22T18:43:59.926023+00:00
73d48fb8-6d70-4165-a102-ff9c28673268,BSE,2026-06-18,4018.0,4018.0,3993.0,4015.0,0,2026-06-22T18:43:59.926023+00:00
b4461f75-f990-4df9-ad8a-4dccf3cb438a,PAYTM,2026-06-22,1098.0,1098.0,1089.0,1090.0,0,2026-06-22T18:44:00.509653+00:00
ed9ad66d-a843-4a34-805b-8c197e8a7518,PERSISTENT,2026-06-22,4714.0,4902.0,4714.0,4894.0,0,2026-06-22T18:44:00.509653+00:00
2fb5ab68-b141-44e0-a75b-21bcb023e78e,PFC,2026-06-22,434.0,440.0,434.0,440.0,0,2026-06-22T18:44:00.509653+00:00
86f3efd5-a22f-4e57-b711-72a8f5e417e1,PGEL,2026-06-22,578.0,578.0,559.0,564.0,0,2026-06-22T18:44:00.509653+00:00
68bcb984-b70b-4d6b-9691-e3fee052505e,PIDILITIND,2026-06-22,1577.0,1577.0,1560.0,1561.0,0,2026-06-22T18:44:00.509653+00:00
d40eb362-be57-466e-a1ad-d0bc7a452659,PNB,2026-06-22,109.0,109.0,109.0,109.0,0,2026-06-22T18:44:00.509653+00:00
4fc4c87e-aa6e-4792-b42f-6512be108398,PNBHOUSING,2026-06-22,1004.0,1015.0,1004.0,1013.0,0,2026-06-22T18:44:00.509653+00:00
74f05b62-e174-41ec-b6cb-f9c84eba58ba,TATATECH,2026-06-22,748.0,754.0,744.0,748.0,0,2026-06-22T18:44:00.509653+00:00
cb99d9ba-52db-43f2-aed8-d69e9c452e10,TCS,2026-06-22,2077.0,2137.0,2074.0,2137.0,0,2026-06-22T18:44:00.509653+00:00
966a23d8-e3ce-4614-b0e4-dbed69f043bc,TECHM,2026-06-22,1381.0,1442.0,1381.0,1442.0,0,2026-06-22T18:44:00.509653+00:00
8c21568f-6801-4e38-8e0e-17b43e24e473,TIINDIA,2026-06-22,3290.0,3323.0,3286.0,3286.0,0,2026-06-22T18:44:00.509653+00:00
dcaac16b-53ca-4413-b333-5d6773b109ae,TITAN,2026-06-22,4411.0,4411.0,3293.0,4367.0,0,2026-06-22T18:44:00.509653+00:00
3b289810-ae32-4a16-91a5-d44c7c0762bc,TMPV,2026-06-22,358.0,367.0,358.0,367.0,0,2026-06-22T18:44:00.509653+00:00
a5f05a4b-b5c3-4ba9-af30-d4163170dce3,TORNTPHARM,2026-06-22,4437.0,4460.0,4420.0,4453.0,0,2026-06-22T18:44:00.509653+00:00
6bc33142-cef3-401a-a0f4-15c5155826ff,TORNTPOWER,2026-06-22,1448.0,1448.0,1445.0,1445.0,0,2026-06-22T18:44:00.509653+00:00
13e919f8-c800-417e-afa4-22cdabddf550,TRENT,2026-06-22,3179.0,3216.0,3179.0,3193.0,0,2026-06-22T18:44:00.509653+00:00
740c29e3-6674-4071-94e1-ba812919ed80,TVSMOTOR,2026-06-22,3437.0,3466.0,3437.0,3466.0,0,2026-06-22T18:44:00.509653+00:00
bbf59022-649e-4827-bd9a-e7762d518d67,ULTRACEMCO,2026-06-22,11364.0,11391.0,11354.0,11391.0,0,2026-06-22T18:44:00.509653+00:00
5d7d2ab3-2344-4650-87e9-4b48cc60d132,UNIONBANK,2026-06-22,176.0,176.0,175.0,176.0,0,2026-06-22T18:44:00.509653+00:00
82967b13-e0f1-476d-a5bc-de52f948b70d,UNITDSPR,2026-06-22,1322.0,1345.0,1322.0,1345.0,0,2026-06-22T18:44:00.509653+00:00
9295130c-2041-4f86-a066-1e186b5bed54,UNOMINDA,2026-06-22,1105.0,1123.0,1105.0,1115.0,0,2026-06-22T18:44:00.509653+00:00
45b39e98-cc4c-4fdd-843e-3938f5b6ac41,VBL,2026-06-22,528.0,528.0,508.0,512.0,0,2026-06-22T18:44:00.509653+00:00
1fbe1e3f-b7cf-4aab-803e-e9491bc5d056,VEDL,2026-06-22,301.0,305.0,301.0,305.0,0,2026-06-22T18:44:00.509653+00:00
83bd3faf-4153-428f-8aff-26424dd9348d,VOLTAS,2026-06-22,1401.0,1402.0,1355.0,1355.0,0,2026-06-22T18:44:00.509653+00:00
db234ecd-180d-4764-a82c-e0994b75484d,WIPRO,2026-06-22,178.0,182.0,178.0,181.0,0,2026-06-22T18:44:00.509653+00:00
b6584b2e-f803-422e-9f1a-e13fb4c166f5,YESBANK,2026-06-22,25.0,25.0,25.0,25.0,0,2026-06-22T18:44:00.509653+00:00
d89e6244-60f2-43e4-b2d6-e34479122527,ZYDUSLIFE,2026-06-22,1071.0,1074.0,1069.0,1074.0,0,2026-06-22T18:44:00.509653+00:00
a50e18a0-8f77-4c30-b76f-f99144d1861a,ADANIENSOL,2026-06-22,1511.0,1516.0,1511.0,1516.0,0,2026-06-22T18:44:00.509653+00:00
6809fabe-d1fc-4896-957a-7a82a95b2ea2,DLF,2026-06-22,633.0,633.0,625.0,625.0,0,2026-06-22T18:44:00.509653+00:00
fffedf92-fe32-46b2-83de-142beba3023c,DRREDDY,2026-06-22,1266.0,1295.0,1266.0,1294.0,0,2026-06-22T18:44:00.509653+00:00
3c0e5cab-b0a3-41b6-9d61-8c46dd2fdf16,EICHERMOT,2026-06-22,7649.0,7709.0,7642.0,7642.0,0,2026-06-22T18:44:00.509653+00:00
4a118ef5-871a-4e35-8c8c-63c600d75a9a,GRASIM,2026-06-22,3145.0,3146.0,3145.0,3146.0,0,2026-06-22T18:44:00.509653+00:00
17f55777-335e-4501-baf2-de16b8b4948f,HFCL,2026-06-22,217.0,217.0,212.0,212.0,0,2026-06-22T18:44:00.509653+00:00
f48f1dce-979f-4c06-9630-f9f674941140,HINDALCO,2026-06-22,1008.0,1016.0,1008.0,1016.0,0,2026-06-22T18:44:00.509653+00:00
6542f752-601d-4e68-b29e-3fa8ad8f0c8b,LODHA,2026-06-22,919.0,926.0,919.0,924.0,0,2026-06-22T18:44:00.509653+00:00
a28cda97-31a1-427a-91c9-b6035903919d,LTF,2026-06-22,287.0,288.0,287.0,288.0,0,2026-06-22T18:44:00.509653+00:00
0ec1a672-505f-48a3-a72d-484b2cc018d1,M&M,2026-06-22,3086.0,3093.0,3078.0,3079.0,0,2026-06-22T18:44:00.509653+00:00
ba4b5cac-ff0a-4b47-ac1f-44b09ac5af8d,MANKIND,2026-06-22,2419.0,2431.0,2419.0,2431.0,0,2026-06-22T18:44:00.509653+00:00
d3b6c884-7d3e-47e0-b4ad-0b565f0b5a71,NBCC,2026-06-22,112.0,112.0,111.0,111.0,0,2026-06-22T18:44:00.509653+00:00
a51db5de-8f28-4bac-91e2-61e40e727228,NHPC,2026-06-22,76.0,78.0,76.0,78.0,0,2026-06-22T18:44:00.509653+00:00
362b386e-54ee-4087-b486-9718fda4630a,HINDZINC,2026-06-24,547.0,547.0,541.0,541.0,0,2026-06-24T10:15:40.953425+00:00
a525b8e0-229f-4175-8bbf-eb61615d1a6c,HUDCO,2026-06-24,208.0,208.0,207.0,207.0,0,2026-06-24T10:15:40.953425+00:00
cd390b49-ba40-4b56-9e0b-e20eb6b6a086,ICICIBANK,2026-06-24,1356.0,1376.0,1356.0,1374.0,0,2026-06-24T10:15:40.953425+00:00
606864d6-6317-4114-8e4d-5407d7455c48,ICICIGI,2026-06-24,1824.0,1834.0,1817.0,1817.0,0,2026-06-24T10:15:40.953425+00:00
3f15a5c5-a5aa-489f-8ae2-c628eeb1fd30,ICICIPRULI,2026-06-24,504.0,505.0,497.0,497.0,0,2026-06-24T10:15:40.953425+00:00
6509aa60-d7d1-4828-a91e-342ee4f934d1,IDEA,2026-06-24,15.0,15.0,14.0,15.0,0,2026-06-24T10:15:40.953425+00:00
b69f22cc-9e25-48fb-9ff5-e3adabdba6fc,IDFCFIRSTB,2026-06-24,79.0,79.0,79.0,79.0,0,2026-06-24T10:15:40.953425+00:00
fc9652cc-b283-4854-97c7-0f2de21b91ca,IEX,2026-06-24,125.0,126.0,125.0,125.0,0,2026-06-24T10:15:40.953425+00:00
d62046ad-1042-4d3e-a565-b22039f3451e,IGL,2026-06-24,169.0,169.0,168.0,168.0,0,2026-06-24T10:15:40.953425+00:00
95f732db-5dfb-4e45-9f74-8b3267949b3e,MAZDOCK,2026-06-30,2457.0,2510.0,2457.0,2486.0,0,2026-06-30T10:11:24.203026+00:00
dd090d72-16db-4c73-ae80-05bf9e80ca9d,MCX,2026-06-30,2839.0,2890.0,2833.0,2842.0,0,2026-06-30T10:11:24.203026+00:00
fb3ceb26-bcfd-4d6b-a758-9870ca6277d4,MFSL,2026-06-30,1582.0,1601.0,1581.0,1583.0,0,2026-06-30T10:11:24.203026+00:00
70378536-fee9-4879-82ab-18966b58027b,HINDUNILVR,2026-06-29,2171.0,2187.0,2159.0,2180.0,0,2026-06-29T10:15:54.596953+00:00
83c75fc4-f02f-48fb-9043-adab4a6b99d9,ICICIBANK,2026-06-29,1385.0,1389.0,1385.0,1388.0,0,2026-06-29T10:15:54.596953+00:00
c3191a76-ba47-419f-9b9a-19f9177e72e4,ICICIGI,2026-06-29,1813.0,1813.0,1770.0,1770.0,0,2026-06-29T10:15:54.596953+00:00
65926732-08ca-4d90-ba45-047e1b68aad4,ICICIPRULI,2026-06-29,495.0,495.0,490.0,492.0,0,2026-06-29T10:15:54.596953+00:00
781a5517-3da2-415a-8b52-0f06d4bb0ea6,INFY,2026-06-29,1050.0,1050.0,1032.0,1032.0,0,2026-06-29T10:15:54.596953+00:00
5b776135-2ded-42e5-bbc2-dc14cbb653d8,360ONE,2026-06-23,1140.0,1142.0,1116.0,1116.0,0,2026-06-23T10:07:58.379321+00:00
2b1a7337-4ac9-4b8f-8339-d8b38a8ab2e0,ABB,2026-06-23,7217.0,7258.0,7215.0,7215.0,0,2026-06-23T10:07:58.379321+00:00
ddb235ee-5923-41f6-a02d-f2a7adf73629,ADANIENT,2026-06-23,3037.0,3055.0,2986.0,2986.0,0,2026-06-23T10:07:58.379321+00:00
1eefded0-7232-47ed-8816-45633175d125,ALKEM,2026-06-23,5478.0,5485.0,5431.0,5440.0,0,2026-06-23T10:07:58.379321+00:00
e790fdee-9afc-4377-af1c-189056a0f488,AMBUJACEM,2026-06-23,426.0,427.0,423.0,423.0,0,2026-06-23T10:07:58.379321+00:00
9aa43ce9-9cf7-4134-93fe-036d59623a77,APLAPOLLO,2026-06-23,1867.0,1867.0,1837.0,1837.0,0,2026-06-23T10:07:58.379321+00:00
bfc707be-9742-4126-867d-8f81f152f83c,APOLLOHOSP,2026-06-23,8460.0,8529.0,8460.0,8492.0,0,2026-06-23T10:07:58.379321+00:00
992a42e6-c0d5-436f-b446-551eb0ff6f47,BSE,2026-06-23,4016.0,4016.0,3994.0,3994.0,0,2026-06-23T10:07:58.379321+00:00
84e9f285-2547-4e0e-b79c-0436d4c5012c,CAMS,2026-06-23,822.0,827.0,818.0,818.0,0,2026-06-23T10:07:58.379321+00:00
bd3aad5c-cfd1-4f6f-95d6-8cfc394f163e,CHOLAFIN,2026-06-23,1735.0,1740.0,1721.0,1732.0,0,2026-06-23T10:07:58.379321+00:00
8218b66a-444e-447f-b43b-b15323c90f9f,CIPLA,2026-06-23,1429.0,1454.0,1429.0,1454.0,0,2026-06-23T10:07:58.379321+00:00
2c357208-9b46-4973-bba7-1e7ef805784a,COALINDIA,2026-06-23,449.0,449.0,446.0,446.0,0,2026-06-23T10:07:58.379321+00:00
b7fe7445-c521-47cd-809a-13322cd56b18,COCHINSHIP,2026-06-23,1483.0,1491.0,1478.0,1478.0,0,2026-06-23T10:07:58.379321+00:00
93e7a5c9-fbda-4472-bbb6-7dd5ef7465c2,COLPAL,2026-06-23,1994.0,1999.0,1982.0,1982.0,0,2026-06-23T10:07:58.379321+00:00
1e32583b-cf16-4c7c-baa6-d41fc6611149,CONCOR,2026-06-23,479.0,483.0,477.0,477.0,0,2026-06-23T10:07:58.379321+00:00
9da68fea-7e37-41f3-b073-0a2169feaa64,CROMPTON,2026-06-23,277.0,277.0,273.0,273.0,0,2026-06-23T10:07:58.379321+00:00
c6917cfb-7305-4f0e-9862-66ef0f33be89,CUMMINSIND,2026-06-23,5742.0,5820.0,5742.0,5765.0,0,2026-06-23T10:07:58.379321+00:00
b8481f5f-867d-42a5-b12a-25cd6403b162,CYIENT,2026-06-23,881.0,888.0,881.0,888.0,0,2026-06-23T10:07:58.379321+00:00
18b1250c-2531-420b-8853-631ff92c85a9,DABUR,2026-06-23,423.0,424.0,420.0,421.0,0,2026-06-23T10:07:58.379321+00:00
4797a16e-3b92-4aec-8513-14c4c84cb7ab,DALBHARAT,2026-06-23,1712.0,1715.0,1680.0,1681.0,0,2026-06-23T10:07:58.379321+00:00
32287ab2-3693-4e79-b594-6120b78b2ea8,DELHIVERY,2026-06-23,468.0,484.0,468.0,479.0,0,2026-06-23T10:07:58.379321+00:00
b247dda2-4818-436c-82c2-d878b9c21b39,DIVISLAB,2026-06-23,6756.0,6769.0,6756.0,6769.0,0,2026-06-23T10:07:58.379321+00:00
9c5b5116-7cc8-4514-9170-109981857e1b,DIXON,2026-06-23,12243.0,12243.0,11982.0,11982.0,0,2026-06-23T10:07:58.379321+00:00
8e985089-0f08-4619-be52-60cc8e93d041,DMART,2026-06-23,4319.0,4399.0,4319.0,4394.0,0,2026-06-23T10:07:58.379321+00:00
144774b6-b0c6-47da-89f7-d25179b8fb18,DRREDDY,2026-06-23,1314.0,1322.0,1289.0,1305.0,0,2026-06-23T10:07:58.379321+00:00
e2e72def-9183-4ae5-81cf-168126529fc1,EICHERMOT,2026-06-23,7642.0,7664.0,7573.0,7573.0,0,2026-06-23T10:07:58.379321+00:00
db084eb3-ccf7-4ab2-a2be-12ed6d3032ae,ETERNAL,2026-06-23,265.0,266.0,261.0,261.0,0,2026-06-23T10:07:58.379321+00:00
61644b8d-73e7-4ae9-a670-2b77ce89b5cc,EXIDEIND,2026-06-23,382.0,383.0,382.0,383.0,0,2026-06-23T10:07:58.379321+00:00
c09f716d-d94c-4ead-8382-ec430b8efdd0,FEDERALBNK,2026-06-23,323.0,324.0,323.0,323.0,0,2026-06-23T10:07:58.379321+00:00
b8dd1863-3928-4793-b3ba-2d219f3852ac,FORTIS,2026-06-23,965.0,984.0,965.0,974.0,0,2026-06-23T10:07:58.379321+00:00
3fb7ab0e-1ddc-4226-bca3-d505f2b104e2,GAIL,2026-06-23,176.0,176.0,174.0,174.0,0,2026-06-23T10:07:58.379321+00:00
207961e1-b459-4b31-9455-57f8bd325f4e,GLENMARK,2026-06-23,2182.0,2214.0,2182.0,2187.0,0,2026-06-23T10:07:58.379321+00:00
bd79774d-4048-4d26-97dd-4a18f124f176,GMRAIRPORT,2026-06-23,109.0,109.0,108.0,108.0,0,2026-06-23T10:07:58.379321+00:00
fd15afb4-c841-49bd-a50b-9d0debaacc3d,GODREJCP,2026-06-23,1020.0,1021.0,1011.0,1021.0,0,2026-06-23T10:07:58.379321+00:00
2d840f62-2830-4852-9570-1e6c0793e4ac,GRASIM,2026-06-23,3170.0,3173.0,3144.0,3146.0,0,2026-06-23T10:07:58.379321+00:00
a82d166a-4481-41b7-926c-d6dd28332c32,HAL,2026-06-23,4427.0,4520.0,4427.0,4506.0,0,2026-06-23T10:07:58.379321+00:00
b767210e-6f9b-49c7-9d92-077b1d272945,HAVELLS,2026-06-23,1183.0,1191.0,1175.0,1175.0,0,2026-06-23T10:07:58.379321+00:00
91637f60-c090-478c-9460-b9703b04ec98,HCLTECH,2026-06-23,1111.0,1120.0,1108.0,1108.0,0,2026-06-23T10:07:58.379321+00:00
6b0c1799-6a60-4439-8bd5-0d43cae89aef,HDFCAMC,2026-06-23,2699.0,2724.0,2698.0,2705.0,0,2026-06-23T10:07:58.379321+00:00
5e88a205-6d7d-4ffa-9e13-ff1ebccce90e,HDFCBANK,2026-06-23,784.0,791.0,781.0,781.0,0,2026-06-23T10:07:58.379321+00:00
ed04702b-ec5d-4357-b04c-6c0fb62fce46,IIFL,2026-06-24,536.0,536.0,515.0,529.0,0,2026-06-24T10:15:40.953425+00:00
effb7f82-f777-42d2-aa34-6c1b24283bc6,INDHOTEL,2026-06-24,727.0,728.0,720.0,726.0,0,2026-06-24T10:15:40.953425+00:00
f0a7052a-f0b5-43fb-895f-3726115a18f2,INDIANB,2026-06-24,854.0,854.0,843.0,846.0,0,2026-06-24T10:15:40.953425+00:00
18de22be-f648-4272-a39f-c5d9e6eae089,INDIGO,2026-06-24,4990.0,5070.0,4990.0,5058.0,0,2026-06-24T10:15:40.953425+00:00
86fdb208-d274-4740-80bc-769f33183511,INDUSINDBK,2026-06-24,908.0,928.0,901.0,928.0,0,2026-06-24T10:15:40.953425+00:00
2a27310c-ddba-436d-9875-5ac260915ce1,INDUSTOWER,2026-06-24,404.0,408.0,400.0,400.0,0,2026-06-24T10:15:40.953425+00:00
7541b6ce-ddbf-410c-8a24-6cf32f59937f,INFY,2026-06-24,1041.0,1058.0,1041.0,1056.0,0,2026-06-24T10:15:40.953425+00:00
88fef8cf-0f81-4ee0-98a0-6998bf6a26c3,INOXWIND,2026-06-24,91.0,91.0,90.0,90.0,0,2026-06-24T10:15:40.953425+00:00
90d9b292-9586-41c5-a8e1-30d472eb36a1,IOC,2026-06-24,144.0,146.0,144.0,146.0,0,2026-06-24T10:15:40.953425+00:00
b5215073-3edd-4345-90d7-7ce17d574c4a,JSWENERGY,2026-06-24,573.0,576.0,568.0,575.0,0,2026-06-24T10:15:40.953425+00:00
30003247-96d0-43bd-b015-2493f2949cb7,360ONE,2026-06-30,1102.0,1102.0,1082.0,1083.0,0,2026-06-30T10:11:24.203026+00:00
d995f59c-aeb0-4ea4-85b1-061ecf284bd0,BHARTIARTL,2026-06-30,1845.0,1874.0,1841.0,1873.0,0,2026-06-30T10:11:24.203026+00:00
201c26df-aed8-4ac4-9a72-63fead66752e,BHEL,2026-06-30,413.0,418.0,413.0,418.0,0,2026-06-30T10:11:24.203026+00:00
12fa2336-8f0b-4cd6-9887-c0bc1472b7e4,INOXWIND,2026-06-30,89.0,90.0,89.0,90.0,0,2026-06-30T10:11:24.203026+00:00
3b503146-ad58-4092-8c78-02f93b160b7a,UPL,2026-07-07,603.0,606.0,603.0,603.0,0,2026-07-07T10:10:45.558638+00:00
973b6ee9-800e-4fb7-b4a8-f8b2cf111933,MAXHEALTH,2026-06-29,1143.0,1154.0,1143.0,1151.0,0,2026-06-29T10:15:54.596953+00:00
5f1204c0-bc13-4f30-a42a-d3c91c3e2516,MAZDOCK,2026-06-29,2498.0,2498.0,2457.0,2457.0,0,2026-06-29T10:15:54.596953+00:00
21a6c9f6-d83c-4921-aa6a-da588b741dd4,MFSL,2026-06-29,1632.0,1632.0,1582.0,1582.0,0,2026-06-29T10:15:54.596953+00:00
ef0bac6d-525b-410b-9ceb-45bf61e66980,NESTLEIND,2026-06-29,1400.0,1416.0,1385.0,1385.0,0,2026-06-29T10:15:54.596953+00:00
58e70aa1-bbe7-42fc-b17d-e4058902cdb5,NHPC,2026-06-29,80.0,80.0,79.0,80.0,0,2026-06-29T10:15:54.596953+00:00
b0f3564f-e16b-4d22-832b-7ddd2cb11221,NMDC,2026-06-29,85.0,85.0,85.0,85.0,0,2026-06-29T10:15:54.596953+00:00
768ea63b-4be0-41fe-8e0c-7d9009a6320d,NTPC,2026-06-29,353.0,356.0,353.0,356.0,0,2026-06-29T10:15:54.596953+00:00
e0adef81-6e61-424a-9575-d636108832a5,BANKBARODA,2026-07-01,273.0,274.0,271.0,272.0,0,2026-07-01T10:15:40.157906+00:00
67924ca1-c626-4718-8b20-e27fcf7e7dba,VOLTAS,2026-07-07,1287.0,1287.0,1272.0,1287.0,0,2026-07-07T10:10:45.558638+00:00
75cfdf74-51ac-45cd-b079-b932c6e9a1af,LUPIN,2026-07-09,2492.0,2507.0,2492.0,2505.0,0,2026-07-09T10:13:37.065139+00:00
f6ccd950-e9f4-4e33-a302-e4ace9e8546d,IGL,2026-07-08,152.0,153.0,151.0,151.0,0,2026-07-08T10:11:15.313523+00:00
f9116ec8-f383-40ba-a1fa-2667f91a3184,CGPOWER,2026-06-25,923.0,932.0,923.0,931.0,0,2026-06-25T10:05:37.921051+00:00
0551ff8d-e86c-433b-aa4d-2b6ed88d7c5a,CHOLAFIN,2026-06-25,1800.0,1814.0,1800.0,1814.0,0,2026-06-25T10:05:37.921051+00:00
8e7ad720-3c12-4e30-bfe5-3b6a556c8e98,CIPLA,2026-06-25,1438.0,1447.0,1437.0,1445.0,0,2026-06-25T10:05:37.921051+00:00
28062a14-4e30-4f12-9bbe-19937c04bd66,COALINDIA,2026-06-25,442.0,442.0,434.0,434.0,0,2026-06-25T10:05:37.921051+00:00
2d512fde-390f-4e0c-a44a-8c7d6be0f45e,COCHINSHIP,2026-06-25,1488.0,1488.0,1471.0,1471.0,0,2026-06-25T10:05:37.921051+00:00
cb4ecacb-ca12-480b-a781-9e750cca5768,COLPAL,2026-06-25,1985.0,1990.0,1985.0,1990.0,0,2026-06-25T10:05:37.921051+00:00
70c10c5b-3f1f-4e16-9d38-2aff416703de,CONCOR,2026-06-25,479.0,479.0,475.0,475.0,0,2026-06-25T10:05:37.921051+00:00
b8919e81-6cf2-409f-8c8f-ab56bbdf088e,CROMPTON,2026-06-25,276.0,278.0,276.0,277.0,0,2026-06-25T10:05:37.921051+00:00
ac5c8453-2049-4db4-be84-598adcf6832b,CUMMINSIND,2026-06-25,5626.0,5678.0,5626.0,5678.0,0,2026-06-25T10:05:37.921051+00:00
5e904dfc-9524-4ce6-804b-b5224d53d389,CYIENT,2026-06-25,889.0,893.0,886.0,888.0,0,2026-06-25T10:05:37.921051+00:00
639048a1-c8cb-453f-a42d-62ad15639637,POLICYBZR,2026-07-02,1694.0,1701.0,1686.0,1686.0,0,2026-07-02T10:13:47.731181+00:00
7cf83037-4a12-42b4-921a-84939117b66c,DALBHARAT,2026-06-24,1681.0,1720.0,1681.0,1720.0,0,2026-06-24T10:15:40.953425+00:00
94c5b87e-8b6b-4ca6-8d06-09ffb670e118,DIVISLAB,2026-06-24,6801.0,6801.0,6746.0,6752.0,0,2026-06-24T10:15:40.953425+00:00
48068bcf-0f05-4112-b15f-7240d9ef7625,HDFCLIFE,2026-06-24,594.0,601.0,588.0,592.0,0,2026-06-24T10:15:40.953425+00:00
a13239d3-edb6-40a2-8f76-cd4666d78c1a,HEROMOTOCO,2026-06-24,4960.0,4983.0,4894.0,4894.0,0,2026-06-24T10:15:40.953425+00:00
b540946d-c938-4540-9c34-f0234d86b51f,HFCL,2026-06-24,205.0,214.0,199.0,207.0,0,2026-06-24T10:15:40.953425+00:00
e474c162-394e-4a97-aa5a-8b22a774e580,HINDALCO,2026-06-24,979.0,987.0,973.0,981.0,0,2026-06-24T10:15:40.953425+00:00
53848330-555c-4207-b907-52fe8461b26f,HINDPETRO,2026-06-24,397.0,404.0,394.0,404.0,0,2026-06-24T10:15:40.953425+00:00
f6ac34e7-bec1-48fe-8896-12db7e375001,HINDUNILVR,2026-06-24,2158.0,2162.0,2152.0,2162.0,0,2026-06-24T10:15:40.953425+00:00
cb7d80b7-42db-4541-b283-6eeb7a8c380e,NMDC,2026-06-24,85.0,86.0,85.0,86.0,0,2026-06-24T10:15:40.953425+00:00
7a0e6237-dfe9-42b9-9897-da3322e5dd82,NTPC,2026-06-24,364.0,364.0,357.0,357.0,0,2026-06-24T10:15:40.953425+00:00
d2be309e-e72f-4056-8535-45549eea11bb,NUVAMA,2026-06-24,1736.0,1745.0,1732.0,1733.0,0,2026-06-24T10:15:40.953425+00:00
e2e1fa02-f097-4480-8eb2-ca121a9cc1c7,NYKAA,2026-06-24,305.0,309.0,305.0,307.0,0,2026-06-24T10:15:40.953425+00:00
381632c9-0c32-4237-a4d6-98265ddd5a53,OBEROIRLTY,2026-06-24,1712.0,1727.0,1711.0,1727.0,0,2026-06-24T10:15:40.953425+00:00
6bebafa4-c3d7-4bf2-bda5-3121a7c5e4a5,OFSS,2026-06-24,9970.0,10499.0,9970.0,10499.0,0,2026-06-24T10:15:40.953425+00:00
ba37814d-eb81-4fa2-89c6-0f443cac3612,ONGC,2026-06-24,244.0,244.0,242.0,242.0,0,2026-06-24T10:15:40.953425+00:00
ed33eff0-5674-47f3-b301-e1d7bde7d48c,PAGEIND,2026-06-24,40405.0,40460.0,39615.0,40330.0,0,2026-06-24T10:15:40.953425+00:00
a7298896-5d70-4556-b323-61801a80a4fc,POLYCAB,2026-07-02,9759.0,9759.0,9605.0,9649.0,0,2026-07-02T10:13:47.731181+00:00
ec45acf2-78d8-477b-beb5-887a4a7c6e2c,HDFCAMC,2026-07-10,2738.0,2768.0,2738.0,2768.0,0,2026-07-10T10:15:53.013733+00:00
7b2f3993-2fb9-41dc-86ae-19e47234d9cd,HDFCBANK,2026-07-10,824.0,826.0,824.0,825.0,0,2026-07-10T10:15:53.013733+00:00
896f905b-ece1-47ec-b9d5-f5a24cbd26b8,GLENMARK,2026-06-29,2183.0,2211.0,2181.0,2181.0,0,2026-06-29T10:15:54.596953+00:00
aa83d39a-d1a9-4798-9aa6-0116cbe95209,GMRAIRPORT,2026-06-29,111.0,111.0,110.0,110.0,0,2026-06-29T10:15:54.596953+00:00
fc89e0b0-795a-46e6-bd7e-9673f5c59023,IDEA,2026-06-29,14.0,14.0,14.0,14.0,0,2026-06-29T10:15:54.596953+00:00
d5fa388b-052e-49b9-8cc7-863fd2b14424,IDFCFIRSTB,2026-06-29,79.0,80.0,78.0,78.0,0,2026-06-29T10:15:54.596953+00:00
149d0fdc-95f3-401d-abea-1c10e1e4d7e1,BSE,2026-06-19,4037.0,4049.0,4022.0,4025.0,0,2026-06-22T18:44:00.225706+00:00
1a52f2e9-3e30-47a0-b952-e90b9170310f,CAMS,2026-06-19,825.0,828.0,820.0,822.0,0,2026-06-22T18:44:00.225706+00:00
0b5ae55a-ef58-46fd-b479-260ffcb90fc5,CANBK,2026-06-19,135.0,135.0,133.0,134.0,0,2026-06-22T18:44:00.225706+00:00
f10a62b8-625a-4172-99e9-3861453164d6,CDSL,2026-06-19,1348.0,1376.0,1348.0,1365.0,0,2026-06-22T18:44:00.225706+00:00
15a60334-b31c-47f7-a5ba-3f0438bcffaa,CGPOWER,2026-06-19,959.0,965.0,955.0,965.0,0,2026-06-22T18:44:00.225706+00:00
8f4bf01f-88cb-4dd0-8971-b1f4c520d532,CHOLAFIN,2026-06-19,1689.0,1695.0,1689.0,1693.0,0,2026-06-22T18:44:00.225706+00:00
fab85b0d-a4c4-45fe-80c5-d271f8b0a23f,CIPLA,2026-06-19,1353.0,1358.0,1353.0,1353.0,0,2026-06-22T18:44:00.225706+00:00
775ab6a0-fd1e-49ef-a55a-e6864746ae6e,COALINDIA,2026-06-19,452.0,452.0,450.0,452.0,0,2026-06-22T18:44:00.225706+00:00
e914bd9a-9635-4b51-b856-94c881fc2fff,COCHINSHIP,2026-06-19,1496.0,1496.0,1464.0,1470.0,0,2026-06-22T18:44:00.225706+00:00
4cc6e8e8-916e-4cd7-9b0c-83de73074ec8,COLPAL,2026-06-19,2023.0,2023.0,1992.0,2005.0,0,2026-06-22T18:44:00.225706+00:00
2cebb02c-f1ce-452b-b162-b0eef8ebb10a,CONCOR,2026-06-19,464.0,472.0,464.0,472.0,0,2026-06-22T18:44:00.225706+00:00
7d1cba2e-8af0-4590-a9a2-d4dbe84ecc81,CROMPTON,2026-06-19,274.0,276.0,265.0,275.0,0,2026-06-22T18:44:00.225706+00:00
341968c1-0504-40f5-abb7-8712bbced771,CUMMINSIND,2026-06-19,5885.0,5890.0,5859.0,5874.0,0,2026-06-22T18:44:00.225706+00:00
a0c30db1-f371-4a03-8bc9-a12defd96873,CYIENT,2026-06-19,873.0,873.0,860.0,860.0,0,2026-06-22T18:44:00.225706+00:00
d34781ea-9175-4489-ac93-678ae2c72acb,DABUR,2026-06-19,429.0,429.0,423.0,424.0,0,2026-06-22T18:44:00.225706+00:00
1abba1c1-8d28-43cd-b106-5d60af695fd7,DALBHARAT,2026-06-19,1725.0,1728.0,1716.0,1718.0,0,2026-06-22T18:44:00.225706+00:00
e86d1e20-82b8-40d9-8239-4446eba0c7bc,DELHIVERY,2026-06-19,457.0,463.0,457.0,462.0,0,2026-06-22T18:44:00.225706+00:00
c20521cb-e201-4729-956f-34b3a2c20011,DIVISLAB,2026-06-19,6747.0,6761.0,6747.0,6750.0,0,2026-06-22T18:44:00.225706+00:00
a65741df-e827-4952-b693-9745d8483197,DIXON,2026-06-19,12422.0,12571.0,12422.0,12571.0,0,2026-06-22T18:44:00.225706+00:00
553cbabb-ce5b-4956-bab8-1657a8e4bf0f,DLF,2026-06-19,635.0,635.0,633.0,633.0,0,2026-06-22T18:44:00.225706+00:00
103e53b8-32e0-4d9d-b411-20bb87fda8c1,IEX,2026-06-29,125.0,125.0,124.0,125.0,0,2026-06-29T10:15:54.596953+00:00
0c9945c6-3271-4861-ae0f-180b30d4e0cb,PATANJALI,2026-06-24,414.0,414.0,412.0,412.0,0,2026-06-24T10:15:40.953425+00:00
c7549f83-5d32-4de8-bc24-c264e6115a2f,PAYTM,2026-06-24,1094.0,1095.0,1081.0,1095.0,0,2026-06-24T10:15:40.953425+00:00
0bbdc10f-bc40-4ad4-938d-83e00c8072d1,PIIND,2026-06-24,2750.0,2759.0,2747.0,2759.0,0,2026-06-24T10:15:40.953425+00:00
39de0395-c596-435d-8a26-e0827aa97b40,PNB,2026-06-24,108.0,108.0,107.0,108.0,0,2026-06-24T10:15:40.953425+00:00
3abc0847-18ce-4e48-bf61-c04e3a2fc190,PNBHOUSING,2026-06-24,1028.0,1032.0,1022.0,1032.0,0,2026-06-24T10:15:40.953425+00:00
4a35141e-304f-46a6-9dea-e6c9c08a5939,POLICYBZR,2026-06-24,1639.0,1639.0,1611.0,1623.0,0,2026-06-24T10:15:40.953425+00:00
f20d093a-2a6d-4b84-9ae5-9bb968a52fd1,POLYCAB,2026-06-24,9943.0,9943.0,9743.0,9743.0,0,2026-06-24T10:15:40.953425+00:00
9fc8e438-7ab7-49f1-941f-62eb3fbc25d1,POWERGRID,2026-06-24,291.0,293.0,289.0,291.0,0,2026-06-24T10:15:40.953425+00:00
86cf806b-b60a-4ab0-a9b4-d135fd6c8920,PPLPHARMA,2026-06-24,173.0,173.0,171.0,172.0,0,2026-06-24T10:15:40.953425+00:00
df0f230b-af74-4c79-a9b2-699989ee7ed6,PRESTIGE,2026-06-24,1533.0,1541.0,1512.0,1541.0,0,2026-06-24T10:15:40.953425+00:00
b4f2a8ee-b61e-4512-82b4-db5187e9230a,IGL,2026-06-29,170.0,170.0,169.0,169.0,0,2026-06-29T10:15:54.596953+00:00
6d6ae4fb-543e-4a92-8ac2-9ac509f0e37d,IIFL,2026-06-29,523.0,523.0,491.0,491.0,0,2026-06-29T10:15:54.596953+00:00
22cb5cdb-8d8b-4cc6-892d-15542eca2664,CYIENT,2026-06-24,885.0,893.0,885.0,893.0,0,2026-06-24T10:15:40.953425+00:00
2e89de31-914b-43c6-92e9-1d2f4d4e1dee,DABUR,2026-06-24,421.0,421.0,418.0,420.0,0,2026-06-24T10:15:40.953425+00:00
f088c9be-df83-4836-9297-0a9f8481f216,INDHOTEL,2026-06-29,724.0,724.0,511.0,710.0,0,2026-06-29T10:15:54.596953+00:00
47c61f0b-f6ff-4aab-8c38-4481717a3c9e,INDIANB,2026-06-29,834.0,834.0,818.0,820.0,0,2026-06-29T10:15:54.596953+00:00
f81c9a38-2ab6-4d0a-84f7-3903f7dc7851,INDIGO,2026-06-29,5444.0,5444.0,5331.0,5331.0,0,2026-06-29T10:15:54.596953+00:00
268dee4e-b154-437d-b3d2-e97c8ed9d8f8,INDUSINDBK,2026-06-29,927.0,927.0,911.0,912.0,0,2026-06-29T10:15:54.596953+00:00
1f155dd9-9521-4d64-8e2a-9857bface140,INDUSTOWER,2026-06-29,394.0,511.0,389.0,393.0,0,2026-06-29T10:15:54.596953+00:00
a7f21345-10a5-4f07-a1d5-e889a553411d,KEI,2026-06-29,5327.0,5327.0,5296.0,5324.0,0,2026-06-29T10:15:54.596953+00:00
3c382944-01eb-4d33-bbb4-24f36c180858,BPCL,2026-06-24,310.0,312.0,310.0,312.0,0,2026-06-24T10:15:40.953425+00:00
c5cdecc7-d512-481a-bb97-5bc9eae859c9,BRITANNIA,2026-06-24,5245.0,5271.0,5238.0,5271.0,0,2026-06-24T10:15:40.953425+00:00
87ba8eae-1aae-4fa8-a97f-daf58ee8b025,BSE,2026-06-24,3925.0,3932.0,3900.0,3900.0,0,2026-06-24T10:15:40.953425+00:00
19a18174-f47a-44fc-b391-1c5b63c22235,CAMS,2026-06-24,818.0,818.0,797.0,797.0,0,2026-06-24T10:15:40.953425+00:00
5730c5b7-9477-480a-a756-e5b1374fe364,CANBK,2026-06-24,131.0,131.0,130.0,130.0,0,2026-06-24T10:15:40.953425+00:00
721bac2d-e45b-43fc-a492-202071c4c65c,CDSL,2026-06-24,1338.0,1338.0,1331.0,1334.0,0,2026-06-24T10:15:40.953425+00:00
a7312d8b-af3d-4c7b-b65f-a79251f902a1,CGPOWER,2026-06-24,960.0,960.0,923.0,923.0,0,2026-06-24T10:15:40.953425+00:00
bd4e8293-9381-45c9-8c0a-ccbb35fa930b,CHOLAFIN,2026-06-24,1738.0,1800.0,1738.0,1800.0,0,2026-06-24T10:15:40.953425+00:00
8817fa58-9b0c-4fbc-99e8-618bd1605162,CIPLA,2026-06-24,1454.0,1454.0,1435.0,1438.0,0,2026-06-24T10:15:40.953425+00:00
088f488e-83d5-4e15-b862-8f805137ddb6,COALINDIA,2026-06-24,446.0,446.0,442.0,442.0,0,2026-06-24T10:15:40.953425+00:00
d304b678-8d1b-4761-a199-ae1f9d71f983,COCHINSHIP,2026-06-24,1478.0,1488.0,1471.0,1488.0,0,2026-06-24T10:15:40.953425+00:00
63037de3-6ecf-47df-921a-43fb767be75d,COLPAL,2026-06-24,1986.0,1986.0,1962.0,1964.0,0,2026-06-24T10:15:40.953425+00:00
57933f12-04a1-4975-87ea-c3f441bdc514,CONCOR,2026-06-24,477.0,477.0,470.0,474.0,0,2026-06-24T10:15:40.953425+00:00
8baf9d6a-4c32-4369-a6df-82a08b8a5929,TIINDIA,2026-06-24,3245.0,3282.0,3244.0,3244.0,0,2026-06-24T10:15:40.953425+00:00
64ea59ba-9a7e-4b93-bfb7-4485872ffdbc,TITAN,2026-06-24,4375.0,4375.0,4279.0,4282.0,0,2026-06-24T10:15:40.953425+00:00
ab20464c-6d25-44f1-8962-2b1d75090343,IEX,2026-06-23,128.0,128.0,125.0,125.0,0,2026-06-23T10:07:58.379321+00:00
e71cd0e2-a7f0-4b1e-a57e-f6421adfa567,IGL,2026-06-23,170.0,170.0,169.0,169.0,0,2026-06-23T10:07:58.379321+00:00
5f0b847a-e489-4dc0-a5fe-324d487ca511,IIFL,2026-06-23,545.0,545.0,533.0,536.0,0,2026-06-23T10:07:58.379321+00:00
3cbc6f74-5242-4544-bbec-94761dbcc440,INDHOTEL,2026-06-23,727.0,727.0,727.0,727.0,0,2026-06-23T10:07:58.379321+00:00
6b1ddc56-80aa-483c-aa53-b28cf9e71638,INDIANB,2026-06-23,862.0,862.0,847.0,847.0,0,2026-06-23T10:07:58.379321+00:00
c948178c-e086-4bdd-890a-7d54b0e295eb,INDIGO,2026-06-23,5023.0,5023.0,4999.0,4999.0,0,2026-06-23T10:07:58.379321+00:00
0510f5ae-22bf-42bf-9512-a857b1418c04,IOC,2026-06-23,144.0,145.0,144.0,144.0,0,2026-06-23T10:07:58.379321+00:00
5e7900bf-21b2-4179-baf6-461f5a118f29,IREDA,2026-06-23,131.0,131.0,128.0,128.0,0,2026-06-23T10:07:58.379321+00:00
8286408a-8f2c-4816-8cd3-5af47227a9e4,KEI,2026-06-23,5681.0,5681.0,5649.0,5649.0,0,2026-06-23T10:07:58.379321+00:00
7835afd9-4b28-41ca-ac51-64b99e5490f8,KOTAKBANK,2026-06-23,401.0,405.0,401.0,402.0,0,2026-06-23T10:07:58.379321+00:00
0c8ef7f8-9322-4d74-b9ef-a9599e77b37f,KPITTECH,2026-06-23,759.0,759.0,740.0,741.0,0,2026-06-23T10:07:58.379321+00:00
5570b2bd-c810-467b-9f58-8d48b3274647,LAURUSLABS,2026-06-23,1466.0,1484.0,1466.0,1484.0,0,2026-06-23T10:07:58.379321+00:00
7ba09b17-d16b-425c-ae88-fe59f1741f3e,LICHSGFIN,2026-06-23,549.0,549.0,542.0,542.0,0,2026-06-23T10:07:58.379321+00:00
c305ad4a-e1f7-47f6-bb03-2408013ef6b4,LT,2026-06-23,4216.0,4222.0,4198.0,4198.0,0,2026-06-23T10:07:58.379321+00:00
58295241-f85a-42b4-bfd5-e47770fb31f1,LTF,2026-06-23,288.0,289.0,287.0,287.0,0,2026-06-23T10:07:58.379321+00:00
592d97be-9d89-4cdb-97b0-457b41b96534,LTM,2026-06-23,3812.0,3812.0,3759.0,3776.0,0,2026-06-23T10:07:58.379321+00:00
fb20312f-f78f-42c1-a4ea-94ba76a526f2,M&M,2026-06-23,3079.0,3085.0,3053.0,3056.0,0,2026-06-23T10:07:58.379321+00:00
1a11e119-c84a-485b-a090-4a7641e84977,MANAPPURAM,2026-06-23,326.0,326.0,319.0,321.0,0,2026-06-23T10:07:58.379321+00:00
0fa67998-959f-4307-ab2f-51186413ac3e,TMPV,2026-06-24,356.0,356.0,350.0,351.0,0,2026-06-24T10:15:40.953425+00:00
76bfc950-7466-4e03-a86f-5c1e950a9ea3,TORNTPHARM,2026-06-24,4533.0,4533.0,4513.0,4513.0,0,2026-06-24T10:15:40.953425+00:00
a24b3249-cead-4a34-a233-3033def9e4f8,TORNTPOWER,2026-06-24,1462.0,1462.0,1441.0,1444.0,0,2026-06-24T10:15:40.953425+00:00
3001a43e-4e05-4da6-b232-18b063aeb8c1,TRENT,2026-06-24,3182.0,3281.0,3182.0,3275.0,0,2026-06-24T10:15:40.953425+00:00
86c8b0b8-22ab-4a66-bfbe-f4e63190b5b8,TVSMOTOR,2026-06-24,3478.0,3478.0,3420.0,3428.0,0,2026-06-24T10:15:40.953425+00:00
6b570ea3-617e-4185-b260-a28d5adb3ff8,UNIONBANK,2026-06-24,175.0,175.0,174.0,175.0,0,2026-06-24T10:15:40.953425+00:00
f5435488-a715-432e-9a5f-f00e4a005b2d,PIDILITIND,2026-06-23,1561.0,1587.0,1561.0,1577.0,0,2026-06-23T10:07:58.379321+00:00
ab789312-3a0d-43cd-90dc-7b075e2517a1,PIIND,2026-06-23,2807.0,2821.0,2803.0,2803.0,0,2026-06-23T10:07:58.379321+00:00
7e646c99-f574-4e5d-a4c7-50c8f6e8e187,PNB,2026-06-23,109.0,109.0,108.0,108.0,0,2026-06-23T10:07:58.379321+00:00
7194ae74-3367-479d-89a4-70a6713556f1,PNBHOUSING,2026-06-23,1013.0,1027.0,1013.0,1022.0,0,2026-06-23T10:07:58.379321+00:00
1dc3e35b-43dc-4901-9667-949fc11d1584,POLICYBZR,2026-06-23,1678.0,1678.0,1639.0,1639.0,0,2026-06-23T10:07:58.379321+00:00
ed89a4fa-8ba0-4491-adaf-de696c99ebdf,POLYCAB,2026-06-23,10017.0,10046.0,9943.0,9943.0,0,2026-06-23T10:07:58.379321+00:00
1aaa7658-19b8-433f-ad1e-dfdbe78153d9,POWERGRID,2026-06-23,291.0,292.0,290.0,291.0,0,2026-06-23T10:07:58.379321+00:00
0fa9340d-ffdc-4ee9-8d89-53045817e130,PPLPHARMA,2026-06-23,169.0,175.0,169.0,169.0,0,2026-06-23T10:07:58.379321+00:00
8611a4e7-9783-44ca-b156-3958cb18c6b7,PRESTIGE,2026-06-23,1526.0,1534.0,1526.0,1533.0,0,2026-06-23T10:07:58.379321+00:00
6d14f9d6-7f48-4e8c-b7c7-4247be54346f,RBLBANK,2026-06-23,376.0,376.0,370.0,370.0,0,2026-06-23T10:07:58.379321+00:00
da1893a9-6054-4a4f-9f5a-3a623a5d07a7,RECLTD,2026-06-23,368.0,368.0,364.0,364.0,0,2026-06-23T10:07:58.379321+00:00
192274b2-64c8-4812-84ba-8a109ae08272,RELIANCE,2026-06-23,1330.0,1330.0,1315.0,1315.0,0,2026-06-23T10:07:58.379321+00:00
7cacd4bc-c97f-4cae-8103-ee78dc5b6821,RVNL,2026-06-23,248.0,248.0,239.0,239.0,0,2026-06-23T10:07:58.379321+00:00
7b6bb2a6-b91e-478e-bc9c-2ea0e1f8a6e5,SAIL,2026-06-23,179.0,179.0,169.0,169.0,0,2026-06-23T10:07:58.379321+00:00
4df38f9b-f587-4884-8eac-1b1585ff5bd2,SAMMAANCAP,2026-06-23,178.0,178.0,173.0,173.0,0,2026-06-23T10:07:58.379321+00:00
8b54d01f-ee8f-4f2c-9eec-c7acb2264ce8,SBICARD,2026-06-23,628.0,628.0,621.0,622.0,0,2026-06-23T10:07:58.379321+00:00
9478c68f-40a1-479f-bad7-4c7a621a0681,SBILIFE,2026-06-23,1808.0,1812.0,1781.0,1788.0,0,2026-06-23T10:07:58.379321+00:00
89b19019-be3d-435e-8c7c-836c873663a1,SBIN,2026-06-23,1044.0,1044.0,1036.0,1036.0,0,2026-06-23T10:07:58.379321+00:00
fb387635-ef55-45cf-bbe6-919cb75bb070,SHREECEM,2026-06-23,24985.0,25135.0,24920.0,25135.0,0,2026-06-23T10:07:58.379321+00:00
b6dd17ad-1755-43ff-a33b-6fff302bcd00,SHRIRAMFIN,2026-06-23,992.0,999.0,992.0,993.0,0,2026-06-23T10:07:58.379321+00:00
0199195c-0570-40f0-8cac-3ee8ce04aaf4,SIEMENS,2026-06-23,3770.0,3770.0,3743.0,3751.0,0,2026-06-23T10:07:58.379321+00:00
2538b952-8f42-448b-8412-3434c128ad6b,SOLARINDS,2026-06-23,18075.0,18368.0,18075.0,18204.0,0,2026-06-23T10:07:58.379321+00:00
790329c1-398a-455f-b23f-d945c67caa46,SONACOMS,2026-06-23,621.0,621.0,615.0,615.0,0,2026-06-23T10:07:58.379321+00:00
d90381e9-620c-4c84-abfb-0eb319a3d29b,SUZLON,2026-06-23,59.0,59.0,58.0,58.0,0,2026-06-23T10:07:58.379321+00:00
b3c66d8d-e7ab-4640-bf64-b2347009bfc6,SYNGENE,2026-06-23,443.0,447.0,437.0,437.0,0,2026-06-23T10:07:58.379321+00:00
ba1929ae-75ad-4f54-b422-fe12e8a524d0,KPITTECH,2026-06-29,735.0,735.0,732.0,733.0,0,2026-06-29T10:15:54.596953+00:00
bcad11f5-b3f5-4b57-bac3-6a8490579ea1,LAURUSLABS,2026-06-29,1452.0,1504.0,1452.0,1504.0,0,2026-06-29T10:15:54.596953+00:00
5d77d196-1bba-4801-be7a-d91aabaf1dd4,LICHSGFIN,2026-06-29,550.0,551.0,548.0,551.0,0,2026-06-29T10:15:54.596953+00:00
b12a808b-9279-4857-b727-94525ca13da4,LICI,2026-06-29,423.0,428.0,423.0,428.0,0,2026-06-29T10:15:54.596953+00:00
d53d3d83-21a0-40e8-bcff-e041882f139d,LODHA,2026-06-29,955.0,955.0,938.0,941.0,0,2026-06-29T10:15:54.596953+00:00
7d371a3e-d991-4e46-96ad-30908af62ddf,NUVAMA,2026-06-29,1758.0,1786.0,1758.0,1778.0,0,2026-06-29T10:15:54.596953+00:00
ffcc0483-aa06-4bd8-a54f-33be6addafa0,NYKAA,2026-06-29,307.0,307.0,303.0,303.0,0,2026-06-29T10:15:54.596953+00:00
11e71750-861a-4ca6-905c-6c4a56bf6405,OBEROIRLTY,2026-06-29,1758.0,1779.0,1758.0,1763.0,0,2026-06-29T10:15:54.596953+00:00
2f844000-93d6-4ab5-b098-2705600a83c1,MOTHERSON,2026-06-30,147.0,150.0,147.0,148.0,0,2026-06-30T10:11:24.203026+00:00
57bf5acd-6914-4906-bd30-acd032837659,MOTILALOFS,2026-06-30,957.0,958.0,950.0,951.0,0,2026-06-30T10:11:24.203026+00:00
6cbcfd62-24f7-41ed-bd09-3960faf84725,MPHASIS,2026-06-30,2265.0,2265.0,2165.0,2169.0,0,2026-06-30T10:11:24.203026+00:00
fe46e408-babd-43b7-9cfc-f777ace0d905,MUTHOOTFIN,2026-06-30,3027.0,3027.0,2998.0,3007.0,0,2026-06-30T10:11:24.203026+00:00
37583aa5-e803-412e-966b-2086a16ffd67,NATIONALUM,2026-06-30,338.0,340.0,334.0,340.0,0,2026-06-30T10:11:24.203026+00:00
5f5fc4c3-1fff-4935-94aa-1e11ea7b3753,NAUKRI,2026-06-30,987.0,987.0,977.0,977.0,0,2026-06-30T10:11:24.203026+00:00
253533cb-469e-41e4-85c4-6f38c21430a1,ICICIGI,2026-07-06,1770.0,1781.0,1768.0,1781.0,0,2026-07-06T10:08:29.690131+00:00
df416047-b8c1-4a9d-b601-ff185b5e63c7,LT,2026-07-06,4021.0,4055.0,4021.0,4055.0,0,2026-07-06T10:08:29.690131+00:00
f14b44a2-d564-4066-87be-497fcc0e06be,LTF,2026-07-06,327.0,335.0,327.0,334.0,0,2026-07-06T10:08:29.690131+00:00
29f789d1-9f27-48b2-af0a-6b5116ed90d7,NBCC,2026-06-30,105.0,106.0,105.0,105.0,0,2026-06-30T10:11:24.203026+00:00
d53c4f37-4669-470b-84d7-e9272ad233b3,RECLTD,2026-06-29,365.0,366.0,364.0,365.0,0,2026-06-29T10:15:54.596953+00:00
f9eb2e75-1c89-4613-ae2b-82753baa26cb,RELIANCE,2026-06-29,1319.0,1319.0,1302.0,1302.0,0,2026-06-29T10:15:54.596953+00:00
ed01e466-c081-42d5-936d-87c001a6593f,SAIL,2026-06-29,173.0,175.0,173.0,175.0,0,2026-06-29T10:15:54.596953+00:00
4ad351ed-ca7e-4af9-9533-fc9e147c2b0f,NCC,2026-06-30,150.0,150.0,149.0,149.0,0,2026-06-30T10:11:24.203026+00:00
3480018c-dbb2-4a05-96ce-e000f29f86ab,NESTLEIND,2026-06-30,1400.0,1418.0,1400.0,1414.0,0,2026-06-30T10:11:24.203026+00:00
0a71c4c6-8b2c-4400-8b78-7bd69b1f222d,ASHOKLEY,2026-06-23,156.0,156.0,151.0,151.0,0,2026-06-23T10:07:58.379321+00:00
964f42d6-d3bb-4e5a-97c8-6cb7b3b6c7a6,ASIANPAINT,2026-06-23,2721.0,2721.0,2660.0,2666.0,0,2026-06-23T10:07:58.379321+00:00
f6e06775-fd57-41d1-aa39-464f9a01fadf,ASTRAL,2026-06-23,1571.0,1571.0,1527.0,1527.0,0,2026-06-23T10:07:58.379321+00:00
95c4895c-dc03-4481-8eb8-62f6f4418e94,AUBANK,2026-06-23,1040.0,1040.0,1031.0,1031.0,0,2026-06-23T10:07:58.379321+00:00
83bc23ac-2262-49a6-9226-7773588fb2fa,AXISBANK,2026-06-23,1362.0,1369.0,1358.0,1358.0,0,2026-06-23T10:07:58.379321+00:00
2b097401-93a5-4f69-a888-626bd831c041,BAJAJFINSV,2026-06-23,1783.0,1795.0,1782.0,1782.0,0,2026-06-23T10:07:58.379321+00:00
978f6da0-7b91-4f3b-9b43-730e00969333,BAJAJ_AUTO,2026-06-23,10214.0,10214.0,10094.0,10094.0,0,2026-06-23T10:07:58.379321+00:00
bc01c0f3-0bec-4f9b-a913-c65d126505f5,BAJFINANCE,2026-06-23,969.0,969.0,966.0,969.0,0,2026-06-23T10:07:58.379321+00:00
4f3ea2d8-409b-4a92-b973-935428fd7586,BANDHANBNK,2026-06-23,207.0,208.0,207.0,207.0,0,2026-06-23T10:07:58.379321+00:00
c7126770-1b08-4eb9-9016-c8bbbad74463,BANKBARODA,2026-06-23,284.0,284.0,279.0,279.0,0,2026-06-23T10:07:58.379321+00:00
f4255cc7-3784-498f-945f-8f637b0ef2d5,BANKINDIA,2026-06-23,146.0,146.0,144.0,144.0,0,2026-06-23T10:07:58.379321+00:00
92c92d61-e1fd-4666-b2f2-a1e25e3e8908,BDL,2026-06-23,1402.0,1420.0,1402.0,1412.0,0,2026-06-23T10:07:58.379321+00:00
5449aea4-8306-40a6-8962-c0bfa0e02403,NHPC,2026-06-30,80.0,82.0,80.0,81.0,0,2026-06-30T10:11:24.203026+00:00
7ffbccff-72a5-4ce0-81cc-b66747825aa1,NMDC,2026-06-30,85.0,85.0,85.0,85.0,0,2026-06-30T10:11:24.203026+00:00
1e73d9bc-9c43-49d3-a9ce-fdb76908b3b4,NTPC,2026-06-30,356.0,356.0,354.0,355.0,0,2026-06-30T10:11:24.203026+00:00
394a48ec-1057-491d-8e74-8a5ee577a897,KFINTECH,2026-06-29,880.0,883.0,873.0,873.0,0,2026-06-29T10:15:54.596953+00:00
aa72ed38-0264-40de-94b9-580a8694b28f,KOTAKBANK,2026-06-29,413.0,413.0,398.0,398.0,0,2026-06-29T10:15:54.596953+00:00
8ebe55c9-2b7c-4c17-85aa-6b007332f963,RBLBANK,2026-06-29,374.0,374.0,364.0,364.0,0,2026-06-29T10:15:54.596953+00:00
046942df-822a-45cf-883c-3945484bb9af,TATAPOWER,2026-06-23,403.0,403.0,398.0,398.0,0,2026-06-23T10:07:58.379321+00:00
df500b59-9ee3-4ef0-8723-4ca22ee09c87,TATASTEEL,2026-06-23,200.0,200.0,194.0,194.0,0,2026-06-23T10:07:58.379321+00:00
bb3891f5-1c43-4d26-8629-f09ae6ea3fb3,ABCAPITAL,2026-06-22,378.0,392.0,378.0,392.0,0,2026-06-22T18:44:00.509653+00:00
5b14616a-f53e-478f-b184-2269ab285c92,ADANIENT,2026-06-22,3037.0,3042.0,3013.0,3037.0,0,2026-06-22T18:44:00.509653+00:00
b556bbad-7439-4359-b8d6-046e34c0cc20,ADANIGREEN,2026-06-22,1516.0,1527.0,1516.0,1527.0,0,2026-06-22T18:44:00.509653+00:00
dfcaff3e-0e0f-41aa-9b62-048fda5bbbac,ADANIPORTS,2026-06-22,1840.0,1840.0,1819.0,1827.0,0,2026-06-22T18:44:00.509653+00:00
b5f3360e-4ce4-468c-8f94-ca899c61af01,ALKEM,2026-06-22,5361.0,5368.0,5354.0,5362.0,0,2026-06-22T18:44:00.509653+00:00
e4b5168f-f3c0-4028-b15a-22d4a788d8b2,AMBER,2026-06-22,8060.0,8060.0,7895.0,7913.0,0,2026-06-22T18:44:00.509653+00:00
cf55c3a6-00c3-49e6-b21c-2e77e171ef1a,AMBUJACEM,2026-06-22,426.0,426.0,424.0,426.0,0,2026-06-22T18:44:00.509653+00:00
386bbf6d-7349-4cf1-96bd-2132622e83ba,ANGELONE,2026-06-22,353.0,355.0,351.0,355.0,0,2026-06-22T18:44:00.509653+00:00
f9a90a56-9142-4255-9188-b165e91ecd1d,APLAPOLLO,2026-06-22,1860.0,1869.0,1860.0,1867.0,0,2026-06-22T18:44:00.509653+00:00
75609090-0595-4e1a-b14f-69bde0c3b02f,APOLLOHOSP,2026-06-22,8446.0,8494.0,8446.0,8460.0,0,2026-06-22T18:44:00.509653+00:00
9bfe0f10-d6ea-4b05-84f8-2cd166ba7deb,ASHOKLEY,2026-06-22,157.0,158.0,156.0,158.0,0,2026-06-22T18:44:00.509653+00:00
23604e51-592a-427c-afdc-34b2b7c4067d,ASIANPAINT,2026-06-22,2736.0,2736.0,2721.0,2721.0,0,2026-06-22T18:44:00.509653+00:00
b237364d-9231-4893-9b2e-f9a232823993,ASTRAL,2026-06-22,1545.0,1557.0,1541.0,1556.0,0,2026-06-22T18:44:00.509653+00:00
fc8f918b-96c4-4107-b28e-1cd20421eebd,AUBANK,2026-06-22,1027.0,1035.0,1027.0,1035.0,0,2026-06-22T18:44:00.509653+00:00
e7aafb4e-e3fa-4773-bcd2-f8e0d0a59863,AUROPHARMA,2026-06-22,1499.0,1499.0,1484.0,1484.0,0,2026-06-22T18:44:00.509653+00:00
0a221c6d-2336-4afe-b110-f28f77f24bfa,AXISBANK,2026-06-22,1354.0,1365.0,1354.0,1361.0,0,2026-06-22T18:44:00.509653+00:00
52f9c2de-e9b1-4112-8de3-47a5e0ba0d57,BAJAJFINSV,2026-06-22,1767.0,1784.0,1767.0,1783.0,0,2026-06-22T18:44:00.509653+00:00
66036e49-184e-4590-8379-1151c5458231,BAJAJ_AUTO,2026-06-22,10080.0,10214.0,10080.0,10214.0,0,2026-06-22T18:44:00.509653+00:00
3b58d3c5-2c10-4ddd-ac83-1d5fb4493b3d,BAJFINANCE,2026-06-22,971.0,971.0,964.0,969.0,0,2026-06-22T18:44:00.509653+00:00
0338492a-8185-4ad6-9ea5-a00e8ac43472,BANDHANBNK,2026-06-22,209.0,209.0,207.0,207.0,0,2026-06-22T18:44:00.509653+00:00
d8936fec-10e4-40ec-ba50-46088aaa207d,BANKBARODA,2026-06-22,280.0,285.0,280.0,284.0,0,2026-06-22T18:44:00.509653+00:00
3be81028-93f9-4c07-bb60-b097ed6cb787,BANKINDIA,2026-06-22,146.0,146.0,145.0,146.0,0,2026-06-22T18:44:00.509653+00:00
46caab8b-c599-4ffe-bbdf-d6a3f9ad1120,BDL,2026-06-22,1392.0,1402.0,1380.0,1402.0,0,2026-06-22T18:44:00.509653+00:00
2a35aad2-b7fa-42ec-a7cf-18939382f4a0,BEL,2026-06-22,427.0,430.0,427.0,430.0,0,2026-06-22T18:44:00.509653+00:00
80020530-21e0-4d23-b4ea-4bd08fd38a35,BHARATFORG,2026-06-22,2036.0,2053.0,2036.0,2053.0,0,2026-06-22T18:44:00.509653+00:00
c6c67449-7273-4946-9b30-4d066bbd2bd3,BHARTIARTL,2026-06-22,1906.0,1918.0,1906.0,1917.0,0,2026-06-22T18:44:00.509653+00:00
508cc536-2e15-497f-9eef-392574bdd751,BHEL,2026-06-22,415.0,415.0,411.0,411.0,0,2026-06-22T18:44:00.509653+00:00
d3a30c0a-9cca-486d-b744-299559af43c0,BIOCON,2026-06-22,415.0,420.0,414.0,420.0,0,2026-06-22T18:44:00.509653+00:00
7ac3e76e-e491-4dfe-ad24-7ff83b0206e0,BLUESTARCO,2026-06-22,1661.0,1661.0,1644.0,1659.0,0,2026-06-22T18:44:00.509653+00:00
d23cbee6-7830-4f98-b730-5e46e3e72ccd,BOSCHLTD,2026-06-22,40265.0,40450.0,40265.0,40370.0,0,2026-06-22T18:44:00.509653+00:00
23e2d156-5fa3-414f-9688-6094d0206aeb,BPCL,2026-06-22,308.0,309.0,307.0,307.0,0,2026-06-22T18:44:00.509653+00:00
e4fa9335-5685-416d-9b69-4d7bd26c76f9,BRITANNIA,2026-06-22,5196.0,5223.0,5196.0,5223.0,0,2026-06-22T18:44:00.509653+00:00
96ba8e4d-234e-456c-8024-7461e2d17950,BSE,2026-06-22,4025.0,4025.0,4009.0,4017.0,0,2026-06-22T18:44:00.509653+00:00
8e0b64ce-e807-4aba-8705-1e412f83ed1d,CAMS,2026-06-22,827.0,827.0,821.0,822.0,0,2026-06-22T18:44:00.509653+00:00
21d06fb7-f863-4d96-97da-2ff2c02c30d9,CANBK,2026-06-22,134.0,134.0,134.0,134.0,0,2026-06-22T18:44:00.509653+00:00
6309f44a-9386-4682-8637-03087e7bbcb2,CDSL,2026-06-22,1391.0,1391.0,1380.0,1385.0,0,2026-06-22T18:44:00.509653+00:00
c2a178a2-f726-400a-abeb-e83f256da4f4,CGPOWER,2026-06-22,965.0,965.0,956.0,963.0,0,2026-06-22T18:44:00.509653+00:00
8cda83b9-b9f2-4fec-9bdf-96a281a20d60,CHOLAFIN,2026-06-22,1710.0,1720.0,1708.0,1720.0,0,2026-06-22T18:44:00.509653+00:00
27606e9c-5970-4ec6-8cc1-6e4880d3c51a,CIPLA,2026-06-22,1385.0,1385.0,1385.0,1385.0,0,2026-06-22T18:44:00.509653+00:00
53b1b3c6-8a5b-428b-b951-893c064398da,COALINDIA,2026-06-22,452.0,454.0,449.0,449.0,0,2026-06-22T18:44:00.509653+00:00
5acb995f-a565-492a-8da4-125ff20e9a0e,TATATECH,2026-06-23,748.0,766.0,748.0,763.0,0,2026-06-23T10:07:58.379321+00:00
22793a09-1c9e-42d7-b60f-48d39be65fb6,TECHM,2026-06-23,1419.0,1419.0,1406.0,1414.0,0,2026-06-23T10:07:58.379321+00:00
2417f3bf-d1b5-4b18-8022-a26ae86ccd41,TIINDIA,2026-06-23,3288.0,3288.0,3245.0,3245.0,0,2026-06-23T10:07:58.379321+00:00
e48edd4d-0e82-4e9b-9a79-bf7b1d553ae8,TITAN,2026-06-23,4383.0,4392.0,4375.0,4375.0,0,2026-06-23T10:07:58.379321+00:00
5d9ecbcd-2a52-4a08-bfca-4ee51e627b4d,TMPV,2026-06-23,367.0,367.0,351.0,356.0,0,2026-06-23T10:07:58.379321+00:00
2a2090a3-f6f5-47db-9edd-414ad3987b20,TORNTPHARM,2026-06-23,4534.0,4534.0,4509.0,4533.0,0,2026-06-23T10:07:58.379321+00:00
34d17c5a-a35b-4f92-8067-d55beac575c4,TORNTPOWER,2026-06-23,1445.0,1472.0,1445.0,1461.0,0,2026-06-23T10:07:58.379321+00:00
23c3998e-9211-43ef-9b0c-e23a5573ea3f,TRENT,2026-06-23,3218.0,3218.0,3183.0,3183.0,0,2026-06-23T10:07:58.379321+00:00
4a2ef6b3-791e-4c8e-a74b-c605fd436d6b,ICICIBANK,2026-07-01,1371.0,1380.0,1371.0,1377.0,0,2026-07-01T10:15:40.157906+00:00
5267a073-1605-4eec-bcbd-648aec0344f9,IEX,2026-07-01,125.0,125.0,124.0,124.0,0,2026-07-01T10:15:40.157906+00:00
e35b1c87-baf8-4d31-88b6-d6b380754fd7,JIOFIN,2026-07-01,238.0,238.0,237.0,238.0,0,2026-07-01T10:15:40.157906+00:00
4ef7681d-e116-4b4c-9190-583e43d648a2,HINDUNILVR,2026-07-08,2179.0,2179.0,2176.0,2176.0,0,2026-07-08T10:11:15.313523+00:00
b0038c57-a23b-4347-ad3d-8fd4d53a887b,LICHSGFIN,2026-07-08,543.0,544.0,534.0,534.0,0,2026-07-08T10:11:15.313523+00:00
9c36759c-9adc-4cf2-be35-37e3a94be006,CANBK,2026-06-23,134.0,134.0,133.0,133.0,0,2026-06-23T10:07:58.379321+00:00
60d2fda9-8c94-46b5-8a07-b1e2f2030de5,CDSL,2026-06-23,1385.0,1385.0,1351.0,1351.0,0,2026-06-23T10:07:58.379321+00:00
888c4044-f3f7-4625-b253-00720cc38a8a,CGPOWER,2026-06-23,963.0,963.0,958.0,960.0,0,2026-06-23T10:07:58.379321+00:00
70430c6b-ddc1-41f3-b5b1-73a6d646333d,DLF,2026-06-23,625.0,632.0,620.0,620.0,0,2026-06-23T10:07:58.379321+00:00
c0982adf-84ea-41c9-94ed-729e75eafaab,IOC,2026-06-25,147.0,147.0,146.0,146.0,0,2026-06-25T10:05:37.921051+00:00
93b25e38-04be-4177-8ac5-8947e845f496,IRCTC,2026-06-25,514.0,515.0,514.0,515.0,0,2026-06-25T10:05:37.921051+00:00
989ed444-ac8e-49f4-b834-292a26f26a99,IREDA,2026-06-25,129.0,129.0,128.0,128.0,0,2026-06-25T10:05:37.921051+00:00
db939a5b-248d-401a-9580-6148404a60f4,IRFC,2026-06-25,94.0,99.0,92.0,92.0,0,2026-06-25T10:05:37.921051+00:00
b0f4ce65-1729-49cb-92d1-516704ee4a14,ITC,2026-06-25,290.0,292.0,290.0,291.0,0,2026-06-25T10:05:37.921051+00:00
a92cdec3-d188-43ca-b18a-971677fcb89e,JINDALSTEL,2026-06-25,1090.0,1090.0,1064.0,1064.0,0,2026-06-25T10:05:37.921051+00:00
6a8054bc-ed50-42cd-85ca-43ef964425d2,JIOFIN,2026-06-25,241.0,241.0,240.0,240.0,0,2026-06-25T10:05:37.921051+00:00
4912b66f-dd22-4e72-bd23-d760e7d1d6ec,ADANIENSOL,2026-06-24,1502.0,1502.0,1497.0,1497.0,0,2026-06-24T10:15:40.953425+00:00
a4518a23-a5d9-4ccd-8949-ffd14e13cd85,ADANIENT,2026-06-24,3004.0,3072.0,2990.0,3072.0,0,2026-06-24T10:15:40.953425+00:00
182bfaa8-08ba-4dac-b5a9-ee950a336973,ADANIGREEN,2026-06-24,1516.0,1516.0,1506.0,1513.0,0,2026-06-24T10:15:40.953425+00:00
b34ef5c7-4c5f-44b7-8fac-3c6c6d20f649,AMBUJACEM,2026-06-24,416.0,426.0,416.0,426.0,0,2026-06-24T10:15:40.953425+00:00
8f8521b4-4e60-48cd-86dc-5f16d37013f1,JINDALSTEL,2026-06-24,1079.0,1085.0,1074.0,1085.0,0,2026-06-24T10:15:40.953425+00:00
566f49cf-1c64-47d1-9982-b98fbd28ecef,JIOFIN,2026-06-24,240.0,240.0,237.0,237.0,0,2026-06-24T10:15:40.953425+00:00
44a5e903-cf14-4b28-9d67-a303cf488652,ADANIPORTS,2026-06-24,1782.0,1789.0,1782.0,1789.0,0,2026-06-24T10:15:40.953425+00:00
024884f4-4672-4fde-a944-6283b143d41f,JSWENERGY,2026-06-25,575.0,581.0,575.0,581.0,0,2026-06-25T10:05:37.921051+00:00
28970fbc-0028-4928-939d-0a687dda1e49,JSWSTEEL,2026-06-25,1230.0,1235.0,1230.0,1231.0,0,2026-06-25T10:05:37.921051+00:00
0f8d3db1-5c2b-4985-976c-f3f8794bf1e6,JUBLFOOD,2026-06-25,425.0,429.0,423.0,423.0,0,2026-06-25T10:05:37.921051+00:00
fae072cb-ed32-46fd-92b1-23e551fb50c2,KALYANKJIL,2026-06-25,372.0,381.0,372.0,381.0,0,2026-06-25T10:05:37.921051+00:00
f25c2381-4335-442e-bbb5-6d83c4c8943a,ULTRACEMCO,2026-06-23,11421.0,11421.0,11283.0,11305.0,0,2026-06-23T10:07:58.379321+00:00
70010216-cac0-440b-9df0-ccfc9ec5d156,UNITDSPR,2026-06-23,1345.0,1345.0,1337.0,1338.0,0,2026-06-23T10:07:58.379321+00:00
bda0cd06-0077-46a8-bd24-b6070c4c365d,UNOMINDA,2026-06-23,1115.0,1125.0,1115.0,1121.0,0,2026-06-23T10:07:58.379321+00:00
505cbefc-e796-4854-ab9f-62a7f9c6df1f,VEDL,2026-06-23,288.0,288.0,282.0,282.0,0,2026-06-23T10:07:58.379321+00:00
ee24e77d-bf42-4960-82e7-b878a6c9f949,YESBANK,2026-06-23,25.0,25.0,25.0,25.0,0,2026-06-23T10:07:58.379321+00:00
1b78c58a-9f03-4d78-8647-a7e75f685143,ADANIPORTS,2026-06-23,1837.0,1837.0,1822.0,1822.0,0,2026-06-23T10:07:58.379321+00:00
3b678df2-8337-497d-b091-9c64026da470,AMBER,2026-06-23,7913.0,7913.0,7750.0,7750.0,0,2026-06-23T10:07:58.379321+00:00
cff097c2-208b-44fb-9cda-509643795a43,ANGELONE,2026-06-23,355.0,355.0,351.0,351.0,0,2026-06-23T10:07:58.379321+00:00
0377d39a-3bd6-4f25-86d8-3c2c4d73e899,AUROPHARMA,2026-06-23,1494.0,1536.0,1494.0,1533.0,0,2026-06-23T10:07:58.379321+00:00
938f9a75-70ba-4964-886c-d8ae8e10067c,BIOCON,2026-06-23,429.0,429.0,427.0,427.0,0,2026-06-23T10:07:58.379321+00:00
73998ebe-4c0d-4485-94b1-aae3d9b37763,GODFRYPHLP,2026-06-23,2287.0,2287.0,2243.0,2243.0,0,2026-06-23T10:07:58.379321+00:00
57fbc2e8-71fc-4c2f-ad72-6d4fe3642456,GODREJPROP,2026-06-23,1808.0,1817.0,1796.0,1799.0,0,2026-06-23T10:07:58.379321+00:00
38b59900-9f95-4ca9-b40e-b1487e79af16,INDUSINDBK,2026-06-23,928.0,928.0,908.0,908.0,0,2026-06-23T10:07:58.379321+00:00
234b5039-11d0-47be-8653-a6b9f472a427,INDUSTOWER,2026-06-23,410.0,410.0,402.0,402.0,0,2026-06-23T10:07:58.379321+00:00
87f46006-69f2-4d9a-b6bd-4eea4dee67f2,INFY,2026-06-23,1038.0,1038.0,1029.0,1029.0,0,2026-06-23T10:07:58.379321+00:00
fb26391e-7835-41cf-ad26-3e150caa55e0,INOXWIND,2026-06-23,93.0,93.0,91.0,91.0,0,2026-06-23T10:07:58.379321+00:00
d8d28941-8b32-411b-986b-82f9d889fe82,IRCTC,2026-06-23,521.0,521.0,516.0,518.0,0,2026-06-23T10:07:58.379321+00:00
4ffb74f4-8294-41ce-8031-87ea5eddded0,IRFC,2026-06-23,101.0,101.0,99.0,100.0,0,2026-06-23T10:07:58.379321+00:00
fcc7c65e-9bba-4fb0-b85e-3eb421ed561e,KAYNES,2026-06-23,3295.0,3295.0,3218.0,3237.0,0,2026-06-23T10:07:58.379321+00:00
ef23edb2-2b7a-4a5b-85b4-660cc1c80533,KFINTECH,2026-06-23,908.0,908.0,892.0,893.0,0,2026-06-23T10:07:58.379321+00:00
0fc021ff-9a1d-4c31-be2e-18c3237c8b39,LICI,2026-06-23,444.0,446.0,441.0,441.0,0,2026-06-23T10:07:58.379321+00:00
845a6cfd-aa67-4e2f-9bd0-c49f66a6e62c,LUPIN,2026-06-23,2366.0,2376.0,2349.0,2363.0,0,2026-06-23T10:07:58.379321+00:00
37eafa3e-2a28-4c85-a77d-82bd4d53661f,NAUKRI,2026-06-23,998.0,1016.0,998.0,1013.0,0,2026-06-23T10:07:58.379321+00:00
7d336431-e10f-4d1c-af8a-4bbed756cca9,NESTLEIND,2026-06-23,1404.0,1409.0,1402.0,1402.0,0,2026-06-23T10:07:58.379321+00:00
a49fc153-698f-4367-9ec1-dad232d87f92,PETRONET,2026-06-23,288.0,289.0,287.0,287.0,0,2026-06-23T10:07:58.379321+00:00
8ab9faae-2940-4699-9f5c-aadb048ea5dd,SUNPHARMA,2026-06-23,1885.0,1886.0,1864.0,1864.0,0,2026-06-23T10:07:58.379321+00:00
fe803a3f-3180-45e7-b349-44ee993b0137,TCS,2026-06-23,2145.0,2145.0,2067.0,2067.0,0,2026-06-23T10:07:58.379321+00:00
f0295d6b-f6f6-490d-b02a-09a86d14b303,TVSMOTOR,2026-06-23,3466.0,3503.0,3466.0,3478.0,0,2026-06-23T10:07:58.379321+00:00
1283b3d6-e9a7-4ad9-8359-1f4423c4e25f,UNIONBANK,2026-06-23,175.0,175.0,175.0,175.0,0,2026-06-23T10:07:58.379321+00:00
d1f5e0ad-4611-4425-aa2e-82e6883f033b,VBL,2026-06-23,512.0,512.0,504.0,504.0,0,2026-06-23T10:07:58.379321+00:00
1d77f405-6831-41f0-8520-6a6d0a0dcd33,VOLTAS,2026-06-23,1355.0,1355.0,1320.0,1320.0,0,2026-06-23T10:07:58.379321+00:00
f320b9a8-bee2-4784-9f9d-fc55f40d3c12,WIPRO,2026-06-23,180.0,180.0,175.0,175.0,0,2026-06-23T10:07:58.379321+00:00
f76f2a4e-d9cd-4844-81bd-8e9a2d625b51,ZYDUSLIFE,2026-06-23,1074.0,1108.0,1074.0,1108.0,0,2026-06-23T10:07:58.379321+00:00
be8be751-da1e-47ce-9743-88a5f78f4825,ABCAPITAL,2026-06-23,392.0,392.0,389.0,392.0,0,2026-06-23T10:07:58.379321+00:00
9f1adf47-7535-4e4e-8290-581b28f35f35,LODHA,2026-06-23,924.0,935.0,924.0,935.0,0,2026-06-23T10:07:58.379321+00:00
85a58448-e3c1-4a62-8b5f-dd748d21b331,ADANIENSOL,2026-06-23,1516.0,1522.0,1500.0,1500.0,0,2026-06-23T10:07:58.379321+00:00
dba69409-64a3-4ac8-a85a-5a29510d898b,ADANIGREEN,2026-06-23,1527.0,1533.0,1510.0,1510.0,0,2026-06-23T10:07:58.379321+00:00
8f589ac3-f983-45ad-9492-baaa79701304,KAYNES,2026-06-25,3230.0,3313.0,3228.0,3313.0,0,2026-06-25T10:05:37.921051+00:00
8b9dc597-d92a-44df-9967-6d9eb309ce17,KEI,2026-06-25,5275.0,5571.0,5275.0,5327.0,0,2026-06-25T10:05:37.921051+00:00
2355adc5-58ee-4aac-ba67-c1e6e54d31b1,KFINTECH,2026-06-25,881.0,889.0,879.0,880.0,0,2026-06-25T10:05:37.921051+00:00
e1ec8776-0eee-42e9-8b9d-e77a91d47976,KOTAKBANK,2026-06-25,409.0,413.0,408.0,413.0,0,2026-06-25T10:05:37.921051+00:00
42791f41-5304-4ceb-82b2-55c6bdb51e20,UNOMINDA,2026-06-24,1103.0,1108.0,1101.0,1105.0,0,2026-06-24T10:15:40.953425+00:00
48b9c007-f358-4241-a924-4b858401f34c,UPL,2026-06-24,597.0,599.0,587.0,599.0,0,2026-06-24T10:15:40.953425+00:00
dbb627e9-def2-472a-a346-89b2c3b6d4e0,VBL,2026-06-24,511.0,511.0,506.0,507.0,0,2026-06-24T10:15:40.953425+00:00
13ed31b5-15ed-4588-b98b-9da44b34079c,VEDL,2026-06-24,282.0,286.0,281.0,281.0,0,2026-06-24T10:15:40.953425+00:00
e9809312-3e7f-4125-88ed-201b44ee5ff1,VOLTAS,2026-06-24,1320.0,1320.0,1307.0,1311.0,0,2026-06-24T10:15:40.953425+00:00
dc232586-284e-412f-8c70-2458587fa7ef,WIPRO,2026-06-24,173.0,174.0,172.0,174.0,0,2026-06-24T10:15:40.953425+00:00
fd6a5394-a0f7-4b7f-b2b3-b6c04c7b03b4,YESBANK,2026-06-24,25.0,25.0,25.0,25.0,0,2026-06-24T10:15:40.953425+00:00
17ff98ad-be42-41ec-8758-be44e2000bb8,ZYDUSLIFE,2026-06-24,1122.0,1122.0,1110.0,1110.0,0,2026-06-24T10:15:40.953425+00:00
6b53f49d-de41-4730-baa8-0cff249d4725,ADANIENSOL,2026-06-30,1476.0,1486.0,1476.0,1485.0,0,2026-06-30T10:11:24.203026+00:00
3a2dbfcc-be39-4b56-951c-cd0973d4b5df,ADANIENT,2026-06-30,2977.0,3036.0,2977.0,3036.0,0,2026-06-30T10:11:24.203026+00:00
31710e01-2883-415e-a717-c2d258fd56e7,ADANIGREEN,2026-06-30,1499.0,1499.0,1490.0,1499.0,0,2026-06-30T10:11:24.203026+00:00
5d1c96fc-7bc0-4d55-ba3a-0c9ca9d826b2,HDFCAMC,2026-06-29,2653.0,2667.0,2609.0,2609.0,0,2026-06-29T10:15:54.596953+00:00
4cba2949-3b7e-498e-921e-300c2baf0524,HDFCBANK,2026-06-29,801.0,806.0,798.0,799.0,0,2026-06-29T10:15:54.596953+00:00
2ec43c1d-760a-4082-922b-4699838d7ddc,HDFCLIFE,2026-06-29,591.0,591.0,582.0,584.0,0,2026-06-29T10:15:54.596953+00:00
c0264502-53eb-4ef1-b077-6db3af5c7fe3,MARICO,2026-06-29,832.0,837.0,832.0,837.0,0,2026-06-29T10:15:54.596953+00:00
9566ae66-6444-4dd3-a556-ba2ed96a5a9f,MARUTI,2026-06-29,13860.0,13860.0,13443.0,13470.0,0,2026-06-29T10:15:54.596953+00:00
f2381568-3969-4b0e-a36d-abebc0721a6b,MCX,2026-06-29,2848.0,2850.0,2839.0,2839.0,0,2026-06-29T10:15:54.596953+00:00
8ec86153-abca-47bb-aa36-67b6f7129f17,INDHOTEL,2026-07-01,718.0,719.0,712.0,718.0,0,2026-07-01T10:15:40.157906+00:00
65e314da-d5a8-4802-9e8f-0cb1921d611f,KEI,2026-07-01,5397.0,5397.0,5256.0,5256.0,0,2026-07-01T10:15:40.157906+00:00
90fd2f7e-01f7-435b-b750-3f2a910238fc,LAURUSLABS,2026-06-25,1472.0,1472.0,1449.0,1452.0,0,2026-06-25T10:05:37.921051+00:00
518ab039-9075-4993-96c8-3d5fa8ba9199,PFC,2026-06-24,431.0,441.0,431.0,437.0,0,2026-06-24T10:15:40.953425+00:00
dba72cd5-a301-4be1-bb1c-6c051efd25fa,PGEL,2026-06-24,566.0,566.0,553.0,555.0,0,2026-06-24T10:15:40.953425+00:00
d935a003-c46b-416a-bf38-9ce344f7e5a8,JSWSTEEL,2026-06-23,1285.0,1285.0,1235.0,1240.0,0,2026-06-23T10:07:58.379321+00:00
947b73e0-bb9f-40ec-ba16-47ecad42461b,PHOENIXLTD,2026-06-24,1857.0,1912.0,1857.0,1912.0,0,2026-06-24T10:15:40.953425+00:00
a4828728-f838-4428-aca0-61286206b29c,PIDILITIND,2026-06-24,1575.0,1580.0,1571.0,1577.0,0,2026-06-24T10:15:40.953425+00:00
455fafa1-1cb3-4927-ae6a-f31c6e478294,SAMMAANCAP,2026-06-24,173.0,174.0,172.0,172.0,0,2026-06-24T10:15:40.953425+00:00
d325460b-51c1-4567-90dd-842fb4364acb,SBICARD,2026-06-24,609.0,609.0,604.0,607.0,0,2026-06-24T10:15:40.953425+00:00
7fb2c2f0-2a55-42f4-a2e4-f446dbcda993,SBILIFE,2026-06-24,1766.0,1803.0,1754.0,1758.0,0,2026-06-24T10:15:40.953425+00:00
8a4f5c49-b35c-46b7-b917-13a3cde37d22,SBIN,2026-06-24,1028.0,1041.0,1023.0,1039.0,0,2026-06-24T10:15:40.953425+00:00
c238f51d-3917-449a-9fca-e86b66abab10,SHREECEM,2026-06-24,25435.0,26040.0,25435.0,26040.0,0,2026-06-24T10:15:40.953425+00:00
02deaed7-3cc5-48ba-9528-d3990af87c55,SHRIRAMFIN,2026-06-24,993.0,1004.0,990.0,1004.0,0,2026-06-24T10:15:40.953425+00:00
f125b603-b932-4cf0-9f74-7c50540bf01d,SIEMENS,2026-06-24,3685.0,3685.0,3608.0,3608.0,0,2026-06-24T10:15:40.953425+00:00
0c8c07dc-e2b4-4db4-8dd9-c0a71fc4210d,POLICYBZR,2026-06-22,1625.0,1702.0,1625.0,1678.0,0,2026-06-22T18:44:00.509653+00:00
3d318da5-cc57-4299-b07a-9f84e06a2582,POLYCAB,2026-06-22,10048.0,10068.0,10014.0,10017.0,0,2026-06-22T18:44:00.509653+00:00
6118f84a-21aa-467b-b09a-2ad892b30d6f,POWERGRID,2026-06-22,292.0,292.0,290.0,290.0,0,2026-06-22T18:44:00.509653+00:00
59905957-cd54-45b5-b8d5-17fccf2959f2,PRESTIGE,2026-06-22,1483.0,1524.0,1483.0,1519.0,0,2026-06-22T18:44:00.509653+00:00
bd4af852-38f4-4a6f-8ea6-9d26bc0d6544,RBLBANK,2026-06-22,376.0,379.0,376.0,379.0,0,2026-06-22T18:44:00.509653+00:00
2c7ac964-5c64-49a3-b60f-4117e25d7ea9,RECLTD,2026-06-22,360.0,368.0,360.0,367.0,0,2026-06-22T18:44:00.509653+00:00
a1754beb-3ba8-4e2e-b134-bb8f277d9696,RELIANCE,2026-06-22,1341.0,1342.0,1329.0,1330.0,0,2026-06-22T18:44:00.509653+00:00
eff28569-cf53-4b3f-adbd-d909d96906ed,RVNL,2026-06-22,249.0,249.0,248.0,248.0,0,2026-06-22T18:44:00.509653+00:00
4759d399-f1fc-4f5a-be74-1d54e49cfea2,SAIL,2026-06-22,180.0,180.0,179.0,179.0,0,2026-06-22T18:44:00.509653+00:00
c7719ddc-8a39-4fe5-9f6b-57ccd56a7b0e,SAMMAANCAP,2026-06-22,175.0,179.0,174.0,176.0,0,2026-06-22T18:44:00.509653+00:00
2b8bc552-097d-4569-8472-4cc2b688331d,SBICARD,2026-06-22,617.0,628.0,617.0,628.0,0,2026-06-22T18:44:00.509653+00:00
e3336431-c50e-4913-876b-986c82b8db30,SBILIFE,2026-06-22,1802.0,1811.0,1802.0,1804.0,0,2026-06-22T18:44:00.509653+00:00
b1d8f214-9734-474e-b8fa-30384be5eb87,SBIN,2026-06-22,1036.0,1038.0,1036.0,1038.0,0,2026-06-22T18:44:00.509653+00:00
5c9501fe-b3e0-4643-9edc-af3c68245341,SHREECEM,2026-06-22,25100.0,25100.0,24975.0,24985.0,0,2026-06-22T18:44:00.509653+00:00
ab33595d-7039-492a-a40a-e67c1c635087,SHRIRAMFIN,2026-06-22,1002.0,1004.0,994.0,994.0,0,2026-06-22T18:44:00.509653+00:00
f2771606-f967-4173-8de2-201425944ff8,SIEMENS,2026-06-22,3758.0,3774.0,3746.0,3764.0,0,2026-06-22T18:44:00.509653+00:00
7362a1a2-ee30-4ebb-8e2e-069ab9d5f3e3,SOLARINDS,2026-06-22,18173.0,18173.0,18048.0,18075.0,0,2026-06-22T18:44:00.509653+00:00
a0608856-dd3f-41a5-86b6-2471ae93d678,SONACOMS,2026-06-22,621.0,624.0,616.0,622.0,0,2026-06-22T18:44:00.509653+00:00
905e8f37-bae4-48ae-bcbd-567a75fe0b85,SRF,2026-06-22,2737.0,2737.0,2692.0,2717.0,0,2026-06-22T18:44:00.509653+00:00
7d8dec42-234b-4f0a-b581-1b01ef391bb6,SUNPHARMA,2026-06-22,1839.0,1860.0,1839.0,1857.0,0,2026-06-22T18:44:00.509653+00:00
27ede8c1-e139-4c5a-b997-68c422e58ed2,SUPREMEIND,2026-06-22,3516.0,3592.0,3516.0,3587.0,0,2026-06-22T18:44:00.509653+00:00
473ddd72-7c2a-4a44-a56c-a060b665b117,SUZLON,2026-06-22,59.0,60.0,59.0,59.0,0,2026-06-22T18:44:00.509653+00:00
366d55a9-8b67-4fbd-a965-d092d26c0c75,SYNGENE,2026-06-22,440.0,444.0,440.0,443.0,0,2026-06-22T18:44:00.509653+00:00
363f0cca-ff59-42dc-9710-c54cffa48a9a,TATACONSUM,2026-06-22,1113.0,1113.0,1108.0,1112.0,0,2026-06-22T18:44:00.509653+00:00
a3eed121-0f67-4a16-b7c2-f6a157bae50d,TATAELXSI,2026-06-22,3990.0,4122.0,3990.0,4115.0,0,2026-06-22T18:44:00.509653+00:00
4ec490f2-2e17-4789-a77a-02e96edb1680,TATAPOWER,2026-06-22,402.0,406.0,402.0,406.0,0,2026-06-22T18:44:00.509653+00:00
fd5923b1-5688-4ac9-b0da-57c686c66fa8,TATASTEEL,2026-06-22,198.0,200.0,198.0,200.0,0,2026-06-22T18:44:00.509653+00:00
83a8a2ed-0c00-45cb-a477-2f6003de0273,LICHSGFIN,2026-06-25,552.0,552.0,550.0,550.0,0,2026-06-25T10:05:37.921051+00:00
2f6c5556-eff3-4d55-b354-f97aa072d80d,LICI,2026-06-25,425.0,425.0,423.0,423.0,0,2026-06-25T10:05:37.921051+00:00
0f4fbc4d-99d2-4acd-8f63-a75e06eaeb44,LODHA,2026-06-25,934.0,965.0,934.0,955.0,0,2026-06-25T10:05:37.921051+00:00
85a7afe9-7197-4e4c-be2a-49bd5f283ebd,LT,2026-06-25,4195.0,4262.0,4195.0,4243.0,0,2026-06-25T10:05:37.921051+00:00
69117506-ea90-42ca-8b63-45a62b117726,LTF,2026-06-25,301.0,306.0,293.0,304.0,0,2026-06-25T10:05:37.921051+00:00
fc9b6e98-f9e5-4d5c-810c-899cd7f8a94b,LTM,2026-06-25,3789.0,3819.0,3761.0,3784.0,0,2026-06-25T10:05:37.921051+00:00
f58f271e-c8ff-4f9f-b2e4-d4a67a5f3443,LUPIN,2026-06-25,2376.0,2376.0,2367.0,2368.0,0,2026-06-25T10:05:37.921051+00:00
4bf8f2b1-bca7-4775-820a-fb38f584a59b,M&M,2026-06-25,3080.0,3197.0,3080.0,3195.0,0,2026-06-25T10:05:37.921051+00:00
e5db6434-2da9-4627-902f-0313fbb12959,MANAPPURAM,2026-06-25,317.0,317.0,313.0,313.0,0,2026-06-25T10:05:37.921051+00:00
2018f799-0dd5-44d5-ad7e-0554c2bffea5,MANKIND,2026-06-25,2495.0,3080.0,2461.0,2461.0,0,2026-06-25T10:05:37.921051+00:00
eec880e9-0a56-4dab-beb9-764cb3045df4,MARICO,2026-06-25,820.0,827.0,820.0,825.0,0,2026-06-25T10:05:37.921051+00:00
bf67158f-04c2-43b8-89ca-072bcae4d62b,MARUTI,2026-06-25,13575.0,13860.0,13575.0,13860.0,0,2026-06-25T10:05:37.921051+00:00
dd0cb849-9f00-49a2-bf2a-ae983d7bfb37,MAXHEALTH,2026-06-25,1080.0,1132.0,1080.0,1132.0,0,2026-06-25T10:05:37.921051+00:00
a4fde915-4616-4cfd-8193-10685a37e8e9,SOLARINDS,2026-06-24,18280.0,18280.0,17862.0,17900.0,0,2026-06-24T10:15:40.953425+00:00
7cd9e147-6908-4b6a-8a53-ebabfeb57637,SONACOMS,2026-06-24,618.0,620.0,615.0,620.0,0,2026-06-24T10:15:40.953425+00:00
b65772c9-6e34-4730-b41e-e9d20a979963,SRF,2026-06-24,2757.0,2757.0,2734.0,2747.0,0,2026-06-24T10:15:40.953425+00:00
419dc733-9bc1-420c-900c-7d862697b178,SUNPHARMA,2026-06-24,1864.0,1877.0,1864.0,1873.0,0,2026-06-24T10:15:40.953425+00:00
06d828b4-3907-44a5-bf6e-1e7a3acac94f,SUPREMEIND,2026-06-24,3576.0,3576.0,3541.0,3565.0,0,2026-06-24T10:15:40.953425+00:00
ea9bede8-d197-4464-ac31-6448a9bc2997,IRCTC,2026-06-24,518.0,518.0,513.0,516.0,0,2026-06-24T10:15:40.953425+00:00
d7eab4de-2425-4fd5-a671-4999a185fd26,IREDA,2026-06-24,128.0,128.0,126.0,127.0,0,2026-06-24T10:15:40.953425+00:00
9f866d8c-0698-45b3-983d-890d06e3f123,IRFC,2026-06-24,99.0,99.0,94.0,94.0,0,2026-06-24T10:15:40.953425+00:00
105f87f3-fe3d-4e10-a775-0c8a2ef6a253,ITC,2026-06-24,290.0,291.0,290.0,290.0,0,2026-06-24T10:15:40.953425+00:00
6cb01f54-3640-48b1-91e9-a6b8dcda0ae5,PERSISTENT,2026-06-24,4842.0,4864.0,4842.0,4864.0,0,2026-06-24T10:15:40.953425+00:00
33392b86-7653-4276-a3ba-b9bad7a96da1,PETRONET,2026-06-24,286.0,290.0,286.0,288.0,0,2026-06-24T10:15:40.953425+00:00
f65fbaef-cc3c-40c1-8e9d-f4295bdcffb7,ADANIPORTS,2026-06-30,1785.0,1811.0,1785.0,1811.0,0,2026-06-30T10:11:24.203026+00:00
27049c30-26f9-4857-b4be-edbe61f924cb,ALKEM,2026-06-30,5473.0,5473.0,5469.0,5469.0,0,2026-06-30T10:11:24.203026+00:00
532973e8-7546-4875-ad34-b447be1e64ec,AMBER,2026-06-30,7452.0,7455.0,7432.0,7455.0,0,2026-06-30T10:11:24.203026+00:00
10f7068d-7393-4a56-9f0b-4d5a7ef608d9,AMBUJACEM,2026-06-30,421.0,424.0,421.0,423.0,0,2026-06-30T10:11:24.203026+00:00
7a1f6689-1a9b-47be-aefb-aabe12a63c57,ANGELONE,2026-06-30,332.0,332.0,329.0,331.0,0,2026-06-30T10:11:24.203026+00:00
bc32472d-b2a4-4497-aa4e-86f4bbafaa27,HEROMOTOCO,2026-06-29,4900.0,4909.0,4811.0,4811.0,0,2026-06-29T10:15:54.596953+00:00
04cb86f1-bb63-4f52-80e5-e9ca032dfad8,APLAPOLLO,2026-06-30,1773.0,1797.0,1773.0,1797.0,0,2026-06-30T10:11:24.203026+00:00
efea4628-db59-4f05-8b47-4d49960a8150,APOLLOHOSP,2026-06-30,8690.0,8748.0,8665.0,8665.0,0,2026-06-30T10:11:24.203026+00:00
3c6016e9-9d46-4832-b6c4-4a67ad97b484,ASHOKLEY,2026-06-30,157.0,159.0,157.0,158.0,0,2026-06-30T10:11:24.203026+00:00
cab4cafc-b38c-4bc7-831b-c930e67d6385,ASIANPAINT,2026-06-30,2650.0,2669.0,2650.0,2658.0,0,2026-06-30T10:11:24.203026+00:00
26e3630d-850d-439a-819b-08b2a45464d2,HFCL,2026-06-29,215.0,215.0,204.0,210.0,0,2026-06-29T10:15:54.596953+00:00
8c2dc76e-7294-40b7-bf0a-5dd4a728ebb9,HINDALCO,2026-06-29,959.0,969.0,959.0,963.0,0,2026-06-29T10:15:54.596953+00:00
0f525626-519a-4937-b8b0-ad9cbaecb439,POWERGRID,2026-07-07,285.0,286.0,285.0,285.0,0,2026-07-07T10:10:45.558638+00:00
2ca5172d-53af-4a31-a65b-e7bdb0bba058,INOXWIND,2026-07-08,85.0,85.0,84.0,84.0,0,2026-07-08T10:11:15.313523+00:00
545100c9-3de4-4fed-b56a-739ad39760b0,VBL,2026-07-06,516.0,516.0,493.0,493.0,0,2026-07-06T10:08:29.690131+00:00
f2d004e1-b10b-4988-be1c-7952f175778e,VOLTAS,2026-07-06,1289.0,1294.0,1277.0,1285.0,0,2026-07-06T10:08:29.690131+00:00
8b69c265-4986-462d-9851-99d1c73bf4ba,WIPRO,2026-07-06,175.0,175.0,174.0,174.0,0,2026-07-06T10:08:29.690131+00:00
77f66829-4ac6-46ab-857f-f00eb113a37b,YESBANK,2026-07-06,25.0,25.0,24.0,24.0,0,2026-07-06T10:08:29.690131+00:00
8e1620ef-37f9-48f8-8d76-1ba4b85fef5a,MAZDOCK,2026-06-25,2525.0,2527.0,2495.0,2498.0,0,2026-06-25T10:05:37.921051+00:00
6baee7d0-7dd4-433e-967a-127af609bcf1,MCX,2026-06-25,2855.0,2867.0,2848.0,2848.0,0,2026-06-25T10:05:37.921051+00:00
98cc7db0-eb74-4465-8eb1-655b145b009d,MFSL,2026-06-25,1665.0,1665.0,1619.0,1619.0,0,2026-06-25T10:05:37.921051+00:00
33b02355-8728-4e5f-a01e-99d1b53344bf,MOTHERSON,2026-06-25,145.0,152.0,145.0,152.0,0,2026-06-25T10:05:37.921051+00:00
2b321dec-183d-4136-a275-60edc4ffcfd1,MOTILALOFS,2026-06-25,942.0,947.0,938.0,946.0,0,2026-06-25T10:05:37.921051+00:00
b52ba620-2ce3-4954-8bb8-aadc0a3f5bc9,BHARTIARTL,2026-06-24,1913.0,1913.0,1881.0,1881.0,0,2026-06-24T10:15:40.953425+00:00
27e8977f-efb1-48ce-b5b2-d3cc5b8c08de,BHEL,2026-06-24,402.0,405.0,402.0,404.0,0,2026-06-24T10:15:40.953425+00:00
58b04273-7ee5-4e6e-b609-dfca0b504810,BIOCON,2026-06-24,427.0,427.0,421.0,422.0,0,2026-06-24T10:15:40.953425+00:00
c575383f-2af7-48ae-9695-45f774091c0e,BLUESTARCO,2026-06-24,1665.0,1665.0,1655.0,1657.0,0,2026-06-24T10:15:40.953425+00:00
a16b9416-719b-4189-9720-068b5e4cb89b,BOSCHLTD,2026-06-24,40185.0,40325.0,40185.0,40325.0,0,2026-06-24T10:15:40.953425+00:00
d50e0d88-abd8-4299-95f6-28a702f722f4,360ONE,2026-06-24,1116.0,1140.0,1091.0,1107.0,0,2026-06-24T10:15:40.953425+00:00
67526809-39c7-4f16-b730-6a91c9ac9d45,MPHASIS,2026-06-25,2259.0,2279.0,2253.0,2265.0,0,2026-06-25T10:05:37.921051+00:00
7fb90441-f93b-4464-8ea3-c9a6f978b400,MUTHOOTFIN,2026-06-25,3088.0,3110.0,2253.0,3110.0,0,2026-06-25T10:05:37.921051+00:00
5f12e6e8-b6e0-4b99-aa4d-b493082291e2,NATIONALUM,2026-06-25,349.0,349.0,333.0,333.0,0,2026-06-25T10:05:37.921051+00:00
943d5b77-90a9-4a5a-aafd-921c3a3fb959,NAUKRI,2026-06-25,1012.0,1012.0,990.0,990.0,0,2026-06-25T10:05:37.921051+00:00
55d9e8a6-9a89-4a4b-8442-9faf6717f028,NBCC,2026-06-25,108.0,110.0,108.0,109.0,0,2026-06-25T10:05:37.921051+00:00
5daea483-c4ff-4a56-973d-2e2195906bd7,NCC,2026-06-25,156.0,156.0,156.0,156.0,0,2026-06-25T10:05:37.921051+00:00
92a8d9d6-d8b2-4d06-8f24-c4cf88b5f702,NESTLEIND,2026-06-25,1390.0,1406.0,1389.0,1400.0,0,2026-06-25T10:05:37.921051+00:00
5dc71f4b-bc69-4223-a074-7bfe07388104,NHPC,2026-06-25,79.0,80.0,79.0,80.0,0,2026-06-25T10:05:37.921051+00:00
a62c3a10-2110-48ed-b349-6e0aeb2766ba,NMDC,2026-06-25,86.0,86.0,85.0,85.0,0,2026-06-25T10:05:37.921051+00:00
8a469244-c440-46c5-8761-76dae818b24f,NTPC,2026-06-25,357.0,358.0,355.0,355.0,0,2026-06-25T10:05:37.921051+00:00
c079f2e0-ea18-44cb-8c63-ef529e49d2b5,NUVAMA,2026-06-25,1733.0,1763.0,1733.0,1758.0,0,2026-06-25T10:05:37.921051+00:00
0eced70d-1df0-4496-8543-3a300a7e8e94,NYKAA,2026-06-25,307.0,307.0,302.0,302.0,0,2026-06-25T10:05:37.921051+00:00
5edb8bed-6a07-4c31-a94a-d418588c0b2d,OBEROIRLTY,2026-06-25,1727.0,1772.0,1727.0,1758.0,0,2026-06-25T10:05:37.921051+00:00
9b802b1e-b8f6-48f0-ace8-b01a86a01b62,ONGC,2026-06-25,242.0,242.0,236.0,236.0,0,2026-06-25T10:05:37.921051+00:00
dfbf147f-4cf9-40d6-abb9-ad5892a81c20,PAGEIND,2026-06-25,40330.0,41070.0,40330.0,40990.0,0,2026-06-25T10:05:37.921051+00:00
876fbb82-4519-4d00-b510-090762b5484c,PATANJALI,2026-06-25,412.0,414.0,410.0,410.0,0,2026-06-25T10:05:37.921051+00:00
d6ff8eab-a287-44a5-9efc-beec580ec3d5,PAYTM,2026-06-25,1095.0,1119.0,1095.0,1119.0,0,2026-06-25T10:05:37.921051+00:00
17aca0af-a57f-40b6-b2fe-e24e78fe389b,PERSISTENT,2026-06-25,4886.0,4886.0,4886.0,4886.0,0,2026-06-25T10:05:37.921051+00:00
ac41af49-a645-444c-b739-3dbffbfcf84e,PETRONET,2026-06-25,288.0,288.0,285.0,285.0,0,2026-06-25T10:05:37.921051+00:00
67b837ee-b0de-4d02-ae50-da42dfd3bc5a,PFC,2026-06-25,441.0,441.0,435.0,436.0,0,2026-06-25T10:05:37.921051+00:00
6fb4504e-0bb5-4700-b707-ddb5d52b7b46,PGEL,2026-06-25,555.0,555.0,550.0,550.0,0,2026-06-25T10:05:37.921051+00:00
f016c941-1671-4cc3-b313-15bc0c3e8bb2,PHOENIXLTD,2026-06-25,1912.0,1942.0,1912.0,1933.0,0,2026-06-25T10:05:37.921051+00:00
da3b5ed0-5c83-4e1e-85ab-c95c84d9915d,PIDILITIND,2026-06-25,1577.0,1610.0,1577.0,1607.0,0,2026-06-25T10:05:37.921051+00:00
9131c78e-26e0-418d-a40d-fe38be4463d4,ABB,2026-06-24,7106.0,7261.0,7017.0,7048.0,0,2026-06-24T10:15:40.953425+00:00
77d8e262-f4bd-4f71-871f-3f533dc12219,ABCAPITAL,2026-06-24,389.0,395.0,384.0,395.0,0,2026-06-24T10:15:40.953425+00:00
16e923e1-3196-4578-82a1-6ea5d65f38fe,ALKEM,2026-06-24,5440.0,5446.0,5440.0,5446.0,0,2026-06-24T10:15:40.953425+00:00
b451bf4e-4da9-462e-a41b-3eb00f2d3240,AMBER,2026-06-24,7750.0,7819.0,7750.0,7815.0,0,2026-06-24T10:15:40.953425+00:00
5b59d345-c818-4c14-894f-98a24471001c,ANGELONE,2026-06-24,351.0,352.0,337.0,340.0,0,2026-06-24T10:15:40.953425+00:00
6e964072-b20a-4af0-9a63-c1a6ce02554f,APLAPOLLO,2026-06-24,1837.0,1855.0,1822.0,1828.0,0,2026-06-24T10:15:40.953425+00:00
712631b7-64b8-49f6-bc10-6826f4fa89da,APOLLOHOSP,2026-06-24,8567.0,8571.0,8539.0,8571.0,0,2026-06-24T10:15:40.953425+00:00
79bc8187-42ac-4c63-9d03-98ffe94259bf,ASHOKLEY,2026-06-24,151.0,154.0,151.0,154.0,0,2026-06-24T10:15:40.953425+00:00
38358a16-ba09-4472-8b23-1720430dfb95,ASIANPAINT,2026-06-24,2666.0,2670.0,2666.0,2670.0,0,2026-06-24T10:15:40.953425+00:00
c5b237e2-225e-40b5-94a2-031e7aea73c8,ASTRAL,2026-06-24,1527.0,1536.0,1527.0,1536.0,0,2026-06-24T10:15:40.953425+00:00
3798d171-a4aa-4ca8-bcea-b9a5ad6c31a3,AUBANK,2026-06-24,1031.0,1065.0,1031.0,1065.0,0,2026-06-24T10:15:40.953425+00:00
2b29d3bd-38ad-44be-89e0-6efdecd5500d,AUROPHARMA,2026-06-24,1533.0,1543.0,1533.0,1543.0,0,2026-06-24T10:15:40.953425+00:00
36ff9f7c-c6ec-4336-b91f-e79dcf534a05,AXISBANK,2026-06-24,1368.0,1384.0,1365.0,1384.0,0,2026-06-24T10:15:40.953425+00:00
bb2e3f27-7c66-4434-be13-069f0e4ab37d,BAJAJFINSV,2026-06-24,1782.0,1789.0,1777.0,1782.0,0,2026-06-24T10:15:40.953425+00:00
ef0d7675-7046-474b-b76d-4ca43d2fa596,BAJAJ_AUTO,2026-06-24,10094.0,10094.0,9841.0,9841.0,0,2026-06-24T10:15:40.953425+00:00
617097f9-6642-4344-8bdf-be080a05f1b6,BAJFINANCE,2026-06-24,969.0,990.0,968.0,990.0,0,2026-06-24T10:15:40.953425+00:00
34df2061-80ef-4c9a-8893-61752a245423,BANDHANBNK,2026-06-24,206.0,208.0,206.0,208.0,0,2026-06-24T10:15:40.953425+00:00
28db52da-b23a-44dc-be76-7dce90e35a37,BANKBARODA,2026-06-24,279.0,279.0,279.0,279.0,0,2026-06-24T10:15:40.953425+00:00
ef45c46e-6e3c-44e8-8c4f-3046bdf42cc2,BANKINDIA,2026-06-24,145.0,145.0,144.0,144.0,0,2026-06-24T10:15:40.953425+00:00
4a539d8f-1412-4b0d-988e-36472ccf7ab4,BDL,2026-06-24,1412.0,1419.0,1385.0,1385.0,0,2026-06-24T10:15:40.953425+00:00
eeb5c230-d29b-485c-a484-45825242721e,BEL,2026-06-24,430.0,430.0,415.0,415.0,0,2026-06-24T10:15:40.953425+00:00
ff1e32db-d70b-48cc-a42d-d86633af473c,BHARATFORG,2026-06-24,2131.0,2159.0,2131.0,2139.0,0,2026-06-24T10:15:40.953425+00:00
d7fb298f-f732-4cdc-a49f-56821eb4f37a,AUBANK,2026-06-30,1025.0,1041.0,1025.0,1041.0,0,2026-06-30T10:11:24.203026+00:00
770f5cd4-b32d-49d0-b03a-d212dda6e2d3,AUROPHARMA,2026-06-30,1556.0,1584.0,1556.0,1573.0,0,2026-06-30T10:11:24.203026+00:00
79943bf0-1073-4702-b99b-c3c093620290,AXISBANK,2026-06-30,1368.0,1573.0,1352.0,1352.0,0,2026-06-30T10:11:24.203026+00:00
26378f1f-8a38-4144-b965-1a785d8dd245,BAJAJFINSV,2026-06-30,1759.0,1784.0,1573.0,1784.0,0,2026-06-30T10:11:24.203026+00:00
0cd44974-a2ef-4693-bcac-75131e3f073c,LTM,2026-07-09,3785.0,3873.0,3783.0,3873.0,0,2026-07-09T10:13:37.065139+00:00
2bea0f1d-0fc7-4ecd-b836-2a96780a59e5,HINDPETRO,2026-06-29,413.0,413.0,391.0,391.0,0,2026-06-29T10:15:54.596953+00:00
36f80c94-e6dd-440b-b38c-38d2fc6b0d4b,INOXWIND,2026-06-29,90.0,90.0,89.0,89.0,0,2026-06-29T10:15:54.596953+00:00
c9d019ab-1627-4d00-b17a-6d510f8abc3a,IRCTC,2026-06-29,510.0,510.0,504.0,504.0,0,2026-06-29T10:15:54.596953+00:00
496671f7-fbc8-4651-836d-7c344fb7abfd,IREDA,2026-06-29,128.0,128.0,127.0,127.0,0,2026-06-29T10:15:54.596953+00:00
18ea282b-3b4e-4162-8d1f-126b54057da6,IRFC,2026-06-29,91.0,91.0,91.0,91.0,0,2026-06-29T10:15:54.596953+00:00
2158f447-666b-422e-a8b2-816828bda6d3,ITC,2026-06-29,291.0,292.0,290.0,291.0,0,2026-06-29T10:15:54.596953+00:00
62dc201f-7096-43f5-8730-0a826a255019,NUVAMA,2026-07-09,1905.0,1943.0,1902.0,1943.0,0,2026-07-09T10:13:37.065139+00:00
817ab331-9fcf-423e-acbe-1d63b04ecb15,NCC,2026-07-02,151.0,151.0,149.0,150.0,0,2026-07-02T10:13:47.731181+00:00
d6a4bca3-2975-4f7d-8381-a889bfbc29f5,TMPV,2026-07-02,348.0,348.0,346.0,346.0,0,2026-07-02T10:13:47.731181+00:00
29b78437-54c9-477f-be3c-b45255230e6c,TORNTPHARM,2026-07-02,4607.0,4663.0,4607.0,4662.0,0,2026-07-02T10:13:47.731181+00:00
16e993aa-f121-4679-9b82-ba757a2e6d6b,NTPC,2026-07-02,357.0,359.0,357.0,359.0,0,2026-07-02T10:13:47.731181+00:00
18714633-f2db-4138-ac57-cbd4e0ead594,JINDALSTEL,2026-06-29,1072.0,1078.0,1072.0,1073.0,0,2026-06-29T10:15:54.596953+00:00
994ad8ac-4974-4a85-838a-883108ea750b,JIOFIN,2026-06-29,240.0,240.0,236.0,236.0,0,2026-06-29T10:15:54.596953+00:00
952ae0a5-de70-4ad8-8dcd-f06b4d1e482d,JSWENERGY,2026-06-29,577.0,580.0,576.0,579.0,0,2026-06-29T10:15:54.596953+00:00
f9cfd567-abc7-40fd-bcd4-592485601ca3,JSWSTEEL,2026-06-29,1246.0,1246.0,1243.0,1243.0,0,2026-06-29T10:15:54.596953+00:00
b81db32d-3d87-4cfa-8142-b4f25965b22d,JUBLFOOD,2026-06-29,427.0,427.0,418.0,424.0,0,2026-06-29T10:15:54.596953+00:00
3070807e-92ae-4330-8704-15cd1ea4be8c,KALYANKJIL,2026-06-29,376.0,378.0,375.0,378.0,0,2026-06-29T10:15:54.596953+00:00
559270f4-8661-420a-9524-efa18ba419ae,KAYNES,2026-06-29,3313.0,3313.0,3158.0,3158.0,0,2026-06-29T10:15:54.596953+00:00
5f254432-4fc5-485b-afad-01ad2497eef0,MAXHEALTH,2026-07-01,1143.0,1143.0,1143.0,1143.0,0,2026-07-01T10:15:40.157906+00:00
91af1a88-ac0c-43a5-97e0-94302e7ffc5d,MAZDOCK,2026-07-01,2486.0,2519.0,2486.0,2519.0,0,2026-07-01T10:15:40.157906+00:00
a3a9b331-44de-4ddc-984d-d982e03407b8,IGL,2026-06-25,168.0,172.0,168.0,170.0,0,2026-06-25T10:05:37.921051+00:00
28b5edf3-81d4-4e75-b20c-2bdd58fc42cf,IIFL,2026-06-25,523.0,523.0,495.0,523.0,0,2026-06-25T10:05:37.921051+00:00
210780c9-ccf4-47c1-89d6-74432155dcd2,INDHOTEL,2026-06-25,726.0,731.0,724.0,724.0,0,2026-06-25T10:05:37.921051+00:00
baf702f0-5dc0-4649-ad79-12f3f5773784,INDIANB,2026-06-25,846.0,846.0,835.0,835.0,0,2026-06-25T10:05:37.921051+00:00
0424ab28-2405-4efb-b981-4d0c1e613513,INDIGO,2026-06-25,5058.0,5446.0,5058.0,5444.0,0,2026-06-25T10:05:37.921051+00:00
cf52a981-9d3d-48c4-8808-dbba72a34c1b,INDUSINDBK,2026-06-25,931.0,932.0,925.0,927.0,0,2026-06-25T10:05:37.921051+00:00
7949b4e0-5e73-44ff-9d6e-7f30366121a4,INDUSTOWER,2026-06-25,401.0,401.0,394.0,394.0,0,2026-06-25T10:05:37.921051+00:00
30162c8f-1aa1-4b60-a478-c596fe823f5b,INFY,2026-06-25,1047.0,1053.0,1047.0,1050.0,0,2026-06-25T10:05:37.921051+00:00
dcb703d2-e12e-4ead-bae1-15b259bf082a,INOXWIND,2026-06-25,91.0,91.0,90.0,90.0,0,2026-06-25T10:05:37.921051+00:00
b72ad423-9fbe-426a-b5c6-8f5626e349ea,KPITTECH,2026-06-25,737.0,746.0,736.0,742.0,0,2026-06-25T10:05:37.921051+00:00
38f04008-ae1e-4a3f-a0f8-3e8c5ff51ec3,PIIND,2026-06-25,2759.0,2759.0,2710.0,2721.0,0,2026-06-25T10:05:37.921051+00:00
48dcb834-e6da-4f80-bb05-29203a62218d,PNB,2026-06-25,108.0,109.0,108.0,108.0,0,2026-06-25T10:05:37.921051+00:00
7d528127-f036-4c74-8873-6d1ae71ff13e,PNBHOUSING,2026-06-25,1032.0,1061.0,1032.0,1050.0,0,2026-06-25T10:05:37.921051+00:00
dd6f660a-cdd8-4dc0-90b7-2cae989a45f5,POLICYBZR,2026-06-25,1641.0,1641.0,1620.0,1620.0,0,2026-06-25T10:05:37.921051+00:00
27bd284f-510e-478a-a171-b47a380cedd9,POLYCAB,2026-06-25,9743.0,9743.0,9534.0,9534.0,0,2026-06-25T10:05:37.921051+00:00
222e215c-2817-49b6-b4d0-477efe670aeb,POWERGRID,2026-06-25,291.0,291.0,286.0,286.0,0,2026-06-25T10:05:37.921051+00:00
608072c8-6c93-457c-ab63-640229635201,PPLPHARMA,2026-06-25,172.0,172.0,168.0,168.0,0,2026-06-25T10:05:37.921051+00:00
eb3d10b1-80d8-4bed-b5b6-0859d4ce5f22,PRESTIGE,2026-06-25,1541.0,1571.0,1541.0,1564.0,0,2026-06-25T10:05:37.921051+00:00
1f71d13d-a813-46b1-ad0b-cf50e991f076,RBLBANK,2026-06-25,374.0,376.0,371.0,374.0,0,2026-06-25T10:05:37.921051+00:00
d6797c27-1250-4b7c-8105-cac69a0cd9d0,RECLTD,2026-06-25,364.0,365.0,361.0,365.0,0,2026-06-25T10:05:37.921051+00:00
29166aa2-1e9f-4067-ad80-cd177c50807f,RELIANCE,2026-06-25,1322.0,1323.0,1319.0,1319.0,0,2026-06-25T10:05:37.921051+00:00
7c9ca1fd-d563-4cae-ad3b-436d6cfa865e,RVNL,2026-06-25,245.0,245.0,244.0,244.0,0,2026-06-25T10:05:37.921051+00:00
05a11ced-43e2-41f5-8ef1-92e8b9d94131,SAIL,2026-06-25,169.0,172.0,169.0,171.0,0,2026-06-25T10:05:37.921051+00:00
e0d14c91-08f6-4294-8e6d-e956599aac2a,ADANIPORTS,2026-06-29,1797.0,1797.0,1776.0,1776.0,0,2026-06-29T10:15:54.596953+00:00
43c6633e-4f7a-4b6d-94ea-ebcd080c9bfc,ALKEM,2026-06-29,5472.0,5481.0,5428.0,5428.0,0,2026-06-29T10:15:54.596953+00:00
4342df57-f22f-47b5-8f9c-5aa34652dae1,AMBER,2026-06-29,7795.0,7795.0,7452.0,7452.0,0,2026-06-29T10:15:54.596953+00:00
50d99a87-bf33-4a75-b45a-76844710e5e6,AMBUJACEM,2026-06-29,427.0,427.0,423.0,424.0,0,2026-06-29T10:15:54.596953+00:00
1585abf6-3313-4c2e-b131-bb6a60958f28,ANGELONE,2026-06-29,336.0,336.0,328.0,331.0,0,2026-06-29T10:15:54.596953+00:00
913e805a-bc38-46cd-928c-d7151505d2c1,APLAPOLLO,2026-06-29,1806.0,1806.0,1785.0,1789.0,0,2026-06-29T10:15:54.596953+00:00
ad34454a-86d9-4b39-8a53-a51b60647f75,APOLLOHOSP,2026-06-29,8599.0,8716.0,8599.0,8679.0,0,2026-06-29T10:15:54.596953+00:00
fd1dfd49-c282-436f-aa3a-160e6de99427,ASHOKLEY,2026-06-29,162.0,162.0,157.0,157.0,0,2026-06-29T10:15:54.596953+00:00
bd9bb6c7-ade7-4954-87b2-8ab2c9f17c17,ASIANPAINT,2026-06-29,2672.0,2684.0,2648.0,2650.0,0,2026-06-29T10:15:54.596953+00:00
9fc56f49-69e2-4019-b1c7-0d74cd7a4d03,ASTRAL,2026-06-29,1490.0,1535.0,1371.0,1378.0,0,2026-06-29T10:15:54.596953+00:00
6a78dd73-eec3-49c3-b56a-1f1e2b1c071f,AUBANK,2026-06-29,1058.0,1058.0,1019.0,1020.0,0,2026-06-29T10:15:54.596953+00:00
9d8b1224-626c-4ffc-8fa1-1734b8d10c18,AUROPHARMA,2026-06-29,1565.0,1585.0,1565.0,1572.0,0,2026-06-29T10:15:54.596953+00:00
0c0146f6-e897-4dcd-8bbd-a12dc2a010fc,BAJAJ_AUTO,2026-06-30,9531.0,9692.0,9531.0,9692.0,0,2026-06-30T10:11:24.203026+00:00
09babfe9-1909-43d4-b9d1-74dc513b8c93,BAJFINANCE,2026-06-30,979.0,1010.0,979.0,1010.0,0,2026-06-30T10:11:24.203026+00:00
93cae1b6-93f8-4d7c-8269-674522a7f297,BANDHANBNK,2026-06-30,203.0,205.0,203.0,204.0,0,2026-06-30T10:11:24.203026+00:00
d6e5dc2b-1731-4888-8f7b-36d1f5820678,BANKBARODA,2026-06-30,274.0,275.0,272.0,273.0,0,2026-06-30T10:11:24.203026+00:00
2dc1930b-d04d-4b19-8ba5-423c11dd9c10,BANKINDIA,2026-06-30,142.0,143.0,141.0,141.0,0,2026-06-30T10:11:24.203026+00:00
b111edbd-fc0b-4830-8714-b2bbfc2e7186,BDL,2026-06-30,1373.0,1379.0,1373.0,1375.0,0,2026-06-30T10:11:24.203026+00:00
11cf3129-8da3-4377-ba79-753d415bd880,BEL,2026-06-30,407.0,413.0,407.0,413.0,0,2026-06-30T10:11:24.203026+00:00
cc9a8a99-cd15-43fd-9e2e-2c8d150e4af0,BHARATFORG,2026-06-30,2077.0,2153.0,2076.0,2152.0,0,2026-06-30T10:11:24.203026+00:00
42d31a3a-1785-46e3-8f03-4f9ab0f636de,BLUESTARCO,2026-06-30,1638.0,1640.0,1620.0,1620.0,0,2026-06-30T10:11:24.203026+00:00
b6cb32cf-4e66-48d0-aa5c-08dcddc54595,BOSCHLTD,2026-06-30,39810.0,40160.0,39810.0,39985.0,0,2026-06-30T10:11:24.203026+00:00
f097d32b-362a-4c05-af3c-5b8abd610aae,BPCL,2026-06-30,301.0,304.0,301.0,304.0,0,2026-06-30T10:11:24.203026+00:00
00e94c2c-02cd-45fe-a30a-ef896667f3b0,HINDALCO,2026-06-25,981.0,981.0,956.0,956.0,0,2026-06-25T10:05:37.921051+00:00
46c1288c-589b-4236-b2a9-2108fde73571,HINDPETRO,2026-06-25,404.0,415.0,404.0,413.0,0,2026-06-25T10:05:37.921051+00:00
35baa881-ca0a-4d7d-b2b9-26d3769d54c8,HINDUNILVR,2026-06-25,2162.0,2197.0,2158.0,2171.0,0,2026-06-25T10:05:37.921051+00:00
5d86a732-e649-4ebd-8d28-e991abe65fd9,HINDZINC,2026-06-25,541.0,541.0,413.0,522.0,0,2026-06-25T10:05:37.921051+00:00
0b0f16bd-7564-4776-813a-a7b3a9b3a3f5,HUDCO,2026-06-25,207.0,210.0,207.0,208.0,0,2026-06-25T10:05:37.921051+00:00
6c51d35c-d2eb-4992-a602-92f194ecf027,ICICIBANK,2026-06-25,1386.0,1396.0,1374.0,1385.0,0,2026-06-25T10:05:37.921051+00:00
c6f586cc-a60c-41c1-a475-e6041e8c2a42,ICICIGI,2026-06-25,1827.0,1832.0,1813.0,1813.0,0,2026-06-25T10:05:37.921051+00:00
652f8000-eb63-48fb-9a1a-e624d5344058,ICICIPRULI,2026-06-25,497.0,497.0,495.0,495.0,0,2026-06-25T10:05:37.921051+00:00
dc847023-6817-4474-b8e4-ef1a4ad7e383,IDEA,2026-06-25,14.0,14.0,14.0,14.0,0,2026-06-25T10:05:37.921051+00:00
42004063-2be1-4826-979b-366ff2c78f92,IDFCFIRSTB,2026-06-25,79.0,80.0,79.0,79.0,0,2026-06-25T10:05:37.921051+00:00
c7f29160-4668-4e21-9bc3-449e9778813b,IEX,2026-06-25,125.0,126.0,125.0,125.0,0,2026-06-25T10:05:37.921051+00:00
e0f045fb-ebf4-4dc0-88f1-17b66d9e8181,BRITANNIA,2026-06-30,5127.0,5146.0,5127.0,5146.0,0,2026-06-30T10:11:24.203026+00:00
1d6c18e3-fd7f-43c1-a5fd-c131e1bea63b,BSE,2026-06-30,3911.0,3911.0,3861.0,3861.0,0,2026-06-30T10:11:24.203026+00:00
275f088c-4c7a-4d29-8d13-d135639510d0,CAMS,2026-06-30,793.0,797.0,793.0,795.0,0,2026-06-30T10:11:24.203026+00:00
3ffaa6e6-97d9-415a-a038-bff435d1a156,PFC,2026-07-09,405.0,405.0,400.0,400.0,0,2026-07-09T10:13:37.065139+00:00
24c0c002-e8d4-4a4c-998e-66451312cd3b,AXISBANK,2026-06-29,1377.0,1384.0,1377.0,1379.0,0,2026-06-29T10:15:54.596953+00:00
31028ccf-6477-4c0a-91d4-991fa52d9f09,PGEL,2026-07-09,572.0,585.0,572.0,585.0,0,2026-07-09T10:13:37.065139+00:00
6043dad2-e530-492f-ac96-618da1d165ad,PIDILITIND,2026-07-09,1582.0,1603.0,1582.0,1595.0,0,2026-07-09T10:13:37.065139+00:00
bcad3c64-9b76-415a-accb-4d00e00e16a1,PNBHOUSING,2026-07-09,1075.0,1082.0,1070.0,1082.0,0,2026-07-09T10:13:37.065139+00:00
ad6293d0-f9d2-49f3-a908-7a945ce93b15,POLICYBZR,2026-07-09,1570.0,1593.0,1569.0,1569.0,0,2026-07-09T10:13:37.065139+00:00
494079c6-16e4-426e-8542-3f099ce6bd6d,MANAPPURAM,2026-07-08,341.0,343.0,341.0,342.0,0,2026-07-08T10:11:15.313523+00:00
1c0eb9ec-e57b-4bdc-9c05-21acd22c6c04,TORNTPOWER,2026-07-08,1395.0,1402.0,1391.0,1391.0,0,2026-07-08T10:11:15.313523+00:00
7b69596f-3f09-442e-a0d0-8b516cd9caea,HAVELLS,2026-07-10,1190.0,1200.0,1190.0,1190.0,0,2026-07-10T10:15:53.013733+00:00
41b75364-5f2f-4030-83e3-2957272a905a,HCLTECH,2026-07-10,1176.0,1176.0,1159.0,1168.0,0,2026-07-10T10:15:53.013733+00:00
7522a9f0-4968-4da1-bc44-9d5a0b1b6552,360ONE,2026-06-29,1087.0,1095.0,1087.0,1088.0,0,2026-06-29T10:15:54.596953+00:00
bf033622-4313-4530-b9d1-783e7c1e4fc3,ABB,2026-06-29,7002.0,7018.0,6996.0,7018.0,0,2026-06-29T10:15:54.596953+00:00
3b5d535b-f9f0-42b6-89f5-d0200bb02a84,ABCAPITAL,2026-06-29,390.0,390.0,386.0,388.0,0,2026-06-29T10:15:54.596953+00:00
cade0331-d230-40ef-b6aa-01b2a0248be3,ADANIENSOL,2026-06-29,1479.0,1488.0,1476.0,1476.0,0,2026-06-29T10:15:54.596953+00:00
30b524d1-1556-4338-a384-69fa33bf3252,ADANIENT,2026-06-29,3039.0,3039.0,2960.0,2965.0,0,2026-06-29T10:15:54.596953+00:00
fe86fb68-4171-43a1-ae83-e0772e4ce77d,ADANIGREEN,2026-06-29,1491.0,1499.0,1476.0,1499.0,0,2026-06-29T10:15:54.596953+00:00
2c7fc835-2857-465b-ae37-300fda459d0f,BAJAJ_AUTO,2026-07-06,9896.0,9905.0,9896.0,9905.0,0,2026-07-06T10:08:29.690131+00:00
f2304d34-3713-47d8-a661-ab89f0dab29d,BAJFINANCE,2026-07-06,1032.0,1037.0,1032.0,1033.0,0,2026-07-06T10:08:29.690131+00:00
50c6c476-8fb2-4e7e-bd31-582bddf7b55a,BANDHANBNK,2026-07-06,201.0,207.0,201.0,207.0,0,2026-07-06T10:08:29.690131+00:00
d2ace07c-5841-4511-9861-5028d4262815,BAJAJFINSV,2026-06-29,1782.0,1782.0,1761.0,1773.0,0,2026-06-29T10:15:54.596953+00:00
ed39071c-5e39-4489-925a-4fecb3b3561b,BAJAJ_AUTO,2026-06-29,9826.0,9867.0,9664.0,9867.0,0,2026-06-29T10:15:54.596953+00:00
51f9edeb-15e0-46db-a0eb-baa9210e3ed0,BAJFINANCE,2026-06-29,990.0,990.0,980.0,988.0,0,2026-06-29T10:15:54.596953+00:00
11d1a333-116f-48a5-abe1-a7238456e85d,BANDHANBNK,2026-06-29,203.0,203.0,201.0,203.0,0,2026-06-29T10:15:54.596953+00:00
c279edb1-f337-4de1-9bbf-8ae5b04e4585,BANKBARODA,2026-06-29,280.0,280.0,274.0,274.0,0,2026-06-29T10:15:54.596953+00:00
54021298-0842-48f4-b493-9272896dd301,ASIANPAINT,2026-06-25,2658.0,2683.0,2657.0,2668.0,0,2026-06-25T10:05:37.921051+00:00
86768291-da3b-4cf6-85b9-8f36115d3333,ASTRAL,2026-06-25,1509.0,1509.0,1490.0,1490.0,0,2026-06-25T10:05:37.921051+00:00
0213a519-9c9b-49de-8164-8f619784336b,AUBANK,2026-06-25,1069.0,1069.0,1042.0,1058.0,0,2026-06-25T10:05:37.921051+00:00
8806a540-dec9-42a6-ad03-087728e37913,AUROPHARMA,2026-06-25,1547.0,1561.0,1547.0,1555.0,0,2026-06-25T10:05:37.921051+00:00
20f5c42b-03f9-4432-a788-5aa52148cd75,AXISBANK,2026-06-25,1384.0,1395.0,1377.0,1377.0,0,2026-06-25T10:05:37.921051+00:00
5a2ef3d1-089f-4dc3-af0a-08f76b7ef2ce,BANKINDIA,2026-06-29,145.0,145.0,142.0,143.0,0,2026-06-29T10:15:54.596953+00:00
db248a55-dbd9-4ed6-8d24-8cb850bb9b24,BDL,2026-06-29,1391.0,1391.0,1332.0,1332.0,0,2026-06-29T10:15:54.596953+00:00
d602658c-4de9-4743-9012-588299344b9e,BEL,2026-06-29,408.0,411.0,406.0,407.0,0,2026-06-29T10:15:54.596953+00:00
7dc86d15-9d65-46ac-bdcf-94c9544dd304,BHARATFORG,2026-06-29,2148.0,2148.0,2126.0,2127.0,0,2026-06-29T10:15:54.596953+00:00
0a473d6a-7aa7-486e-9e44-b177981bc93d,BHARTIARTL,2026-06-29,1855.0,1855.0,1838.0,1845.0,0,2026-06-29T10:15:54.596953+00:00
47bf9115-2645-4549-a310-eb50c189634b,BHEL,2026-06-29,402.0,413.0,402.0,413.0,0,2026-06-29T10:15:54.596953+00:00
3e48492f-59d1-408a-b98f-095f5e7e3f6a,BIOCON,2026-06-29,417.0,421.0,416.0,416.0,0,2026-06-29T10:15:54.596953+00:00
7a2f4172-bb44-4e86-bff1-da0f8964f05d,BLUESTARCO,2026-06-29,1644.0,1645.0,1630.0,1630.0,0,2026-06-29T10:15:54.596953+00:00
cb9216da-ab3d-4e0a-9f46-c74c4b235255,BOSCHLTD,2026-06-29,40725.0,40880.0,39810.0,39810.0,0,2026-06-29T10:15:54.596953+00:00
8257a4b9-41b2-40ae-b7a3-463691bce2d8,BPCL,2026-06-29,317.0,317.0,301.0,301.0,0,2026-06-29T10:15:54.596953+00:00
9d04fd6f-3007-4adf-825a-337afd911b6f,BRITANNIA,2026-06-29,5224.0,5236.0,5121.0,5127.0,0,2026-06-29T10:15:54.596953+00:00
714ba572-0ea3-42d1-86bb-a42042f06f3b,ABCAPITAL,2026-06-25,395.0,397.0,390.0,390.0,0,2026-06-25T10:05:37.921051+00:00
2bed3f5a-53ef-44d0-937b-c53ddddd38cd,ADANIENSOL,2026-06-25,1510.0,1521.0,1510.0,1521.0,0,2026-06-25T10:05:37.921051+00:00
203e085c-70c8-4eac-b2d4-f3355959dd9c,ADANIENT,2026-06-25,3072.0,3081.0,3035.0,3039.0,0,2026-06-25T10:05:37.921051+00:00
2251addf-0a67-48d7-9750-1b971d3d2154,ADANIPORTS,2026-06-25,1789.0,1819.0,1789.0,1797.0,0,2026-06-25T10:05:37.921051+00:00
7c09d1b9-e125-4aae-a9e5-38935d5e4691,ALKEM,2026-06-25,5463.0,5464.0,5438.0,5438.0,0,2026-06-25T10:05:37.921051+00:00
d768e0c3-6c25-4867-b592-01a0c5848509,AMBER,2026-06-25,7845.0,7862.0,7795.0,7795.0,0,2026-06-25T10:05:37.921051+00:00
b1299edd-9f43-4b46-a7a8-fa3420e6cda9,ANGELONE,2026-06-25,340.0,340.0,336.0,336.0,0,2026-06-25T10:05:37.921051+00:00
a593e76d-b9d8-4d61-8a8a-c73f3789a7e4,LAURUSLABS,2026-06-24,1480.0,1480.0,1467.0,1472.0,0,2026-06-24T10:15:40.953425+00:00
0819b06e-de70-4915-997a-6d3fd844cd82,LICHSGFIN,2026-06-24,542.0,550.0,541.0,543.0,0,2026-06-24T10:15:40.953425+00:00
b11d052a-3e2c-4db2-9afa-d1abb3cd8b4a,LICI,2026-06-24,441.0,441.0,436.0,436.0,0,2026-06-24T10:15:40.953425+00:00
a98c6dd9-6400-422d-8a10-8e535a282e52,LODHA,2026-06-24,917.0,935.0,913.0,934.0,0,2026-06-24T10:15:40.953425+00:00
2b583d2c-7f02-4bc3-a3e7-5c0559e07dc1,LT,2026-06-24,4201.0,4206.0,4177.0,4177.0,0,2026-06-24T10:15:40.953425+00:00
aa53f2fc-ae33-4528-9eff-5c8c8a654d92,LTF,2026-06-24,289.0,296.0,288.0,290.0,0,2026-06-24T10:15:40.953425+00:00
eb394410-deab-45f3-b9ae-797740ddacc7,LTM,2026-06-24,3776.0,3805.0,3776.0,3803.0,0,2026-06-24T10:15:40.953425+00:00
3d8050e4-c953-4664-8b51-53dd5d16967b,LUPIN,2026-06-24,2384.0,2392.0,2370.0,2376.0,0,2026-06-24T10:15:40.953425+00:00
416db17a-7970-4ca1-a667-b681b55bd154,M&M,2026-06-24,3047.0,3061.0,3043.0,3061.0,0,2026-06-24T10:15:40.953425+00:00
a1de87b1-2242-4279-ad9c-35b70a3030aa,MANAPPURAM,2026-06-24,321.0,321.0,317.0,317.0,0,2026-06-24T10:15:40.953425+00:00
b3ca0437-3341-4ef8-98d9-06dafd2dbe3b,MANKIND,2026-06-24,2563.0,2563.0,2497.0,2497.0,0,2026-06-24T10:15:40.953425+00:00
6fd1a325-4078-4e4d-9294-8915f3a17f10,MARICO,2026-06-24,817.0,820.0,811.0,820.0,0,2026-06-24T10:15:40.953425+00:00
3b533ae4-97dc-4115-be30-783a48648ed0,MARUTI,2026-06-24,13375.0,13375.0,13212.0,13212.0,0,2026-06-24T10:15:40.953425+00:00
7484d95d-4727-464d-9257-b2fc5bc480df,MAXHEALTH,2026-06-24,1084.0,1084.0,1080.0,1080.0,0,2026-06-24T10:15:40.953425+00:00
a226175a-5bfa-4654-801e-5419b6ecb25b,MAZDOCK,2026-06-24,2517.0,2535.0,2497.0,2497.0,0,2026-06-24T10:15:40.953425+00:00
10a930b2-7fd4-45af-8555-e51541ff251a,MCX,2026-06-24,2835.0,2865.0,2835.0,2855.0,0,2026-06-24T10:15:40.953425+00:00
60383520-d0cb-4d33-b6eb-3de38dc06aaa,MFSL,2026-06-24,1680.0,1680.0,1665.0,1665.0,0,2026-06-24T10:15:40.953425+00:00
c6946bd2-eed2-4857-a663-48aee0050fcd,MOTHERSON,2026-06-24,142.0,145.0,142.0,145.0,0,2026-06-24T10:15:40.953425+00:00
c8018f82-076a-4e60-a935-68955fa17f0d,MOTILALOFS,2026-06-24,937.0,940.0,934.0,935.0,0,2026-06-24T10:15:40.953425+00:00
04589338-e4ec-4d8e-af42-51d08c68dfe3,MPHASIS,2026-06-24,2232.0,2260.0,2232.0,2259.0,0,2026-06-24T10:15:40.953425+00:00
42b002a2-144f-4933-8c47-61dc43669ccb,MUTHOOTFIN,2026-06-24,3084.0,3107.0,3084.0,3105.0,0,2026-06-24T10:15:40.953425+00:00
50a423c7-8c48-494c-aafd-d82cc1b8cec7,NATIONALUM,2026-06-24,351.0,354.0,349.0,349.0,0,2026-06-24T10:15:40.953425+00:00
2bc375a4-5bfb-431f-a4c4-3f5289963f80,NAUKRI,2026-06-24,1013.0,1016.0,1000.0,1010.0,0,2026-06-24T10:15:40.953425+00:00
4d300401-5158-4a7e-ac27-7debb1c74298,NBCC,2026-06-24,109.0,109.0,108.0,109.0,0,2026-06-24T10:15:40.953425+00:00
6bc97314-135a-4247-b2e6-8c761aedf89c,NCC,2026-06-24,158.0,158.0,155.0,158.0,0,2026-06-24T10:15:40.953425+00:00
d1b5b51b-c2aa-4b4c-a9f0-ca0ac452dc82,NESTLEIND,2026-06-24,1402.0,1402.0,1390.0,1390.0,0,2026-06-24T10:15:40.953425+00:00
85ab7038-32b8-4ed7-8f38-0bd22218ea7b,NHPC,2026-06-24,78.0,80.0,78.0,79.0,0,2026-06-24T10:15:40.953425+00:00
4e241ac1-a2bf-486c-aab2-4daed1ce0c0b,ULTRACEMCO,2026-06-24,11305.0,11436.0,11286.0,11436.0,0,2026-06-24T10:15:40.953425+00:00
0764dcef-207b-4b62-be6f-8291ee6706bb,APLAPOLLO,2026-06-25,1803.0,1803.0,1800.0,1800.0,0,2026-06-25T10:05:37.921051+00:00
009800b7-464e-44a9-8dbd-3bda2a56a46f,APOLLOHOSP,2026-06-25,8559.0,8620.0,8545.0,8599.0,0,2026-06-25T10:05:37.921051+00:00
45f6886d-a40b-472a-8604-539300480276,ASHOKLEY,2026-06-25,159.0,162.0,159.0,162.0,0,2026-06-25T10:05:37.921051+00:00
f9424dc3-82fa-4ad8-9369-e8a3b321bda6,BAJAJFINSV,2026-06-25,1789.0,1791.0,1780.0,1783.0,0,2026-06-25T10:05:37.921051+00:00
1ff68b35-7045-4cf3-961d-6e5c8d87a613,JSWSTEEL,2026-06-24,1240.0,1240.0,1225.0,1230.0,0,2026-06-24T10:15:40.953425+00:00
d9911bfe-33d2-45df-86cc-e1116210e896,JUBLFOOD,2026-06-24,425.0,426.0,424.0,425.0,0,2026-06-24T10:15:40.953425+00:00
8076887b-dc3a-4dc1-910d-abeff07eb931,KALYANKJIL,2026-06-24,378.0,378.0,370.0,372.0,0,2026-06-24T10:15:40.953425+00:00
a33d1f61-857d-46bb-b035-202d6ac6ce32,KAYNES,2026-06-24,3196.0,3286.0,3196.0,3214.0,0,2026-06-24T10:15:40.953425+00:00
85d73fd5-fbc2-41b3-956a-051cc5b80501,KEI,2026-06-24,5574.0,5577.0,5417.0,5429.0,0,2026-06-24T10:15:40.953425+00:00
25fd122e-8dda-4098-bdfa-fddc58c62869,KFINTECH,2026-06-24,893.0,912.0,875.0,879.0,0,2026-06-24T10:15:40.953425+00:00
ffb849b5-eb28-45ae-adcf-284fe8e7b9bf,KOTAKBANK,2026-06-24,405.0,407.0,404.0,406.0,0,2026-06-24T10:15:40.953425+00:00
e3f2b5ad-a147-46da-aac4-c6f33df644e8,KPITTECH,2026-06-24,746.0,746.0,735.0,737.0,0,2026-06-24T10:15:40.953425+00:00
e129ed45-35c2-4386-921c-c98c36e27d13,AMBER,2026-07-07,7630.0,7707.0,7609.0,7630.0,0,2026-07-07T10:10:45.558638+00:00
f0d37553-0832-48f6-bc50-e900d5f9a4cf,PERSISTENT,2026-07-07,4855.0,4855.0,4835.0,4855.0,0,2026-07-07T10:10:45.558638+00:00
b88bc52e-b936-4606-b6e0-929b6f1bdadd,NATIONALUM,2026-07-01,340.0,340.0,336.0,336.0,0,2026-07-01T10:15:40.157906+00:00
82b4f6d6-b126-436d-b121-96be70a69427,NAUKRI,2026-07-01,990.0,995.0,990.0,993.0,0,2026-07-01T10:15:40.157906+00:00
440eec7b-6573-4658-84e1-a35a830433ff,NBCC,2026-07-01,105.0,106.0,104.0,105.0,0,2026-07-01T10:15:40.157906+00:00
ae8c2ffe-6cf7-47d9-8eb0-2d01590db24f,PRESTIGE,2026-07-07,1676.0,1688.0,1673.0,1676.0,0,2026-07-07T10:10:45.558638+00:00
18c8f248-b3cd-484a-99dd-1e2e2c94c65b,TATACONSUM,2026-07-02,1090.0,1104.0,1086.0,1104.0,0,2026-07-02T10:13:47.731181+00:00
c57e79b3-eee0-4b4a-80f7-7a928aad0780,TATAELXSI,2026-07-02,3595.0,3680.0,3595.0,3680.0,0,2026-07-02T10:13:47.731181+00:00
612e1de0-4d18-4d11-be8e-6fb5cade47da,TATAPOWER,2026-07-02,377.0,377.0,375.0,375.0,0,2026-07-02T10:13:47.731181+00:00
534c6434-467e-4efe-aeda-6b737eabf972,PRESTIGE,2026-06-29,1564.0,1564.0,1531.0,1538.0,0,2026-06-29T10:15:54.596953+00:00
adced072-2dca-4fb3-bf34-91f83b9dc386,TATASTEEL,2026-07-02,186.0,187.0,185.0,186.0,0,2026-07-02T10:13:47.731181+00:00
ff431911-17dd-490c-a544-c1783cf63084,BHARATFORG,2026-06-25,2139.0,2164.0,2139.0,2148.0,0,2026-06-25T10:05:37.921051+00:00
86ebc64e-25d6-46a7-bd8e-58e4312688f9,BHARTIARTL,2026-06-25,1881.0,1881.0,1855.0,1855.0,0,2026-06-25T10:05:37.921051+00:00
89cc561c-1e40-4973-a650-1d1e1b424232,BHEL,2026-06-25,405.0,406.0,402.0,402.0,0,2026-06-25T10:05:37.921051+00:00
0e80ce4f-ab4c-49a0-9c2b-6360bfe91789,BIOCON,2026-06-25,423.0,426.0,418.0,422.0,0,2026-06-25T10:05:37.921051+00:00
1a127f5c-1db3-4440-a96a-61597107b1e3,BLUESTARCO,2026-06-25,1662.0,1662.0,1652.0,1658.0,0,2026-06-25T10:05:37.921051+00:00
253b90ea-3005-43b1-8f32-e13a120c4787,BOSCHLTD,2026-06-25,40325.0,41170.0,40325.0,40725.0,0,2026-06-25T10:05:37.921051+00:00
58767934-8b0a-4edb-9088-fd7a17f7df73,BPCL,2026-06-25,312.0,317.0,312.0,317.0,0,2026-06-25T10:05:37.921051+00:00
47ee9b90-ad91-4ea3-938e-69cf3857bbcd,BRITANNIA,2026-06-25,5271.0,5271.0,5260.0,5265.0,0,2026-06-25T10:05:37.921051+00:00
67f21ee6-be09-4afe-b767-2d726654ca57,BSE,2026-06-25,3900.0,3917.0,3873.0,3884.0,0,2026-06-25T10:05:37.921051+00:00
6dc2978c-0f41-425c-ad28-ce94fca7339a,CAMS,2026-06-25,799.0,806.0,797.0,798.0,0,2026-06-25T10:05:37.921051+00:00
a0391901-e92e-408a-95dd-204eb17990f3,CANBK,2026-06-25,130.0,130.0,129.0,129.0,0,2026-06-25T10:05:37.921051+00:00
1df526c6-b247-4410-bd93-924cdaee3bef,CDSL,2026-06-25,1334.0,1339.0,1329.0,1329.0,0,2026-06-25T10:05:37.921051+00:00
7b661213-69bd-41f8-95f5-67b162bdc2bb,DABUR,2026-06-25,420.0,427.0,420.0,427.0,0,2026-06-25T10:05:37.921051+00:00
ffaaa888-e73c-494b-94d8-89b679f01c0b,DALBHARAT,2026-06-25,1720.0,1751.0,1720.0,1737.0,0,2026-06-25T10:05:37.921051+00:00
3bb0273f-5f5c-4a63-a386-b2cf4149cdc2,DELHIVERY,2026-06-25,471.0,473.0,471.0,473.0,0,2026-06-25T10:05:37.921051+00:00
9dd79aa4-d90d-4ff6-893b-6e01370be404,DIVISLAB,2026-06-25,6735.0,6735.0,6701.0,6713.0,0,2026-06-25T10:05:37.921051+00:00
780fed14-f55d-4e54-a381-6e190c7157da,DIXON,2026-06-25,12062.0,12251.0,12022.0,12251.0,0,2026-06-25T10:05:37.921051+00:00
12ce7dec-8b43-4619-8ade-735cd9d6970d,DLF,2026-06-25,626.0,631.0,620.0,625.0,0,2026-06-25T10:05:37.921051+00:00
5ae4ac15-ddb7-4f3a-b6e2-df70b208312a,DMART,2026-06-25,4337.0,4358.0,4304.0,4315.0,0,2026-06-25T10:05:37.921051+00:00
ce937b31-3845-4c86-8e3a-085e10aeb5db,DRREDDY,2026-06-25,1350.0,1359.0,1344.0,1354.0,0,2026-06-25T10:05:37.921051+00:00
53fc0dfe-5278-458c-a9eb-583652f0c2ea,EICHERMOT,2026-06-25,7722.0,7722.0,7597.0,7597.0,0,2026-06-25T10:05:37.921051+00:00
a73d9655-bfe0-47d2-ba9f-c2aca416da15,ETERNAL,2026-06-25,255.0,265.0,255.0,255.0,0,2026-06-25T10:05:37.921051+00:00
79013f15-fed9-4f1d-87bc-3fee6332f52c,EXIDEIND,2026-06-25,385.0,402.0,385.0,401.0,0,2026-06-25T10:05:37.921051+00:00
5b05f3be-3577-47b0-b17c-45de2c6bfeaa,FEDERALBNK,2026-06-25,324.0,326.0,323.0,323.0,0,2026-06-25T10:05:37.921051+00:00
a802a390-8c72-43fb-b418-683aef7d808e,GAIL,2026-06-25,176.0,176.0,174.0,174.0,0,2026-06-25T10:05:37.921051+00:00
269ebcf3-950f-423b-b5e9-0c19878ef368,GMRAIRPORT,2026-06-25,110.0,110.0,109.0,109.0,0,2026-06-25T10:05:37.921051+00:00
4d628dd8-128b-4b66-9b02-ff9deb834d87,GODFRYPHLP,2026-06-25,2278.0,2281.0,2252.0,2252.0,0,2026-06-25T10:05:37.921051+00:00
77f54a43-eb77-4041-bc07-3708aa186a5d,GODREJCP,2026-06-25,1024.0,1036.0,1019.0,1035.0,0,2026-06-25T10:05:37.921051+00:00
76e49c22-9e9e-411b-8c69-ce9f4d7b2269,GODREJPROP,2026-06-25,1848.0,1873.0,1848.0,1858.0,0,2026-06-25T10:05:37.921051+00:00
1cd26445-6ea3-4df4-a7bc-c8aa37f4fb6d,GRASIM,2026-06-25,3129.0,3153.0,3120.0,3131.0,0,2026-06-25T10:05:37.921051+00:00
5b2745e1-b3b8-4d12-b7fa-75ea3c843d3c,HAL,2026-06-25,4366.0,4382.0,4366.0,4371.0,0,2026-06-25T10:05:37.921051+00:00
f4ce4bbe-a97b-4996-a6e8-d46122327dd4,HAVELLS,2026-06-25,1186.0,1192.0,1179.0,1180.0,0,2026-06-25T10:05:37.921051+00:00
0704fca8-3fca-4962-b3c9-5211acc9cc0f,HCLTECH,2026-06-25,1117.0,1125.0,1112.0,1112.0,0,2026-06-25T10:05:37.921051+00:00
030aac93-3ff7-4730-933e-415308cdf85e,HDFCAMC,2026-06-25,2667.0,2676.0,2652.0,2652.0,0,2026-06-25T10:05:37.921051+00:00
23d72bc7-72e6-479c-bed9-0634f36c5305,HDFCBANK,2026-06-25,792.0,802.0,792.0,802.0,0,2026-06-25T10:05:37.921051+00:00
e491b1c9-de22-460b-ba85-7c0bd33adf2b,HDFCLIFE,2026-06-25,592.0,594.0,591.0,591.0,0,2026-06-25T10:05:37.921051+00:00
a4a080d9-15ad-4648-b0e8-7dbd83d57db4,HEROMOTOCO,2026-06-25,5018.0,5028.0,4887.0,4900.0,0,2026-06-25T10:05:37.921051+00:00
d519c2de-064b-4f30-9096-85e3785daea7,HFCL,2026-06-25,207.0,215.0,207.0,215.0,0,2026-06-25T10:05:37.921051+00:00
d7039f78-e544-4645-a797-d503146e9945,SAMMAANCAP,2026-06-25,173.0,173.0,170.0,170.0,0,2026-06-25T10:05:37.921051+00:00
6edc2d6a-47ec-46fc-8f0e-150956a92f17,SBICARD,2026-06-25,620.0,633.0,620.0,633.0,0,2026-06-25T10:05:37.921051+00:00
36aa7b22-c16e-459b-955f-1726960f768b,SBIN,2026-06-25,1049.0,1051.0,1049.0,1051.0,0,2026-06-25T10:05:37.921051+00:00
4d3d12ae-5455-4d13-80c5-e07165b95502,SHREECEM,2026-06-25,26040.0,26050.0,25745.0,25890.0,0,2026-06-25T10:05:37.921051+00:00
ac8d82be-951b-472c-a2f2-23b0152b4e03,CIPLA,2026-06-30,1477.0,1477.0,1465.0,1470.0,0,2026-06-30T10:11:24.203026+00:00
93dffafb-d370-4f57-a611-4011307e53a5,COALINDIA,2026-06-30,444.0,444.0,439.0,439.0,0,2026-06-30T10:11:24.203026+00:00
83569250-4edd-464c-bb19-9e756c4ac183,COLPAL,2026-06-30,2009.0,2009.0,1990.0,2001.0,0,2026-06-30T10:11:24.203026+00:00
a7982b8c-293c-4bf1-9a82-3d7d2895fb8c,CONCOR,2026-06-30,472.0,475.0,469.0,475.0,0,2026-06-30T10:11:24.203026+00:00
6c7fde01-5735-4147-854f-6698ad70c96e,CROMPTON,2026-06-30,273.0,276.0,271.0,274.0,0,2026-06-30T10:11:24.203026+00:00
afd600ef-f5fb-48fe-92c5-666a78c37902,CUMMINSIND,2026-06-30,5550.0,5693.0,5550.0,5693.0,0,2026-06-30T10:11:24.203026+00:00
7be12dc5-7010-4762-918f-849eb1c0cb7f,CYIENT,2026-06-30,874.0,874.0,860.0,868.0,0,2026-06-30T10:11:24.203026+00:00
050d93bf-75fa-47fe-a361-fbef91425ae4,DABUR,2026-06-30,426.0,426.0,424.0,424.0,0,2026-06-30T10:11:24.203026+00:00
d6f1505e-a757-4847-9ebe-0cabd9c3ac42,TVSMOTOR,2026-07-02,3499.0,3615.0,3499.0,3615.0,0,2026-07-02T10:13:47.731181+00:00
73c19cfd-58b1-4077-b8ef-2905af314da6,CANBK,2026-06-30,126.0,126.0,125.0,125.0,0,2026-06-30T10:11:24.203026+00:00
ecc89e70-8243-4ea9-8757-96cf49a5125c,CDSL,2026-06-30,1306.0,1312.0,1304.0,1309.0,0,2026-06-30T10:11:24.203026+00:00
066372af-8386-4473-9567-f20475c7df9a,CGPOWER,2026-06-30,949.0,960.0,949.0,958.0,0,2026-06-30T10:11:24.203026+00:00
38ab30be-2c5a-4f09-8dea-a1635f50d508,HAL,2026-06-29,4371.0,4371.0,4303.0,4303.0,0,2026-06-29T10:15:54.596953+00:00
349835c6-3e3d-43e8-9786-e0a044fefb90,HINDZINC,2026-06-29,522.0,525.0,521.0,525.0,0,2026-06-29T10:15:54.596953+00:00
b9f9c885-1b96-4f3e-b72e-96c3705c2ee5,HUDCO,2026-06-29,208.0,208.0,207.0,208.0,0,2026-06-29T10:15:54.596953+00:00
ecaca8d7-d311-40f6-8b8d-0def61428c46,MANAPPURAM,2026-06-29,313.0,316.0,311.0,316.0,0,2026-06-29T10:15:54.596953+00:00
5ca5a525-5ed0-4aa2-ad23-bb0a6209421c,MANKIND,2026-06-29,2461.0,2512.0,2461.0,2512.0,0,2026-06-29T10:15:54.596953+00:00
d7a0fe89-ad40-49cc-9bd3-e50242486e19,MOTHERSON,2026-06-29,152.0,152.0,150.0,150.0,0,2026-06-29T10:15:54.596953+00:00
efb91977-7192-4f10-a719-7754d3a9a33d,POLYCAB,2026-06-29,9534.0,9572.0,9509.0,9572.0,0,2026-06-29T10:15:54.596953+00:00
92ed20b9-c808-4d42-bf12-76b6b3324578,POWERGRID,2026-06-29,286.0,287.0,285.0,287.0,0,2026-06-29T10:15:54.596953+00:00
1f64951e-e73f-40fc-9abf-fb7bc33e5c6a,SAMMAANCAP,2026-06-29,168.0,173.0,167.0,170.0,0,2026-06-29T10:15:54.596953+00:00
958bacde-bdae-4cff-9f78-73ca39b47abe,SBICARD,2026-06-29,633.0,633.0,607.0,607.0,0,2026-06-29T10:15:54.596953+00:00
1284d5d9-0efb-4dae-a9ec-4cf680740a75,SBIN,2026-06-29,1051.0,1051.0,1033.0,1033.0,0,2026-06-29T10:15:54.596953+00:00
998dcf84-8d68-453a-8607-1cc16727e26c,VBL,2026-07-02,519.0,586.0,511.0,512.0,0,2026-07-02T10:13:47.731181+00:00
dd44bd78-88ce-4110-8362-f1fd8ea404d9,PIIND,2026-07-02,2577.0,2606.0,2577.0,2606.0,0,2026-07-02T10:13:47.731181+00:00
651e06e2-b48f-421f-af76-fe0ea5511689,PNBHOUSING,2026-07-02,1052.0,1058.0,1048.0,1055.0,0,2026-07-02T10:13:47.731181+00:00
d25c9d30-8b7b-425b-b793-ff774e3c825d,LODHA,2026-07-02,1000.0,1008.0,950.0,1007.0,0,2026-07-02T10:13:47.731181+00:00
835647dc-ce70-4536-b8b1-9a02bfec4fac,TRENT,2026-07-02,3275.0,3329.0,3275.0,3315.0,0,2026-07-02T10:13:47.731181+00:00
d9514f20-7158-4c1b-bfc1-f0f1063cfbc5,TCS,2026-07-06,2101.0,2103.0,2057.0,2057.0,0,2026-07-06T10:08:29.690131+00:00
3f1dfe43-766f-42ea-b679-632ceb911326,TITAN,2026-07-06,4480.0,4486.0,4468.0,4482.0,0,2026-07-06T10:08:29.690131+00:00
0a7390b1-3d4b-4c1f-95a7-f65e8146f76b,TMPV,2026-07-06,343.0,347.0,342.0,347.0,0,2026-07-06T10:08:29.690131+00:00
c5519e5f-dd68-43a2-bb6d-2b3ccc32e820,TORNTPOWER,2026-07-06,1371.0,1372.0,1356.0,1356.0,0,2026-07-06T10:08:29.690131+00:00
16f804a5-9e34-4967-a201-cbe75ddb4b1d,UPL,2026-07-06,609.0,614.0,609.0,610.0,0,2026-07-06T10:08:29.690131+00:00
cf5ef3bf-b4ee-413b-b362-35072acd6859,ZYDUSLIFE,2026-07-06,1135.0,1146.0,1132.0,1141.0,0,2026-07-06T10:08:29.690131+00:00
c54b2a20-5d6c-4815-a475-e7563c8a155d,HAL,2026-07-09,4359.0,4394.0,4356.0,4394.0,0,2026-07-09T10:13:37.065139+00:00
ec882961-6a96-4e05-aeca-277b1bb5368e,NYKAA,2026-07-09,322.0,326.0,322.0,326.0,0,2026-07-09T10:13:37.065139+00:00
bb657b1e-bf45-4e57-ab67-544367702c58,LT,2026-07-08,3962.0,3983.0,3928.0,3928.0,0,2026-07-08T10:11:15.313523+00:00
7a91de16-8199-41c9-9d79-e05e3b2e6045,LTF,2026-07-08,324.0,327.0,324.0,327.0,0,2026-07-08T10:11:15.313523+00:00
f201b2f8-5179-4eea-8955-455e042a1eb6,SHRIRAMFIN,2026-06-25,1042.0,1045.0,1042.0,1042.0,0,2026-06-25T10:05:37.921051+00:00
59a5144f-070d-4468-8ec2-f09417ad9d7b,SIEMENS,2026-06-25,3608.0,3655.0,3608.0,3638.0,0,2026-06-25T10:05:37.921051+00:00
6f67942c-52ff-412f-aa84-6aa606bf3058,SRF,2026-06-25,2747.0,2768.0,2747.0,2758.0,0,2026-06-25T10:05:37.921051+00:00
5595a294-9455-4902-aa22-642e8948705a,SUNPHARMA,2026-06-25,1873.0,1887.0,1873.0,1877.0,0,2026-06-25T10:05:37.921051+00:00
aa7aaf63-8990-43b3-885b-a99fe12b286d,SUPREMEIND,2026-06-25,3486.0,3486.0,3430.0,3442.0,0,2026-06-25T10:05:37.921051+00:00
eea8b9cb-ea29-403c-ac22-e627ad9e8291,SUZLON,2026-06-25,58.0,58.0,57.0,58.0,0,2026-06-25T10:05:37.921051+00:00
53f48f9e-3cb1-4c96-b375-fb12e07c7416,SYNGENE,2026-06-25,441.0,441.0,436.0,438.0,0,2026-06-25T10:05:37.921051+00:00
7d932173-e410-43d9-8fb7-0e6c17d484cb,TATACONSUM,2026-06-25,1098.0,1127.0,1098.0,1127.0,0,2026-06-25T10:05:37.921051+00:00
a0f856ee-2da9-4f27-a47c-e9450504a244,TATAELXSI,2026-06-25,4049.0,4054.0,4034.0,4045.0,0,2026-06-25T10:05:37.921051+00:00
d4bc212a-01d9-400d-8a6c-32d1384bde15,TATAPOWER,2026-06-25,393.0,394.0,392.0,392.0,0,2026-06-25T10:05:37.921051+00:00
1a953821-da4d-413d-8aa9-9ba066f3e3b7,TATATECH,2026-06-25,753.0,756.0,752.0,752.0,0,2026-06-25T10:05:37.921051+00:00
d4ad5e2b-7e3b-4e53-bcde-af89bd7c1340,TCS,2026-06-25,2117.0,2135.0,2117.0,2135.0,0,2026-06-25T10:05:37.921051+00:00
60639048-1376-4d4d-893d-9a900b1ba993,TECHM,2026-06-25,1456.0,1460.0,1443.0,1443.0,0,2026-06-25T10:05:37.921051+00:00
8096514f-093b-48e2-b6b3-9fe9934d1183,TIINDIA,2026-06-25,3244.0,3244.0,3048.0,3074.0,0,2026-06-25T10:05:37.921051+00:00
34bbbe49-f35e-4549-b573-80941867d8a9,TITAN,2026-06-25,4282.0,4285.0,4254.0,4285.0,0,2026-06-25T10:05:37.921051+00:00
17c4e3a4-72e8-4ba5-9770-56b18b20c58e,TMPV,2026-06-25,358.0,358.0,353.0,353.0,0,2026-06-25T10:05:37.921051+00:00
e33eb8a8-cc8e-4df8-bdfb-e31584aac048,TORNTPHARM,2026-06-25,4498.0,4535.0,4498.0,4524.0,0,2026-06-25T10:05:37.921051+00:00
24201887-24bf-4543-9f86-1b0868ff3f55,TORNTPOWER,2026-06-25,1444.0,1449.0,1431.0,1431.0,0,2026-06-25T10:05:37.921051+00:00
cc309f6e-d2d3-4a62-a224-762b957cf4fc,TRENT,2026-06-25,3275.0,3277.0,3271.0,3271.0,0,2026-06-25T10:05:37.921051+00:00
8cce9776-8769-40af-bf15-a2170c1df793,TVSMOTOR,2026-06-25,3537.0,3584.0,3537.0,3572.0,0,2026-06-25T10:05:37.921051+00:00
c71ce223-300c-42ee-900d-172da97f4627,ULTRACEMCO,2026-06-25,11436.0,11574.0,11436.0,11574.0,0,2026-06-25T10:05:37.921051+00:00
f4c00568-119b-4b06-89f7-98d7b424bee3,UNIONBANK,2026-06-25,176.0,176.0,175.0,175.0,0,2026-06-25T10:05:37.921051+00:00
97dccc70-0c30-44c6-9a27-c55a150f10e6,UNITDSPR,2026-06-25,1356.0,1391.0,1356.0,1386.0,0,2026-06-25T10:05:37.921051+00:00
c6c3cf71-7148-47f6-9464-67515f9511d4,UNOMINDA,2026-06-25,1120.0,1149.0,1120.0,1148.0,0,2026-06-25T10:05:37.921051+00:00
21a6b596-10c4-47e4-a6a3-dcded88ce04f,UPL,2026-06-25,599.0,599.0,599.0,599.0,0,2026-06-25T10:05:37.921051+00:00
fa554968-4e6c-4d76-946a-58c8841af832,VBL,2026-06-25,512.0,512.0,507.0,507.0,0,2026-06-25T10:05:37.921051+00:00
30414104-4a18-47b9-8a02-e2e7383cbb77,VEDL,2026-06-25,275.0,275.0,274.0,274.0,0,2026-06-25T10:05:37.921051+00:00
33561b65-e3ae-47d3-b548-f22977268f7d,VOLTAS,2026-06-25,1311.0,1321.0,1311.0,1316.0,0,2026-06-25T10:05:37.921051+00:00
c4323710-431a-426d-8417-34694543b823,WIPRO,2026-06-25,175.0,176.0,174.0,176.0,0,2026-06-25T10:05:37.921051+00:00
b40e3e61-77a8-4c24-a155-5fb873039ceb,YESBANK,2026-06-25,25.0,25.0,25.0,25.0,0,2026-06-25T10:05:37.921051+00:00
4f13cf71-8787-408a-91da-ce694730eb25,ZYDUSLIFE,2026-06-25,1103.0,1112.0,1100.0,1101.0,0,2026-06-25T10:05:37.921051+00:00
58aba7a1-fd28-4c83-9394-0e83ca5ebc17,360ONE,2026-06-25,1091.0,1142.0,1091.0,1091.0,0,2026-06-25T10:05:37.921051+00:00
abe97bba-35f2-4c81-9489-f8d15e064211,AMBUJACEM,2026-06-25,426.0,429.0,425.0,427.0,0,2026-06-25T10:05:37.921051+00:00
bbef2e8c-f38d-44c7-8636-8ee6950ff70b,FORTIS,2026-06-25,971.0,978.0,971.0,971.0,0,2026-06-25T10:05:37.921051+00:00
3520488b-38a8-4fbb-b786-4e83843a38f8,GLENMARK,2026-06-25,2176.0,2176.0,2167.0,2167.0,0,2026-06-25T10:05:37.921051+00:00
eef37a64-f9b8-42de-a6bf-3953f2d8e649,OFSS,2026-06-25,10499.0,10820.0,10499.0,10820.0,0,2026-06-25T10:05:37.921051+00:00
d4cb84d7-ff2c-43df-8e0a-c8cdbb7313b6,SBILIFE,2026-06-25,1752.0,1755.0,1744.0,1744.0,0,2026-06-25T10:05:37.921051+00:00
482c775b-5c21-4dd5-8b4d-e3f311022506,SOLARINDS,2026-06-25,17900.0,17901.0,17805.0,17805.0,0,2026-06-25T10:05:37.921051+00:00
72e34267-eb82-470c-b5ae-c030a119edda,SONACOMS,2026-06-25,620.0,631.0,620.0,620.0,0,2026-06-25T10:05:37.921051+00:00
16ac2799-7e31-4a93-a3d3-34bd2949e799,TATASTEEL,2026-06-25,190.0,190.0,188.0,189.0,0,2026-06-25T10:05:37.921051+00:00
dc28daac-3fba-4cb2-8fb1-d58b376e17af,ABB,2026-06-25,7025.0,7206.0,6996.0,7002.0,0,2026-06-25T10:05:37.921051+00:00
9384794f-f6bd-48b3-8e0b-aa5ccfc43dfb,ADANIGREEN,2026-06-25,1513.0,1541.0,1513.0,1539.0,0,2026-06-25T10:05:37.921051+00:00
d1d188c7-fbbf-4863-8b01-d3aa7ea7ed4b,DELHIVERY,2026-06-30,465.0,473.0,465.0,473.0,0,2026-06-30T10:11:24.203026+00:00
75e2a8ef-17f8-40bd-ada8-1c652b556a9c,DIVISLAB,2026-06-30,6670.0,6670.0,6571.0,6575.0,0,2026-06-30T10:11:24.203026+00:00
c9509040-472f-43e0-9aea-437152d884a1,DIXON,2026-06-30,11912.0,12177.0,11818.0,11978.0,0,2026-06-30T10:11:24.203026+00:00
0fec0f0d-a485-4b92-b6e9-d58b4edb3586,DLF,2026-06-30,615.0,619.0,615.0,619.0,0,2026-06-30T10:11:24.203026+00:00
f7bb4134-d5e4-46fb-8e8d-59e3c5f54ffc,AMBUJACEM,2026-07-07,440.0,441.0,440.0,440.0,0,2026-07-07T10:10:45.558638+00:00
96a259cf-238c-46aa-b545-11cb976376da,GODFRYPHLP,2026-06-29,2252.0,2252.0,2188.0,2188.0,0,2026-06-29T10:15:54.596953+00:00
de1f2806-9b63-4b38-b484-edc922d1c906,GODREJCP,2026-06-29,1039.0,1039.0,1037.0,1037.0,0,2026-06-29T10:15:54.596953+00:00
389c4ab9-914b-4174-8bc1-67a0574ce3c0,GODREJPROP,2026-06-29,1858.0,1858.0,1835.0,1836.0,0,2026-06-29T10:15:54.596953+00:00
5784e4ad-9ee9-41cb-9ede-c2b4d11ee188,GRASIM,2026-06-29,3131.0,3131.0,3075.0,3091.0,0,2026-06-29T10:15:54.596953+00:00
8aef6629-efab-4e6d-99df-df0513406c83,HAVELLS,2026-06-29,1184.0,1184.0,1161.0,1161.0,0,2026-06-29T10:15:54.596953+00:00
d2d2373a-1970-444f-8f87-614ee7b3e6b2,HCLTECH,2026-06-29,1112.0,1112.0,1095.0,1099.0,0,2026-06-29T10:15:54.596953+00:00
17c0449a-4555-45d3-b1f3-5e3d1f98565a,MOTILALOFS,2026-06-29,958.0,958.0,953.0,953.0,0,2026-06-29T10:15:54.596953+00:00
a09f6b4e-2f61-4cc0-8c5c-40004e800929,MPHASIS,2026-06-29,2265.0,2265.0,2220.0,2265.0,0,2026-06-29T10:15:54.596953+00:00
ef0b0bfa-5923-4e26-852a-8a6f057c4891,MUTHOOTFIN,2026-06-29,3031.0,3044.0,2977.0,2978.0,0,2026-06-29T10:15:54.596953+00:00
4e911fbb-7a4f-4991-85df-ac8bfc078a2e,NATIONALUM,2026-06-29,338.0,343.0,338.0,343.0,0,2026-06-29T10:15:54.596953+00:00
5f76b8b6-7e17-4682-b07e-2d05a7bf176b,NAUKRI,2026-06-29,988.0,991.0,986.0,987.0,0,2026-06-29T10:15:54.596953+00:00
280c4546-0ba6-4192-b8d1-eace3060d4ca,NBCC,2026-06-29,109.0,109.0,104.0,105.0,0,2026-06-29T10:15:54.596953+00:00
650a848b-7680-42a2-ae28-a53f7e47dfc4,NCC,2026-06-29,153.0,153.0,150.0,150.0,0,2026-06-29T10:15:54.596953+00:00
23cd5955-899c-4db8-a1be-883aa7d95cb5,PAGEIND,2026-06-29,40800.0,41220.0,40450.0,40450.0,0,2026-06-29T10:15:54.596953+00:00
63d97daf-c79e-4d63-af2d-7831641f1892,PATANJALI,2026-06-29,410.0,411.0,410.0,411.0,0,2026-06-29T10:15:54.596953+00:00
8a6378e1-12d7-41c5-97dd-b11d452d5e24,PAYTM,2026-06-29,1143.0,1143.0,1128.0,1133.0,0,2026-06-29T10:15:54.596953+00:00
c8383e83-e275-43d8-805f-e1eed922c8b1,PERSISTENT,2026-06-29,4886.0,4886.0,4350.0,4350.0,0,2026-06-29T10:15:54.596953+00:00
82add822-3bfe-4f75-8017-fd5e9b373f67,PETRONET,2026-06-29,285.0,285.0,281.0,282.0,0,2026-06-29T10:15:54.596953+00:00
3126ffc0-2381-48c0-b375-84f459486359,PGEL,2026-06-29,550.0,550.0,539.0,539.0,0,2026-06-29T10:15:54.596953+00:00
58d9af8e-bda9-464f-ae84-0d32b941ef6a,LT,2026-07-02,4060.0,4114.0,4037.0,4038.0,0,2026-07-02T10:13:47.731181+00:00
d21d9b3d-e6fc-4f8a-ae5a-8abd2ed80389,DALBHARAT,2026-06-30,1701.0,1711.0,1700.0,1700.0,0,2026-06-30T10:11:24.203026+00:00
0f9c5be4-4d71-448e-b5cb-b2bb27329f4e,OBEROIRLTY,2026-07-07,1918.0,1963.0,1916.0,1918.0,0,2026-07-07T10:10:45.558638+00:00
65f9876b-bef3-4b59-89d1-7408765bee5c,OFSS,2026-07-07,11079.0,11118.0,11079.0,11079.0,0,2026-07-07T10:10:45.558638+00:00
cd92e8da-c40b-4b7f-9971-ed811ac22fa6,MARICO,2026-07-09,838.0,860.0,838.0,860.0,0,2026-07-09T10:13:37.065139+00:00
37f63869-4af1-4e35-876c-552fe01edeab,ADANIPORTS,2026-07-02,1857.0,1874.0,1857.0,1874.0,0,2026-07-02T10:13:47.731181+00:00
756adabb-c9c0-4653-9fd9-5b855ba23592,KOTAKBANK,2026-07-02,403.0,403.0,396.0,399.0,0,2026-07-02T10:13:47.731181+00:00
6435726f-f7f9-40b4-9c32-f0924634eda2,KPITTECH,2026-07-02,565.0,565.0,555.0,558.0,0,2026-07-02T10:13:47.731181+00:00
4676d582-d28c-423e-974f-1a4bcc1b4341,PHOENIXLTD,2026-07-09,2073.0,2107.0,2053.0,2107.0,0,2026-07-09T10:13:37.065139+00:00
e1085271-0d73-423e-ad32-25d9dbce35fc,POLYCAB,2026-07-09,9278.0,9278.0,9027.0,9058.0,0,2026-07-09T10:13:37.065139+00:00
2571481a-1f79-40ba-b8fd-a679fb1788ee,SBICARD,2026-07-09,589.0,589.0,583.0,587.0,0,2026-07-09T10:13:37.065139+00:00
defcbc9d-d7e4-4a19-8efc-c50a0c0b0d88,TATATECH,2026-07-09,705.0,716.0,705.0,710.0,0,2026-07-09T10:13:37.065139+00:00
2fcd0b50-1dcc-4509-b3fd-5afb000a94bb,TCS,2026-07-09,2027.0,2084.0,2027.0,2059.0,0,2026-07-09T10:13:37.065139+00:00
4745f8d4-bdc3-4e0b-ac88-eb3b54332649,DMART,2026-06-30,4358.0,4375.0,4352.0,4364.0,0,2026-06-30T10:11:24.203026+00:00
5e426b3c-6733-4ad5-9033-73a8ab038873,DRREDDY,2026-06-30,1381.0,1381.0,1357.0,1358.0,0,2026-06-30T10:11:24.203026+00:00
bae72569-6174-4fe9-9dac-bce999f8bb3f,EICHERMOT,2026-06-30,6989.0,7603.0,6989.0,7139.0,0,2026-06-30T10:11:24.203026+00:00
3e690365-a8ba-4909-a8e8-365ab3e25d94,ETERNAL,2026-06-30,258.0,265.0,258.0,265.0,0,2026-06-30T10:11:24.203026+00:00
737460cf-e969-47b8-8b0a-81e570520e0c,EXIDEIND,2026-06-30,392.0,392.0,390.0,390.0,0,2026-06-30T10:11:24.203026+00:00
5b81e783-361a-4eab-a44b-553a6a2598e8,EXIDEIND,2026-06-29,401.0,401.0,385.0,385.0,0,2026-06-29T10:15:54.596953+00:00
7fc241ab-a967-464c-b741-ded0df8a8f4f,FEDERALBNK,2026-06-29,323.0,326.0,322.0,325.0,0,2026-06-29T10:15:54.596953+00:00
a7c2a3e3-a937-4874-987c-19ab8b3af1ae,FORTIS,2026-06-29,971.0,971.0,941.0,947.0,0,2026-06-29T10:15:54.596953+00:00
cb45ee8c-5d0b-442e-9a6f-f879a6407e44,GAIL,2026-06-29,174.0,174.0,172.0,172.0,0,2026-06-29T10:15:54.596953+00:00
ff3f9afa-20bb-42e8-b4fe-388f2c2e3b2b,IOC,2026-06-29,146.0,146.0,139.0,139.0,0,2026-06-29T10:15:54.596953+00:00
7b2bc99f-6049-44fa-9fce-599d62c8906a,BSE,2026-06-29,3953.0,3953.0,3852.0,3852.0,0,2026-06-29T10:15:54.596953+00:00
9e31cc89-3059-4938-990e-4c84ba9ac3da,CAMS,2026-06-29,798.0,798.0,789.0,793.0,0,2026-06-29T10:15:54.596953+00:00
3f50e5eb-77c2-4de0-b461-e5b33236479e,CANBK,2026-06-29,129.0,129.0,126.0,126.0,0,2026-06-29T10:15:54.596953+00:00
1cd08177-34fe-47fd-b6a1-51ef6bbe569f,CDSL,2026-06-29,1329.0,1329.0,1297.0,1297.0,0,2026-06-29T10:15:54.596953+00:00
8b2af221-11d0-40b3-a5b6-ab6fe0496d4e,CGPOWER,2026-06-29,931.0,949.0,931.0,949.0,0,2026-06-29T10:15:54.596953+00:00
0bcc9e94-f854-45b9-a176-67b69cb089b3,CHOLAFIN,2026-06-29,1814.0,1814.0,1769.0,1788.0,0,2026-06-29T10:15:54.596953+00:00
4dc4040a-db2c-428f-91d0-819fcdad7e19,CIPLA,2026-06-29,1454.0,1479.0,1454.0,1477.0,0,2026-06-29T10:15:54.596953+00:00
821d4691-8683-4273-a4b2-684b85b3afea,COALINDIA,2026-06-29,434.0,442.0,434.0,442.0,0,2026-06-29T10:15:54.596953+00:00
389ca1e6-37ca-4b97-b7da-7f51379f6a79,COCHINSHIP,2026-06-29,1461.0,1473.0,1427.0,1427.0,0,2026-06-29T10:15:54.596953+00:00
54bd218a-474e-4c46-9aad-b99aea4adc19,COLPAL,2026-06-29,2011.0,2019.0,2002.0,2009.0,0,2026-06-29T10:15:54.596953+00:00
73c53964-811a-4a3c-9744-370eb9ced154,CONCOR,2026-06-29,475.0,475.0,470.0,472.0,0,2026-06-29T10:15:54.596953+00:00
4f63b16c-92e2-4636-a492-b21fb17177c0,CROMPTON,2026-06-29,277.0,277.0,271.0,273.0,0,2026-06-29T10:15:54.596953+00:00
7c4c6429-7f6a-42d8-a404-a347e111947a,CUMMINSIND,2026-06-29,5634.0,5650.0,5544.0,5550.0,0,2026-06-29T10:15:54.596953+00:00
879527e9-ede6-477c-a9e3-2efa6e260407,CYIENT,2026-06-29,886.0,891.0,874.0,874.0,0,2026-06-29T10:15:54.596953+00:00
e930efc1-9b8a-4c2e-9237-24aabf9671b3,DABUR,2026-06-29,427.0,428.0,425.0,426.0,0,2026-06-29T10:15:54.596953+00:00
55121ae3-dfce-41ab-86b6-ad834aa3d99d,DALBHARAT,2026-06-29,1737.0,1737.0,1701.0,1701.0,0,2026-06-29T10:15:54.596953+00:00
280ba587-20f9-438c-975f-5932fa542b91,DELHIVERY,2026-06-29,472.0,473.0,464.0,464.0,0,2026-06-29T10:15:54.596953+00:00
ee6f8178-43e9-460c-b656-e80c61debe60,DIVISLAB,2026-06-29,6629.0,6722.0,6629.0,6670.0,0,2026-06-29T10:15:54.596953+00:00
32e374cb-7578-456b-86e8-5942a983bf01,DIXON,2026-06-29,11984.0,11984.0,11818.0,11818.0,0,2026-06-29T10:15:54.596953+00:00
8482f0b5-d42d-416d-a130-c2dba800d3d2,DMART,2026-06-29,4291.0,4358.0,4291.0,4358.0,0,2026-06-29T10:15:54.596953+00:00
d4e6874b-ce3f-4afe-9464-fbda48200fd6,DRREDDY,2026-06-29,1399.0,1412.0,1381.0,1381.0,0,2026-06-29T10:15:54.596953+00:00
8cafb54e-8b25-432b-bb70-8538d5878337,EICHERMOT,2026-06-29,7597.0,7597.0,7399.0,7399.0,0,2026-06-29T10:15:54.596953+00:00
d3187d0f-605e-4c31-9f4d-da1f8dabde37,FEDERALBNK,2026-06-30,325.0,392.0,325.0,330.0,0,2026-06-30T10:11:24.203026+00:00
93102786-efc5-4b11-8b23-08809e3ca9eb,FORTIS,2026-06-30,947.0,961.0,947.0,961.0,0,2026-06-30T10:11:24.203026+00:00
24c7aaad-1add-469f-baf1-974ac323afc0,GAIL,2026-06-30,172.0,174.0,172.0,172.0,0,2026-06-30T10:11:24.203026+00:00
50339c0b-91d3-40be-9720-1efc063948f0,GLENMARK,2026-06-30,2201.0,2217.0,2196.0,2199.0,0,2026-06-30T10:11:24.203026+00:00
de1e2e79-518a-4e24-b1f5-894169a18328,GMRAIRPORT,2026-06-30,111.0,112.0,111.0,112.0,0,2026-06-30T10:11:24.203026+00:00
b6b7b141-6e48-41ae-9fa2-105bec96b136,GODFRYPHLP,2026-06-30,2188.0,2195.0,2170.0,2170.0,0,2026-06-30T10:11:24.203026+00:00
746254d9-67fd-4c9c-8faa-6a93dcc7a6fe,GODREJCP,2026-06-30,1037.0,1037.0,1010.0,1018.0,0,2026-06-30T10:11:24.203026+00:00
43f7f946-254e-4864-b076-a4e2d1ca7bb7,GODREJPROP,2026-06-30,1832.0,1886.0,1832.0,1870.0,0,2026-06-30T10:11:24.203026+00:00
69481471-32cf-4b7a-81e4-ec5de7ce04d8,GRASIM,2026-06-30,3097.0,3118.0,3097.0,3104.0,0,2026-06-30T10:11:24.203026+00:00
11ff7422-471b-4ac6-951e-3fcac6a37985,HAL,2026-06-30,4303.0,4403.0,4303.0,4378.0,0,2026-06-30T10:11:24.203026+00:00
1890ae87-8762-49d3-956e-3b159c3ef423,HAVELLS,2026-06-30,1161.0,1180.0,1147.0,1150.0,0,2026-06-30T10:11:24.203026+00:00
f7a24b4f-c5f7-4e9c-822a-3484ca4d904a,HCLTECH,2026-06-30,1102.0,1102.0,1073.0,1073.0,0,2026-06-30T10:11:24.203026+00:00
bb27bb29-80cb-46af-bf23-c1b04d198310,HDFCAMC,2026-06-30,2618.0,2651.0,2618.0,2651.0,0,2026-06-30T10:11:24.203026+00:00
638c082d-64b3-4daf-b27b-76343f951ced,HDFCBANK,2026-06-30,796.0,801.0,795.0,801.0,0,2026-06-30T10:11:24.203026+00:00
240d6be4-cdea-4aa5-8cfd-b13188c7d4c8,HDFCLIFE,2026-06-30,577.0,589.0,575.0,577.0,0,2026-06-30T10:11:24.203026+00:00
19688c69-548c-4361-982b-083fd06ecf5c,HEROMOTOCO,2026-06-30,4699.0,4818.0,4699.0,4786.0,0,2026-06-30T10:11:24.203026+00:00
8c32e315-aecd-49fb-8b97-84dea6c4b21a,HFCL,2026-06-30,219.0,219.0,210.0,213.0,0,2026-06-30T10:11:24.203026+00:00
196d18f7-67de-4879-97d1-2c0bc425ce2f,HINDALCO,2026-06-30,963.0,963.0,956.0,956.0,0,2026-06-30T10:11:24.203026+00:00
b94ca0a0-759f-4acd-a851-b4a9ff60fb52,HINDPETRO,2026-06-30,391.0,395.0,391.0,395.0,0,2026-06-30T10:11:24.203026+00:00
ac0ace40-86d5-4820-8c9e-2d8612e5d36a,HINDUNILVR,2026-06-30,2180.0,2180.0,2123.0,2123.0,0,2026-06-30T10:11:24.203026+00:00
7343893d-fb39-4c7e-848f-12e40d1293c0,HINDZINC,2026-06-30,525.0,534.0,519.0,534.0,0,2026-06-30T10:11:24.203026+00:00
2d94ae0f-7e16-4e3b-8e3a-53f23efb701c,HUDCO,2026-06-30,208.0,208.0,205.0,206.0,0,2026-06-30T10:11:24.203026+00:00
b5e9c259-050b-4458-b241-77e5d0a076d3,ICICIBANK,2026-06-30,1391.0,1391.0,1378.0,1386.0,0,2026-06-30T10:11:24.203026+00:00
b3507f48-5b83-474e-a185-eed803991075,ETERNAL,2026-06-29,259.0,259.0,259.0,259.0,0,2026-06-29T10:15:54.596953+00:00
141a66f6-1f59-4669-a8c0-5265e2d11bf1,HAVELLS,2026-07-01,1156.0,1195.0,1156.0,1194.0,0,2026-07-01T10:15:40.157906+00:00
5e3dfa9e-2e9a-47ad-b498-fcac3b10c7ca,HCLTECH,2026-07-01,1073.0,1073.0,1039.0,1039.0,0,2026-07-01T10:15:40.157906+00:00
a8143ca8-2df9-4748-b102-0802fe450685,HDFCAMC,2026-07-01,2659.0,2747.0,2659.0,2696.0,0,2026-07-01T10:15:40.157906+00:00
b86db205-ad6d-4f70-96c5-33764b68e2fe,HDFCBANK,2026-07-01,799.0,802.0,796.0,796.0,0,2026-07-01T10:15:40.157906+00:00
bfc1b091-98db-49be-8769-f2f806ceb493,INFY,2026-07-01,1010.0,1010.0,985.0,986.0,0,2026-07-01T10:15:40.157906+00:00
76adc872-b4a9-4cf9-91de-b91d06af8915,INOXWIND,2026-07-01,91.0,91.0,90.0,90.0,0,2026-07-01T10:15:40.157906+00:00
6a5a9aa3-8a24-4850-b626-c35310dc41a8,BEL,2026-07-09,411.0,411.0,405.0,407.0,0,2026-07-09T10:13:37.065139+00:00
135c9108-eea9-45eb-ae4b-44c77f65bfd4,CROMPTON,2026-07-09,263.0,263.0,260.0,260.0,0,2026-07-09T10:13:37.065139+00:00
757059f2-178a-48aa-8528-800a246d3fb7,IDFCFIRSTB,2026-07-06,80.0,82.0,80.0,81.0,0,2026-07-06T10:08:29.690131+00:00
0e9faa4c-1346-4997-a463-ece6f1e7b491,IGL,2026-07-06,153.0,154.0,153.0,153.0,0,2026-07-06T10:08:29.690131+00:00
dd4c3a03-9c8d-4f9d-9d50-0688778f9605,CUMMINSIND,2026-07-09,5545.0,5546.0,5509.0,5538.0,0,2026-07-09T10:13:37.065139+00:00
48a886aa-e14b-4e3c-bca3-f2751171237f,LAURUSLABS,2026-07-01,1516.0,1516.0,1485.0,1493.0,0,2026-07-01T10:15:40.157906+00:00
464f6dd8-2828-49ac-b66a-0b6951f1433e,MOTILALOFS,2026-07-01,951.0,960.0,951.0,956.0,0,2026-07-01T10:15:40.157906+00:00
d22791b3-7cc1-4607-b208-88491d5a204b,MPHASIS,2026-07-01,2169.0,2169.0,2132.0,2132.0,0,2026-07-01T10:15:40.157906+00:00
53970edb-4f56-4a69-a42c-41cecb3bab0c,MUTHOOTFIN,2026-07-01,2965.0,2976.0,2929.0,2929.0,0,2026-07-01T10:15:40.157906+00:00
0f7bd2bf-1095-4457-b65f-eb0e095dbd3c,IIFL,2026-07-09,518.0,543.0,518.0,543.0,0,2026-07-09T10:13:37.065139+00:00
bdba7cb1-7ad7-4604-b744-aa0314e87ab0,GODFRYPHLP,2026-07-10,2108.0,2121.0,2101.0,2121.0,0,2026-07-10T10:15:53.013733+00:00
ca88dff8-c9ce-4b96-ad96-061e60405705,GODREJCP,2026-07-10,1086.0,1094.0,1086.0,1089.0,0,2026-07-10T10:15:53.013733+00:00
060f6b46-051f-4bd2-8b5f-316ec69d8989,GRASIM,2026-07-10,3220.0,3237.0,3220.0,3226.0,0,2026-07-10T10:15:53.013733+00:00
c4a3dcd6-f590-4d0f-b321-a9aebc922c99,HAL,2026-07-10,4394.0,4513.0,4394.0,4508.0,0,2026-07-10T10:15:53.013733+00:00
56418de4-9d06-4536-8a23-e85c5df4835b,LAURUSLABS,2026-07-06,1539.0,1539.0,1524.0,1526.0,0,2026-07-06T10:08:29.690131+00:00
20b0a1cf-d7af-4ed1-ac0e-524b7850b242,LICHSGFIN,2026-07-06,554.0,554.0,547.0,548.0,0,2026-07-06T10:08:29.690131+00:00
11710baa-dc95-448e-9d10-dbe117d8c87b,IOC,2026-06-30,139.0,139.0,139.0,139.0,0,2026-06-30T10:11:24.203026+00:00
c7d64bc2-c85f-468b-9bc3-27fb55d329e4,IRCTC,2026-06-30,504.0,505.0,502.0,502.0,0,2026-06-30T10:11:24.203026+00:00
43ccb4cd-3883-4707-a173-14f166dd8ba4,IREDA,2026-06-30,127.0,130.0,127.0,129.0,0,2026-06-30T10:11:24.203026+00:00
a0441f24-9c0e-4d9b-b014-166297febdbf,IRFC,2026-06-30,91.0,91.0,90.0,91.0,0,2026-06-30T10:11:24.203026+00:00
40f4262b-9372-4941-b2e0-0b58c2937318,ITC,2026-06-30,290.0,290.0,286.0,287.0,0,2026-06-30T10:11:24.203026+00:00
427d2c2f-6176-41a9-804d-6b240c655f72,JINDALSTEL,2026-06-30,1073.0,1073.0,1061.0,1061.0,0,2026-06-30T10:11:24.203026+00:00
4105adbf-758c-4b1b-89bb-8593c3b805a0,ADANIENSOL,2026-07-01,1494.0,1520.0,1477.0,1516.0,0,2026-07-01T10:15:40.157906+00:00
9a8ff646-0d5b-4f5f-a770-64b1e81f0e6e,ADANIENT,2026-07-01,3036.0,3146.0,3036.0,3146.0,0,2026-07-01T10:15:40.157906+00:00
90139483-8722-4892-906a-8c2c7b1f41c9,TECHM,2026-07-09,1432.0,1434.0,1421.0,1423.0,0,2026-07-09T10:13:37.065139+00:00
01a53de3-b38f-4a0d-a509-d24fd73d98e9,TORNTPOWER,2026-07-02,1407.0,1413.0,1394.0,1398.0,0,2026-07-02T10:13:47.731181+00:00
a4ee588e-94e2-4b9a-97ed-d5e1fac385fd,POWERGRID,2026-07-02,285.0,289.0,285.0,289.0,0,2026-07-02T10:13:47.731181+00:00
117083f8-b837-45c8-ba0f-878a0f025db3,VEDL,2026-07-09,276.0,276.0,271.0,271.0,0,2026-07-09T10:13:37.065139+00:00
a99fb365-f9c6-4791-8a0a-f21387639199,IRFC,2026-07-09,88.0,88.0,88.0,88.0,0,2026-07-09T10:13:37.065139+00:00
1d04e0dc-09fa-486e-b14d-23997ccabb12,JINDALSTEL,2026-07-09,1023.0,1034.0,1023.0,1034.0,0,2026-07-09T10:13:37.065139+00:00
942e19cd-711f-413c-90de-901131cbf235,JIOFIN,2026-07-09,234.0,234.0,233.0,234.0,0,2026-07-09T10:13:37.065139+00:00
27b2c606-f451-4d33-9dfa-3a7aaf7bbb5e,JSWENERGY,2026-07-09,546.0,546.0,536.0,536.0,0,2026-07-09T10:13:37.065139+00:00
107a70a6-5daf-403f-8984-22bdff20c7c7,JUBLFOOD,2026-07-09,434.0,434.0,432.0,432.0,0,2026-07-09T10:13:37.065139+00:00
d03798e8-3e87-41ef-8035-bb01f822a57c,KALYANKJIL,2026-07-09,407.0,407.0,407.0,407.0,0,2026-07-09T10:13:37.065139+00:00
0729e9dc-a2f0-4180-bffb-563bf87df1bc,IEX,2026-06-30,125.0,125.0,124.0,125.0,0,2026-06-30T10:11:24.203026+00:00
cd280df1-edb4-43f1-8fb9-21bc4ddc73cc,IGL,2026-06-30,167.0,169.0,167.0,167.0,0,2026-06-30T10:11:24.203026+00:00
37e24fde-5bb9-4711-a520-d9ae33c03143,IIFL,2026-06-30,496.0,508.0,496.0,508.0,0,2026-06-30T10:11:24.203026+00:00
1e0c2d98-e43b-4e3d-af3e-907e02b6441e,INDHOTEL,2026-06-30,710.0,718.0,709.0,718.0,0,2026-06-30T10:11:24.203026+00:00
07b44fc8-c92d-487e-b5cf-5ebafebeea1d,INDIANB,2026-06-30,820.0,820.0,813.0,818.0,0,2026-06-30T10:11:24.203026+00:00
8457ea32-b308-4e00-b387-744586f60834,INDIGO,2026-06-30,5331.0,5374.0,5325.0,5374.0,0,2026-06-30T10:11:24.203026+00:00
838bba8d-707d-4009-8ed6-38be2e21a82b,INDUSINDBK,2026-06-30,920.0,929.0,920.0,929.0,0,2026-06-30T10:11:24.203026+00:00
1891af0a-38f6-48df-a234-6515e8a4983d,INFY,2026-06-30,1017.0,1017.0,1005.0,1005.0,0,2026-06-30T10:11:24.203026+00:00
cdbe66a8-b623-4dba-89cd-d454f78122a7,CDSL,2026-07-02,1343.0,1351.0,1343.0,1351.0,0,2026-07-02T10:13:47.731181+00:00
c3354a1b-563b-4c4b-91a7-9ef1e5c0aa8d,CGPOWER,2026-07-02,960.0,968.0,954.0,961.0,0,2026-07-02T10:13:47.731181+00:00
eb75b482-6f41-4018-984e-4bc84283f09b,SIEMENS,2026-07-02,3574.0,3598.0,3557.0,3583.0,0,2026-07-02T10:13:47.731181+00:00
deceb0f2-c503-464c-81e4-2703411ede09,SOLARINDS,2026-07-02,18539.0,18666.0,18539.0,18666.0,0,2026-07-02T10:13:47.731181+00:00
e2dd0a6f-2ecb-4d93-aae5-3c79bda0d843,SONACOMS,2026-07-02,631.0,666.0,631.0,663.0,0,2026-07-02T10:13:47.731181+00:00
a893d474-4fd9-4786-bd30-0b2285db3f74,SRF,2026-07-02,2740.0,2792.0,2740.0,2792.0,0,2026-07-02T10:13:47.731181+00:00
e9231879-749c-4ccc-a29d-ce7cfc47d368,SUNPHARMA,2026-07-02,1875.0,1877.0,1871.0,1874.0,0,2026-07-02T10:13:47.731181+00:00
e3fbe70a-6e26-4c05-a3e4-83a426e9e211,SUPREMEIND,2026-07-02,3196.0,3282.0,3196.0,3279.0,0,2026-07-02T10:13:47.731181+00:00
1f314f75-2ff3-4ed7-a1c2-f4901a3e4978,SUZLON,2026-07-02,59.0,59.0,58.0,58.0,0,2026-07-02T10:13:47.731181+00:00
f9921b1b-f9f8-4f55-b942-36f9732f0521,SYNGENE,2026-07-02,427.0,440.0,427.0,440.0,0,2026-07-02T10:13:47.731181+00:00
4bbe3aab-ca48-4ab1-ad60-12eda7789089,TATATECH,2026-07-02,691.0,722.0,691.0,722.0,0,2026-07-02T10:13:47.731181+00:00
872b4e83-2e7f-4a60-b964-796917dd674f,TCS,2026-07-02,2037.0,2045.0,2037.0,2045.0,0,2026-07-02T10:13:47.731181+00:00
d04f2116-f576-458d-8a85-1a5241b1295c,TECHM,2026-07-02,1363.0,1363.0,1363.0,1363.0,0,2026-07-02T10:13:47.731181+00:00
bdbfd8e1-d4fc-4f5a-a83a-2593c13d5463,ONGC,2026-06-29,237.0,237.0,233.0,234.0,0,2026-06-29T10:15:54.596953+00:00
5a11ffd3-2606-4ac8-af42-21a470a5d32f,PFC,2026-06-29,436.0,436.0,424.0,424.0,0,2026-06-29T10:15:54.596953+00:00
9c7ecd01-2b17-4e26-9349-feb56c52ab3a,RVNL,2026-06-29,244.0,244.0,239.0,239.0,0,2026-06-29T10:15:54.596953+00:00
e8cf1204-384d-4803-923a-baef42c4aa3c,SBILIFE,2026-06-29,1765.0,1765.0,1741.0,1749.0,0,2026-06-29T10:15:54.596953+00:00
b778155f-58e7-4f99-9c28-b6eb6cfe4516,TIINDIA,2026-07-02,3063.0,3114.0,3063.0,3091.0,0,2026-07-02T10:13:47.731181+00:00
3bb50a24-d64e-4cb6-8d7b-82a662dfba6e,TITAN,2026-07-02,4428.0,4449.0,4425.0,4449.0,0,2026-07-02T10:13:47.731181+00:00
f0d3c94b-a686-447d-b7fb-ceaa6c0b4198,APLAPOLLO,2026-07-01,1766.0,1784.0,1760.0,1784.0,0,2026-07-01T10:15:40.157906+00:00
b555e45f-c618-4f5f-b45c-4b630b4f5c62,AUROPHARMA,2026-07-01,1564.0,1564.0,1557.0,1557.0,0,2026-07-01T10:15:40.157906+00:00
9f086c34-4239-4761-84da-6aef03a23f6e,AXISBANK,2026-07-01,1352.0,1375.0,1352.0,1375.0,0,2026-07-01T10:15:40.157906+00:00
9e9003e0-d276-449a-bb5f-5df3efc9b650,BAJAJFINSV,2026-07-01,1743.0,1779.0,1743.0,1779.0,0,2026-07-01T10:15:40.157906+00:00
4be6f22e-7f9a-4757-97dd-a278d2d54dd4,BAJAJ_AUTO,2026-07-01,9820.0,9849.0,9820.0,9849.0,0,2026-07-01T10:15:40.157906+00:00
429bc01d-f685-4ab1-b48a-0de9732708e9,BANDHANBNK,2026-07-01,204.0,207.0,204.0,206.0,0,2026-07-01T10:15:40.157906+00:00
80d2f013-8f74-4248-8b3e-993c30ea2673,BANKINDIA,2026-07-01,141.0,142.0,141.0,142.0,0,2026-07-01T10:15:40.157906+00:00
06ed34d2-703e-4d21-9da8-16adb5411777,BEL,2026-07-01,413.0,417.0,413.0,417.0,0,2026-07-01T10:15:40.157906+00:00
c6a02dbb-b1d8-487a-9e63-f8e9ea6b4be6,BIOCON,2026-07-01,425.0,425.0,419.0,419.0,0,2026-07-01T10:15:40.157906+00:00
cdb66962-a48b-4fc9-91b5-1fe9ea1c1a2f,COLPAL,2026-07-01,2001.0,2065.0,2001.0,2065.0,0,2026-07-01T10:15:40.157906+00:00
072264d9-bc11-4409-b29c-d78bfbb942be,ALKEM,2026-07-06,5593.0,5593.0,5556.0,5556.0,0,2026-07-06T10:08:29.690131+00:00
2a9fac6b-9623-46a1-b5e7-2d0562e71180,AMBER,2026-07-06,7469.0,7621.0,7469.0,7621.0,0,2026-07-06T10:08:29.690131+00:00
7be77224-208f-4ebd-8b3d-4ffcea7c9f01,ASTRAL,2026-07-06,1365.0,1389.0,1365.0,1389.0,0,2026-07-06T10:08:29.690131+00:00
f600b110-e2f0-481a-9a6e-e6e6014cf8ea,AUBANK,2026-07-06,1068.0,1076.0,1068.0,1073.0,0,2026-07-06T10:08:29.690131+00:00
915dffd4-b48f-4112-8183-dd56c64ba222,AUROPHARMA,2026-07-06,1620.0,1620.0,1600.0,1600.0,0,2026-07-06T10:08:29.690131+00:00
65a4da86-a149-4f8c-a9e6-d7181ca37148,BAJAJFINSV,2026-07-06,1897.0,1897.0,1866.0,1868.0,0,2026-07-06T10:08:29.690131+00:00
6e5a0aff-bce5-4e18-8a12-be141742e0ae,ICICIPRULI,2026-07-06,485.0,485.0,483.0,485.0,0,2026-07-06T10:08:29.690131+00:00
13649236-c33c-436c-8b39-96ba977038ac,IDEA,2026-07-06,14.0,14.0,14.0,14.0,0,2026-07-06T10:08:29.690131+00:00
571f49f7-0052-480e-8660-4b3d45bc95a9,IIFL,2026-07-06,521.0,526.0,521.0,526.0,0,2026-07-06T10:08:29.690131+00:00
03dfc235-538e-4ed2-b162-59c086c68c2d,LAURUSLABS,2026-06-30,1504.0,1516.0,1487.0,1516.0,0,2026-06-30T10:11:24.203026+00:00
c69d19f9-25e9-43b5-859a-7c4354ad885e,LICHSGFIN,2026-06-30,551.0,565.0,551.0,565.0,0,2026-06-30T10:11:24.203026+00:00
2d0ec2f6-1de4-466c-ba3f-e0052f5f6a6b,LICI,2026-06-30,428.0,435.0,428.0,431.0,0,2026-06-30T10:11:24.203026+00:00
03158211-141d-4d96-a0a6-2be4b7deb52c,LODHA,2026-06-30,943.0,958.0,943.0,958.0,0,2026-06-30T10:11:24.203026+00:00
ac6eda99-9064-48f8-b73b-11af7da44fc6,LT,2026-06-30,4170.0,4170.0,4154.0,4154.0,0,2026-06-30T10:11:24.203026+00:00
b77c9c98-7447-4189-afda-dde6a196e0bb,LTF,2026-06-30,299.0,305.0,299.0,305.0,0,2026-06-30T10:11:24.203026+00:00
2886c538-d7d2-4c0f-8d1a-e99044623542,LTM,2026-06-30,3656.0,3656.0,3538.0,3543.0,0,2026-06-30T10:11:24.203026+00:00
7abfd932-e0ac-48b2-88b9-d7069de5a840,SBICARD,2026-07-01,594.0,597.0,593.0,593.0,0,2026-07-01T10:15:40.157906+00:00
b59fc9e5-2993-46ab-806e-d4e8bc753ecb,ADANIENSOL,2026-07-02,1516.0,1555.0,1515.0,1552.0,0,2026-07-02T10:13:47.731181+00:00
a4e19d4d-6153-4b82-a288-b272461fe064,ADANIENT,2026-07-02,3163.0,3185.0,3113.0,3176.0,0,2026-07-02T10:13:47.731181+00:00
971eae41-1845-4aa3-b203-d1f801d16d53,ITC,2026-07-06,290.0,290.0,288.0,289.0,0,2026-07-06T10:08:29.690131+00:00
d7083a09-f8fe-4993-b3d5-7c391db7a2fd,JIOFIN,2026-06-30,236.0,238.0,236.0,237.0,0,2026-06-30T10:11:24.203026+00:00
7a8a795c-4b1a-4ef0-8955-ec033f666951,JSWENERGY,2026-06-30,579.0,583.0,577.0,582.0,0,2026-06-30T10:11:24.203026+00:00
49e11ef9-c740-40a7-9229-28e89a046065,JSWSTEEL,2026-06-30,1232.0,1238.0,1222.0,1232.0,0,2026-06-30T10:11:24.203026+00:00
bc5d34e7-b02e-42c0-b75d-75e380b088b0,JUBLFOOD,2026-06-30,418.0,420.0,415.0,420.0,0,2026-06-30T10:11:24.203026+00:00
ea543617-88e4-48e1-ae92-f53df1109645,KALYANKJIL,2026-06-30,379.0,390.0,379.0,389.0,0,2026-06-30T10:11:24.203026+00:00
9d531830-ede7-419f-a758-63703383cd86,KAYNES,2026-06-30,3158.0,3174.0,3119.0,3119.0,0,2026-06-30T10:11:24.203026+00:00
b2e26f0c-88a1-425e-98f6-118f419f0282,KEI,2026-06-30,5326.0,5440.0,5326.0,5397.0,0,2026-06-30T10:11:24.203026+00:00
65f85f66-db77-4f14-a2da-7e2a6a8fcb91,KFINTECH,2026-06-30,877.0,883.0,877.0,883.0,0,2026-06-30T10:11:24.203026+00:00
0114ca71-0a22-4e55-bd50-b403b52aa048,KOTAKBANK,2026-06-30,398.0,398.0,392.0,396.0,0,2026-06-30T10:11:24.203026+00:00
250b671c-93f9-46e3-9b60-5b6dd07409c8,KPITTECH,2026-06-30,695.0,695.0,673.0,673.0,0,2026-06-30T10:11:24.203026+00:00
e81d4f67-c6d4-45ad-8c43-75bcc21ff81a,INDHOTEL,2026-07-06,729.0,740.0,729.0,738.0,0,2026-07-06T10:08:29.690131+00:00
d0893f37-d671-4995-9c74-995ae2ea7e3d,SYNGENE,2026-06-29,440.0,444.0,435.0,436.0,0,2026-06-29T10:15:54.596953+00:00
b1c1ee06-669c-4562-a0b0-3a744cec2edc,TATACONSUM,2026-06-29,1127.0,1132.0,1113.0,1113.0,0,2026-06-29T10:15:54.596953+00:00
f27e7b29-2cd8-49e1-bbd9-3f60d8a21461,TATAELXSI,2026-06-29,4045.0,4045.0,3978.0,3980.0,0,2026-06-29T10:15:54.596953+00:00
5dfe7f81-9ac0-48a8-82b6-d463ab23b80f,TATAPOWER,2026-06-29,392.0,392.0,389.0,389.0,0,2026-06-29T10:15:54.596953+00:00
3cea387b-23dc-46bc-a190-8d09da6deff2,TATASTEEL,2026-06-29,189.0,191.0,189.0,190.0,0,2026-06-29T10:15:54.596953+00:00
4f2afeb6-f828-4369-a2fb-d3c61415b267,TATATECH,2026-06-29,752.0,752.0,716.0,717.0,0,2026-06-29T10:15:54.596953+00:00
4e6719ad-4f48-4ae7-bdab-7613eaac7ec8,TCS,2026-06-29,2135.0,2135.0,2080.0,2080.0,0,2026-06-29T10:15:54.596953+00:00
b7a35f98-9b74-462b-9c6a-705c805b66d1,TECHM,2026-06-29,1449.0,1449.0,1433.0,1433.0,0,2026-06-29T10:15:54.596953+00:00
50f1dd43-50f0-4871-8dae-14c31c94e76f,TIINDIA,2026-06-29,3047.0,3051.0,3024.0,3027.0,0,2026-06-29T10:15:54.596953+00:00
affa412e-0259-42a3-b1ea-bb10fe8ee818,TITAN,2026-06-29,4285.0,4300.0,4277.0,4277.0,0,2026-06-29T10:15:54.596953+00:00
0ae411dd-8a88-4216-acdc-e15fec93d9a2,TMPV,2026-06-29,353.0,353.0,347.0,347.0,0,2026-06-29T10:15:54.596953+00:00
d8b3ce68-d0b6-4430-9093-c1c0ae6bd3bc,TORNTPHARM,2026-06-29,4540.0,4635.0,4540.0,4635.0,0,2026-06-29T10:15:54.596953+00:00
96113fae-8871-4a31-ba8c-d230025a648c,TORNTPOWER,2026-06-29,1431.0,1431.0,1400.0,1400.0,0,2026-06-29T10:15:54.596953+00:00
2f2b1fc1-7545-4c41-84fb-d139f1b2bfcc,TRENT,2026-06-29,3287.0,3306.0,3253.0,3259.0,0,2026-06-29T10:15:54.596953+00:00
95e2d1b7-d5be-4a7d-a23a-ea476b102043,TVSMOTOR,2026-06-29,3572.0,3572.0,3449.0,3449.0,0,2026-06-29T10:15:54.596953+00:00
a7eb9ec2-2615-48fb-89ca-c31564b01e6c,ULTRACEMCO,2026-06-29,11574.0,11574.0,11361.0,11373.0,0,2026-06-29T10:15:54.596953+00:00
26b0b1a8-586e-4ed9-bd8e-32512f23bea9,UNIONBANK,2026-06-29,175.0,175.0,174.0,175.0,0,2026-06-29T10:15:54.596953+00:00
cb33efde-03e7-4e02-8d7c-3fb3a988d904,UNITDSPR,2026-06-29,1386.0,1386.0,1347.0,1347.0,0,2026-06-29T10:15:54.596953+00:00
78f7f140-078b-45e4-8b8f-5b745ecd4ff2,UNOMINDA,2026-06-29,1148.0,1148.0,1102.0,1104.0,0,2026-06-29T10:15:54.596953+00:00
11adf78a-14e0-44e4-8613-346fc1beb69f,UPL,2026-06-29,593.0,599.0,569.0,574.0,0,2026-06-29T10:15:54.596953+00:00
e280c4dc-a067-4f77-a7c1-d95cd3fb96d6,VBL,2026-06-29,505.0,507.0,504.0,504.0,0,2026-06-29T10:15:54.596953+00:00
51e344ee-1000-4b48-9486-c71ab1e3feba,VEDL,2026-06-29,274.0,285.0,274.0,285.0,0,2026-06-29T10:15:54.596953+00:00
6383f260-b30c-4ecc-a87b-41c46d782559,VOLTAS,2026-06-29,1316.0,1316.0,1287.0,1288.0,0,2026-06-29T10:15:54.596953+00:00
71412909-20ee-4c2b-8c2f-a02138eec442,WIPRO,2026-06-29,176.0,176.0,175.0,175.0,0,2026-06-29T10:15:54.596953+00:00
a7657184-ad97-45eb-9936-b7cbf9143907,YESBANK,2026-06-29,25.0,25.0,25.0,25.0,0,2026-06-29T10:15:54.596953+00:00
a396bc44-bdb3-4d20-ba37-a20d2a18cd28,ZYDUSLIFE,2026-06-29,1105.0,1121.0,1105.0,1121.0,0,2026-06-29T10:15:54.596953+00:00
29f4488f-9a56-431c-a65d-c31e431311e6,INDIANB,2026-07-06,799.0,799.0,787.0,787.0,0,2026-07-06T10:08:29.690131+00:00
8929512c-6d13-40e1-816f-30ef1528afc5,ALKEM,2026-07-01,5469.0,5565.0,5469.0,5563.0,0,2026-07-01T10:15:40.157906+00:00
ced821eb-048b-4aec-8999-ac2c0b935c09,ANGELONE,2026-07-01,331.0,339.0,331.0,339.0,0,2026-07-01T10:15:40.157906+00:00
4985d00e-0448-4548-a26e-5d80f8b4dc76,DLF,2026-07-01,619.0,648.0,619.0,648.0,0,2026-07-01T10:15:40.157906+00:00
a1a29422-85f4-4e4a-be5c-59cb022e84a7,DRREDDY,2026-07-01,1358.0,1358.0,1340.0,1340.0,0,2026-07-01T10:15:40.157906+00:00
9c76dd87-37f2-4f7c-bec9-9892669e2e6d,INOXWIND,2026-07-06,89.0,89.0,87.0,87.0,0,2026-07-06T10:08:29.690131+00:00
4b797d34-5b48-43cb-9a0b-df6da434066e,JUBLFOOD,2026-07-06,434.0,445.0,429.0,438.0,0,2026-07-06T10:08:29.690131+00:00
d5e86232-bf1e-4830-8571-9c38100fb193,KALYANKJIL,2026-07-06,391.0,391.0,381.0,381.0,0,2026-07-06T10:08:29.690131+00:00
d4c8bf92-8b21-4e47-b3ab-e9af0e978cfb,EICHERMOT,2026-07-01,7139.0,7140.0,7108.0,7108.0,0,2026-07-01T10:15:40.157906+00:00
15033dab-4f4f-4eee-903b-3798715cc309,SHREECEM,2026-06-29,25890.0,25890.0,25240.0,25240.0,0,2026-06-29T10:15:54.596953+00:00
93ae5297-8b27-4f90-b98a-3cd682efdb46,SHRIRAMFIN,2026-06-29,1052.0,1052.0,1035.0,1035.0,0,2026-06-29T10:15:54.596953+00:00
452fd5ee-ebe8-41f1-8434-630d2ae1e820,SIEMENS,2026-06-29,3638.0,3638.0,3586.0,3586.0,0,2026-06-29T10:15:54.596953+00:00
e25ebecd-1604-4755-a2d8-6c48df4f5aa8,SOLARINDS,2026-06-29,17805.0,17805.0,17378.0,17567.0,0,2026-06-29T10:15:54.596953+00:00
acdde7c2-6550-49fa-929d-9d01a84a1f9b,SONACOMS,2026-06-29,620.0,620.0,611.0,616.0,0,2026-06-29T10:15:54.596953+00:00
ee3aff71-be97-4cc4-8068-a0c60a2c052f,SRF,2026-06-29,2758.0,2758.0,2659.0,2659.0,0,2026-06-29T10:15:54.596953+00:00
8d0eb563-6fec-4fbe-a95f-c2b21a55f9e3,SUNPHARMA,2026-06-29,1886.0,1894.0,1876.0,1876.0,0,2026-06-29T10:15:54.596953+00:00
680591f0-5d6d-4e50-b35d-a119708f9eef,SUPREMEIND,2026-06-29,3345.0,3345.0,3345.0,3345.0,0,2026-06-29T10:15:54.596953+00:00
1b6ce5c7-1fac-4157-8e86-2114f25f640b,SUZLON,2026-06-29,58.0,58.0,57.0,57.0,0,2026-06-29T10:15:54.596953+00:00
ab17518b-4fc3-4628-895f-c5348445bfd6,ETERNAL,2026-07-01,271.0,275.0,271.0,275.0,0,2026-07-01T10:15:40.157906+00:00
70d08999-fb11-41ec-b5d3-7d90793e4afb,GODREJPROP,2026-07-01,1879.0,1961.0,1879.0,1961.0,0,2026-07-01T10:15:40.157906+00:00
3116a571-b51d-46e7-bf03-a76ee7e29989,HDFCLIFE,2026-07-01,570.0,573.0,568.0,572.0,0,2026-07-01T10:15:40.157906+00:00
a3a200d8-4043-4fef-b6f9-e5de9e4b69d5,HEROMOTOCO,2026-07-01,4852.0,4881.0,4827.0,4841.0,0,2026-07-01T10:15:40.157906+00:00
4bd5199c-9fab-4553-86a7-efd6b83ad6c0,HFCL,2026-07-01,213.0,215.0,212.0,212.0,0,2026-07-01T10:15:40.157906+00:00
28cba042-18ca-400e-b191-f1eb5b1c0700,HINDALCO,2026-07-01,946.0,946.0,940.0,940.0,0,2026-07-01T10:15:40.157906+00:00
ede7031f-39e2-406f-864f-348a12056f7f,ICICIGI,2026-07-01,1734.0,1754.0,1734.0,1751.0,0,2026-07-01T10:15:40.157906+00:00
d48cd9ed-d78c-42c9-92c1-10d3977790cf,ICICIPRULI,2026-07-01,491.0,492.0,490.0,492.0,0,2026-07-01T10:15:40.157906+00:00
b110407c-04c6-4d8d-aed8-72ab2b8eaeb1,IDEA,2026-07-01,15.0,15.0,15.0,15.0,0,2026-07-01T10:15:40.157906+00:00
07331fa2-8167-47b9-9488-d6233f139c1d,IDFCFIRSTB,2026-07-01,79.0,79.0,79.0,79.0,0,2026-07-01T10:15:40.157906+00:00
6886c215-f0e8-46ea-a457-c2d0ad64c3ef,IIFL,2026-07-01,508.0,508.0,499.0,500.0,0,2026-07-01T10:15:40.157906+00:00
6e2ce70e-e90e-47ba-95b8-50a996e5ba32,INDIANB,2026-07-01,818.0,826.0,818.0,826.0,0,2026-07-01T10:15:40.157906+00:00
208c2806-cb4b-429d-b1a6-157f5bed0041,INDIGO,2026-07-01,5375.0,5391.0,5355.0,5380.0,0,2026-07-01T10:15:40.157906+00:00
ab124d72-174c-485c-aef1-1ab7f0d6d999,INDUSINDBK,2026-07-01,929.0,940.0,929.0,937.0,0,2026-07-01T10:15:40.157906+00:00
d9bd227c-20f0-49fc-a5ef-1ce8419965ca,INDUSTOWER,2026-07-01,392.0,394.0,386.0,386.0,0,2026-07-01T10:15:40.157906+00:00
0646888d-9de5-42a4-82fb-5559946f0151,IOC,2026-07-01,139.0,140.0,139.0,140.0,0,2026-07-01T10:15:40.157906+00:00
7a60cb4d-5047-4b77-950c-bff291d30d80,IRCTC,2026-07-01,504.0,505.0,504.0,505.0,0,2026-07-01T10:15:40.157906+00:00
f2afc63e-2b06-4aee-8aa5-48d957bcdf80,IREDA,2026-07-01,129.0,129.0,128.0,128.0,0,2026-07-01T10:15:40.157906+00:00
d36d8aca-2bf4-4c60-aa77-e1b98f14cea9,LTF,2026-07-02,315.0,315.0,312.0,315.0,0,2026-07-02T10:13:47.731181+00:00
05cc8bc3-4eb8-4b99-a681-911b7e1ca9b3,KAYNES,2026-07-06,3327.0,3350.0,3327.0,3350.0,0,2026-07-06T10:08:29.690131+00:00
36454cca-082e-4cd5-a6b8-47576584e246,OBEROIRLTY,2026-06-30,1763.0,1768.0,1763.0,1767.0,0,2026-06-30T10:11:24.203026+00:00
a0c88009-d4e3-4fe9-9007-88458f97b723,OFSS,2026-06-30,10860.0,10925.0,10731.0,10731.0,0,2026-06-30T10:11:24.203026+00:00
11a1333c-27a2-416d-b978-48743a9e6543,ONGC,2026-06-30,234.0,234.0,230.0,233.0,0,2026-06-30T10:11:24.203026+00:00
baa3d25a-3190-4648-aea3-b231160177c3,PAGEIND,2026-06-30,40450.0,41480.0,40450.0,41480.0,0,2026-06-30T10:11:24.203026+00:00
7bed2dda-8f86-4d63-abd4-b342fb23d92b,PATANJALI,2026-06-30,411.0,413.0,407.0,412.0,0,2026-06-30T10:11:24.203026+00:00
b48b4a43-a4d1-44c6-a794-cf8324c087c0,PNB,2026-06-30,107.0,107.0,107.0,107.0,0,2026-06-30T10:11:24.203026+00:00
cff2b6a7-f3fb-4d58-bb8d-170f7a38038c,SUZLON,2026-07-01,58.0,59.0,58.0,59.0,0,2026-07-01T10:15:40.157906+00:00
7e332181-f456-4270-8d13-75ee67fc736e,TCS,2026-07-01,2049.0,2049.0,1984.0,1984.0,0,2026-07-01T10:15:40.157906+00:00
edeb3dbf-6032-401c-94f5-9e102bfb6934,AMBER,2026-07-01,7563.0,7563.0,7440.0,7440.0,0,2026-07-01T10:15:40.157906+00:00
12ecb803-69e8-43a0-9c8b-2faf15000308,AMBUJACEM,2026-07-01,419.0,423.0,419.0,421.0,0,2026-07-01T10:15:40.157906+00:00
ef3ab5a9-6cc1-474b-85f9-ce3b01e9f624,FORTIS,2026-07-01,961.0,963.0,958.0,958.0,0,2026-07-01T10:15:40.157906+00:00
d2299a11-c8e0-42ec-835f-a45662e0ad16,GAIL,2026-07-01,172.0,174.0,172.0,174.0,0,2026-07-01T10:15:40.157906+00:00
87206ddf-da6e-439e-bdde-e675ce16b0ce,GLENMARK,2026-07-01,2180.0,2180.0,2167.0,2167.0,0,2026-07-01T10:15:40.157906+00:00
9e920852-3c56-497f-ba27-87cdd244c1a7,GMRAIRPORT,2026-07-01,113.0,114.0,113.0,114.0,0,2026-07-01T10:15:40.157906+00:00
7a87c87b-b8c9-4523-9677-8ee32a6a5b14,GODFRYPHLP,2026-07-01,2190.0,2190.0,2162.0,2162.0,0,2026-07-01T10:15:40.157906+00:00
836c3007-79a3-4b38-8d9d-2dff9732e3d7,GODREJCP,2026-07-01,1018.0,1044.0,1018.0,1044.0,0,2026-07-01T10:15:40.157906+00:00
98269a1b-0804-4eb0-a662-6bb8ff9a9dbe,GRASIM,2026-07-01,3104.0,3138.0,3104.0,3138.0,0,2026-07-01T10:15:40.157906+00:00
58346f90-d3cb-4cb7-9b17-c82917f7c76c,HAL,2026-07-01,4378.0,4443.0,4378.0,4443.0,0,2026-07-01T10:15:40.157906+00:00
9ee1bef6-c4b2-48d8-901f-b265fdb8c335,HINDPETRO,2026-07-01,395.0,395.0,392.0,392.0,0,2026-07-01T10:15:40.157906+00:00
dc27aa90-2d53-416b-a12e-5725a9abe142,HINDUNILVR,2026-07-01,2159.0,2184.0,2123.0,2182.0,0,2026-07-01T10:15:40.157906+00:00
6b1077cf-ccc0-4d08-8d1d-d2fbac8e3129,HINDZINC,2026-07-01,534.0,534.0,524.0,524.0,0,2026-07-01T10:15:40.157906+00:00
cfceea2f-62bb-4615-87f4-f03d9fb55413,HUDCO,2026-07-01,209.0,209.0,209.0,209.0,0,2026-07-01T10:15:40.157906+00:00
175a23d4-a3bb-4f1e-8645-3ec91bb51340,MAZDOCK,2026-07-07,2527.0,2553.0,2527.0,2527.0,0,2026-07-07T10:10:45.558638+00:00
d2f1982c-2420-4a2e-93b4-8e51584b66f4,NESTLEIND,2026-07-07,1480.0,1480.0,1464.0,1480.0,0,2026-07-07T10:10:45.558638+00:00
b248e2bb-ee0c-4c41-b162-8777b4b6fcb6,NTPC,2026-07-07,353.0,356.0,353.0,353.0,0,2026-07-07T10:10:45.558638+00:00
9a25fa7f-5a1e-43b0-b967-1d1ce3b2da26,NUVAMA,2026-07-07,1924.0,1924.0,1857.0,1924.0,0,2026-07-07T10:10:45.558638+00:00
1e639ae6-982d-4483-9deb-6bc16f6ad22c,KEI,2026-07-06,5256.0,5256.0,5241.0,5250.0,0,2026-07-06T10:08:29.690131+00:00
1ae6237f-b530-4031-a3d8-7a7a04d848ab,KFINTECH,2026-07-06,883.0,885.0,881.0,882.0,0,2026-07-06T10:08:29.690131+00:00
1ced969c-7bf4-44a2-84f0-4b8afa906370,KOTAKBANK,2026-07-06,396.0,396.0,383.0,385.0,0,2026-07-06T10:08:29.690131+00:00
00193c0c-150b-47d5-a214-577265337c9d,INDHOTEL,2026-07-09,729.0,734.0,729.0,731.0,0,2026-07-09T10:13:37.065139+00:00
0c1450ae-a5d4-4554-b723-c948b406db79,KPITTECH,2026-07-06,558.0,558.0,554.0,555.0,0,2026-07-06T10:08:29.690131+00:00
56081fa6-94bc-4f78-b44a-7aab30e3acdd,LICI,2026-07-06,431.0,431.0,429.0,429.0,0,2026-07-06T10:08:29.690131+00:00
bdee9580-b678-4ab1-a7cf-78f08fa708e2,LODHA,2026-07-06,1053.0,1093.0,1044.0,1091.0,0,2026-07-06T10:08:29.690131+00:00
d5715c4a-87bb-46be-9ab2-289ba6f4d97b,LTM,2026-07-06,3761.0,3761.0,3731.0,3731.0,0,2026-07-06T10:08:29.690131+00:00
c3286e60-80ba-4b01-986c-e40153723634,PAYTM,2026-07-06,1223.0,1223.0,1205.0,1216.0,0,2026-07-06T10:08:29.690131+00:00
067be231-a169-4439-a443-d979dad48896,ANGELONE,2026-07-02,339.0,346.0,339.0,345.0,0,2026-07-02T10:13:47.731181+00:00
92121252-43c7-4010-bb5a-f3f1561f2bf3,APOLLOHOSP,2026-07-02,8640.0,8725.0,8634.0,8725.0,0,2026-07-02T10:13:47.731181+00:00
4261c8e9-f4b5-4d34-ab3c-06186b655d62,ASHOKLEY,2026-07-02,164.0,165.0,158.0,165.0,0,2026-07-02T10:13:47.731181+00:00
cc2bfbdb-2dca-47c0-a41b-ef2f275db294,ASIANPAINT,2026-07-02,2716.0,2752.0,2681.0,2744.0,0,2026-07-02T10:13:47.731181+00:00
42c6a276-4230-497a-b3f5-46e31f31711a,AUROPHARMA,2026-07-02,1557.0,1564.0,1551.0,1561.0,0,2026-07-02T10:13:47.731181+00:00
3f868fc9-f60b-435b-beac-ed62bb68e72e,AXISBANK,2026-07-02,1375.0,1556.0,1359.0,1359.0,0,2026-07-02T10:13:47.731181+00:00
33e842b5-c347-4ffa-8c36-6b55481ec247,ASTRAL,2026-06-30,1378.0,1378.0,1339.0,1357.0,0,2026-06-30T10:11:24.203026+00:00
d3c04e26-a252-42d5-9a67-03b024d2c05d,ICICIGI,2026-06-30,1770.0,1770.0,1734.0,1734.0,0,2026-06-30T10:11:24.203026+00:00
b21adc28-5969-4dc1-8e2a-c9b6ea664207,ICICIPRULI,2026-06-30,484.0,489.0,484.0,488.0,0,2026-06-30T10:11:24.203026+00:00
cb69d539-3b8c-4a5b-b5e1-53f2fc63b0b8,IDFCFIRSTB,2026-06-30,78.0,79.0,78.0,79.0,0,2026-06-30T10:11:24.203026+00:00
920db534-8cee-4be9-b4b0-6d233caf4fea,M&M,2026-06-30,3103.0,3114.0,3093.0,3093.0,0,2026-06-30T10:11:24.203026+00:00
5ae8533d-8d01-402f-9334-284123b721c9,MANAPPURAM,2026-06-30,316.0,322.0,316.0,322.0,0,2026-06-30T10:11:24.203026+00:00
1610ea03-c639-4857-8950-395d049266ab,MANKIND,2026-06-30,2512.0,2548.0,2496.0,2548.0,0,2026-06-30T10:11:24.203026+00:00
1304f519-c02f-465c-82c5-61f7cf6f37ca,MARICO,2026-06-30,838.0,839.0,836.0,837.0,0,2026-06-30T10:11:24.203026+00:00
87f6d864-d2f9-472f-b6ed-521a0f4b8d95,MARUTI,2026-06-30,13572.0,14138.0,13572.0,14138.0,0,2026-06-30T10:11:24.203026+00:00
69aedc9d-019b-4d20-845b-a0f822365ab5,MAXHEALTH,2026-06-30,1152.0,1152.0,1142.0,1143.0,0,2026-06-30T10:11:24.203026+00:00
78454382-ed52-4d45-84e1-ffa808bca06b,NUVAMA,2026-06-30,1778.0,1816.0,1778.0,1804.0,0,2026-06-30T10:11:24.203026+00:00
40a0018a-6053-4251-a38e-bc1aa77b91a4,BAJAJFINSV,2026-07-02,1812.0,1839.0,1801.0,1837.0,0,2026-07-02T10:13:47.731181+00:00
deb42e47-ada5-4adf-8430-dd2fb8e58e0b,NBCC,2026-07-02,105.0,105.0,103.0,103.0,0,2026-07-02T10:13:47.731181+00:00
3a2f9c04-bb7e-4ed4-8de5-25fe197f0429,SBICARD,2026-07-02,604.0,607.0,604.0,606.0,0,2026-07-02T10:13:47.731181+00:00
7497556c-902f-4a42-a1c1-5aff4ad9d097,SBIN,2026-07-02,1036.0,1057.0,1036.0,1051.0,0,2026-07-02T10:13:47.731181+00:00
4195ca3a-f921-4e51-9147-6e3bfcfc3b2d,SHREECEM,2026-07-02,26075.0,26230.0,26075.0,26225.0,0,2026-07-02T10:13:47.731181+00:00
c5f1181e-3e4d-44af-b48a-1462ea9e194c,PERSISTENT,2026-07-06,4738.0,4738.0,4694.0,4702.0,0,2026-07-06T10:08:29.690131+00:00
c1db412b-7afd-4f0a-87d9-45d9d16e0233,PNB,2026-07-06,105.0,105.0,104.0,104.0,0,2026-07-06T10:08:29.690131+00:00
96cc3a88-c13c-4195-9ab6-5640ca33ae12,PNBHOUSING,2026-07-06,1076.0,1088.0,1076.0,1088.0,0,2026-07-06T10:08:29.690131+00:00
bc461203-0b0c-4067-82c5-0b928eb724b7,SHRIRAMFIN,2026-07-02,1048.0,1066.0,1048.0,1066.0,0,2026-07-02T10:13:47.731181+00:00
ce99fbb1-8194-4050-855f-ec029a5a0299,POLICYBZR,2026-07-06,1583.0,1588.0,1575.0,1575.0,0,2026-07-06T10:08:29.690131+00:00
d9ece325-3922-4ef7-b776-0ac8e64120ef,POLYCAB,2026-07-06,9589.0,9589.0,9538.0,9544.0,0,2026-07-06T10:08:29.690131+00:00
585ac9d4-0ae3-494a-b304-f9bdeff16347,SBILIFE,2026-07-06,1780.0,1795.0,1780.0,1788.0,0,2026-07-06T10:08:29.690131+00:00
4c610a6f-5224-4f45-8c0a-2d289fc47062,IRFC,2026-07-01,91.0,92.0,91.0,92.0,0,2026-07-01T10:15:40.157906+00:00
c032f3a3-fecd-4464-9445-1535368af35a,ITC,2026-07-01,287.0,289.0,287.0,289.0,0,2026-07-01T10:15:40.157906+00:00
27b8f6f5-827d-4a43-ac85-7eb62214fc00,JINDALSTEL,2026-07-01,1041.0,1073.0,1027.0,1027.0,0,2026-07-01T10:15:40.157906+00:00
0a27ffa6-daee-4e98-866e-a1a71a781b43,JSWENERGY,2026-07-01,582.0,582.0,575.0,575.0,0,2026-07-01T10:15:40.157906+00:00
53be48f2-93d8-4cd9-a2b3-bb503cbb19a4,JSWSTEEL,2026-07-01,1220.0,1224.0,1217.0,1219.0,0,2026-07-01T10:15:40.157906+00:00
c702515e-b712-492e-81e3-f8d4b10aef21,JUBLFOOD,2026-07-01,418.0,423.0,416.0,422.0,0,2026-07-01T10:15:40.157906+00:00
eb0a4fd0-3b5d-4e8e-b385-bad306c3c265,KALYANKJIL,2026-07-01,389.0,389.0,385.0,385.0,0,2026-07-01T10:15:40.157906+00:00
8c6b2936-36ea-46cf-b904-24bca053f7a7,KAYNES,2026-07-01,3165.0,3177.0,3149.0,3149.0,0,2026-07-01T10:15:40.157906+00:00
02823551-0887-4cf9-aa0c-eeed8e7471d9,SHREECEM,2026-07-06,26710.0,26765.0,26645.0,26645.0,0,2026-07-06T10:08:29.690131+00:00
1411ad52-4b4c-4b57-a9cb-9bc9e3a21301,TATATECH,2026-07-06,718.0,724.0,693.0,717.0,0,2026-07-06T10:08:29.690131+00:00
80235594-7696-4bec-9c6e-251fc356dabb,NBCC,2026-07-06,102.0,102.0,99.0,100.0,0,2026-07-06T10:08:29.690131+00:00
9fcb1ec7-686c-419c-b6d2-77ec2965f8d4,IREDA,2026-07-09,122.0,122.0,122.0,122.0,0,2026-07-09T10:13:37.065139+00:00
6e2cacfd-83a7-4603-af1e-fddd2f0ae2e8,BSE,2026-07-08,3661.0,3706.0,3658.0,3692.0,0,2026-07-08T10:11:15.313523+00:00
bad68ffd-8673-4e96-b754-6350c16db685,SAIL,2026-07-08,165.0,166.0,162.0,162.0,0,2026-07-08T10:11:15.313523+00:00
fb4dfbb3-6ae1-4a8c-9034-ac6aa101244c,SAMMAANCAP,2026-07-08,170.0,170.0,166.0,166.0,0,2026-07-08T10:11:15.313523+00:00
3aec97d8-5e4c-4ae6-bed0-563bbb37fc09,SBICARD,2026-07-08,597.0,597.0,589.0,589.0,0,2026-07-08T10:11:15.313523+00:00
7ed5d82b-593f-4786-b6e1-d78830dc5234,PGEL,2026-06-30,532.0,537.0,532.0,535.0,0,2026-06-30T10:11:24.203026+00:00
45777985-58a5-4258-ac9a-6f39ebff1157,PHOENIXLTD,2026-06-30,1903.0,1966.0,1903.0,1951.0,0,2026-06-30T10:11:24.203026+00:00
c81ca5ae-22d6-4833-8e25-65e14a27c2b9,PIDILITIND,2026-06-30,1599.0,1599.0,1588.0,1592.0,0,2026-06-30T10:11:24.203026+00:00
acfef0f6-01ca-4be9-ba84-41ffc22a8c4e,PIIND,2026-06-30,2548.0,2568.0,2548.0,2564.0,0,2026-06-30T10:11:24.203026+00:00
c0c79832-a57f-4b20-83d8-71fac151028e,PNBHOUSING,2026-06-30,1042.0,1042.0,1030.0,1042.0,0,2026-06-30T10:11:24.203026+00:00
6abc6e99-83ef-4f72-9152-78cfec060b61,POLICYBZR,2026-06-30,1627.0,1647.0,1626.0,1647.0,0,2026-06-30T10:11:24.203026+00:00
88a5490b-ef8d-40ae-8922-f6b2fed9c336,POLYCAB,2026-06-30,9735.0,9921.0,9735.0,9921.0,0,2026-06-30T10:11:24.203026+00:00
a9558629-8957-4cfb-9361-bade93f74779,POWERGRID,2026-06-30,288.0,288.0,285.0,287.0,0,2026-06-30T10:11:24.203026+00:00
6a714d44-29fd-4c9a-9338-def28d5888f7,PPLPHARMA,2026-06-30,167.0,169.0,166.0,168.0,0,2026-06-30T10:11:24.203026+00:00
4f921455-2a54-4c93-8e81-4ad2b56be9bc,PRESTIGE,2026-06-30,1538.0,1574.0,1538.0,1552.0,0,2026-06-30T10:11:24.203026+00:00
f8f1185a-7d24-437f-9010-f9b74393d61d,RBLBANK,2026-06-30,364.0,371.0,364.0,368.0,0,2026-06-30T10:11:24.203026+00:00
66771485-a387-47c8-b86d-64931e90b60f,RECLTD,2026-06-30,366.0,367.0,364.0,365.0,0,2026-06-30T10:11:24.203026+00:00
188682ca-57f2-4727-9ce7-03931328396d,RELIANCE,2026-06-30,1302.0,1302.0,1291.0,1299.0,0,2026-06-30T10:11:24.203026+00:00
2a9f21c7-899b-46da-a6f1-d65dd029b797,RVNL,2026-06-30,238.0,238.0,238.0,238.0,0,2026-06-30T10:11:24.203026+00:00
617b61e5-d161-4035-bb84-8a61a466f25c,SAIL,2026-06-30,173.0,174.0,173.0,173.0,0,2026-06-30T10:11:24.203026+00:00
37653d11-f37e-4e13-9b47-bdf4fb3e6ef1,SAMMAANCAP,2026-06-30,170.0,175.0,170.0,175.0,0,2026-06-30T10:11:24.203026+00:00
622af09b-c843-40b0-9d61-3a5cb3c1264b,LICHSGFIN,2026-07-01,553.0,555.0,548.0,555.0,0,2026-07-01T10:15:40.157906+00:00
cc25fc94-2c41-47d7-9e6e-30c93048dca4,LICI,2026-07-01,431.0,438.0,431.0,436.0,0,2026-07-01T10:15:40.157906+00:00
9a600a06-c245-4c6c-9329-b997305f22b7,LODHA,2026-07-01,958.0,986.0,958.0,986.0,0,2026-07-01T10:15:40.157906+00:00
7302cdea-701d-4a16-8237-02508977af6e,LT,2026-07-01,4154.0,4154.0,4087.0,4092.0,0,2026-07-01T10:15:40.157906+00:00
1258de12-2f7b-42d7-b96a-165813ef0521,LTF,2026-07-01,305.0,315.0,305.0,315.0,0,2026-07-01T10:15:40.157906+00:00
e96c0afd-9531-4ef6-b020-5988227775bb,LTM,2026-07-01,3543.0,3587.0,3543.0,3551.0,0,2026-07-01T10:15:40.157906+00:00
1cef57f5-7ba7-45b5-ad34-7441601e87fa,LUPIN,2026-07-01,2420.0,2420.0,2399.0,2401.0,0,2026-07-01T10:15:40.157906+00:00
f98d8642-8de8-4bd7-8d62-fa94c8fa99fd,M&M,2026-07-01,3133.0,3163.0,3129.0,3129.0,0,2026-07-01T10:15:40.157906+00:00
7c7cf235-a337-4442-ba08-1f36f865ff94,MANAPPURAM,2026-07-01,320.0,321.0,320.0,320.0,0,2026-07-01T10:15:40.157906+00:00
96e8bfb9-0227-4f24-90d5-297b4abd83ce,MANKIND,2026-07-01,2534.0,2534.0,2507.0,2509.0,0,2026-07-01T10:15:40.157906+00:00
ae06d417-7848-4fda-8edd-595bf74543ab,MARICO,2026-07-01,849.0,853.0,846.0,851.0,0,2026-07-01T10:15:40.157906+00:00
44f66eef-e003-45ac-a190-7611e4bcf69f,MARUTI,2026-07-01,14185.0,14414.0,14185.0,14414.0,0,2026-07-01T10:15:40.157906+00:00
bc2b8292-4a1f-4d88-8b80-42946682b316,PAYTM,2026-06-30,1133.0,1149.0,1131.0,1149.0,0,2026-06-30T10:11:24.203026+00:00
5111932d-adf4-43e4-b118-90a662608dbc,PERSISTENT,2026-06-30,4350.0,4350.0,4287.0,4291.0,0,2026-06-30T10:11:24.203026+00:00
b7ef39eb-41f4-48ae-9743-5ade8548d2f3,PETRONET,2026-06-30,279.0,282.0,279.0,282.0,0,2026-06-30T10:11:24.203026+00:00
11d79c4f-f65f-4d46-81ae-f0ec9c376cfa,PATANJALI,2026-07-07,414.0,415.0,414.0,414.0,0,2026-07-07T10:10:45.558638+00:00
b15a847e-72ca-4040-88d6-b1767bb069ca,PGEL,2026-07-07,587.0,594.0,585.0,587.0,0,2026-07-07T10:10:45.558638+00:00
58107270-8af5-4ba9-9898-e300009d956b,LODHA,2026-07-09,1106.0,1165.0,1106.0,1165.0,0,2026-07-09T10:13:37.065139+00:00
4b6a8294-12b4-4b83-a2a7-5cb139e0f5b8,DIXON,2026-07-01,11804.0,11970.0,11804.0,11970.0,0,2026-07-01T10:15:40.157906+00:00
1bdb6aa0-cf59-4f9c-9b94-1efb4ce0ac52,DMART,2026-07-01,4364.0,4364.0,4267.0,4310.0,0,2026-07-01T10:15:40.157906+00:00
a3340d80-7062-4c24-859a-4a682b87caa1,EXIDEIND,2026-07-01,390.0,390.0,389.0,390.0,0,2026-07-01T10:15:40.157906+00:00
c11de440-b253-4aee-8476-e9cf67302807,FEDERALBNK,2026-07-01,330.0,332.0,328.0,332.0,0,2026-07-01T10:15:40.157906+00:00
219fc438-fd01-4ba7-b852-8d5e41dada75,KFINTECH,2026-07-01,883.0,886.0,877.0,884.0,0,2026-07-01T10:15:40.157906+00:00
ed078eef-5532-4933-8e1e-afb81848f37b,KOTAKBANK,2026-07-01,396.0,400.0,396.0,399.0,0,2026-07-01T10:15:40.157906+00:00
a12321ab-6199-4efb-95a9-04e91061d570,MCX,2026-07-01,2938.0,2986.0,2931.0,2964.0,0,2026-07-01T10:15:40.157906+00:00
d9ea81e2-5b8c-407c-af98-c67f337a5e91,MFSL,2026-07-01,1583.0,1598.0,1582.0,1598.0,0,2026-07-01T10:15:40.157906+00:00
e0d3487b-43fe-4013-8bb8-346c55c90fcb,MOTHERSON,2026-07-01,148.0,148.0,147.0,147.0,0,2026-07-01T10:15:40.157906+00:00
889bdeb4-55e6-4bd3-9187-52b7086f6d3e,NCC,2026-07-01,150.0,150.0,149.0,149.0,0,2026-07-01T10:15:40.157906+00:00
e62b6b66-d7df-42d1-b551-66cbe460d1cc,NESTLEIND,2026-07-01,1414.0,1453.0,1414.0,1453.0,0,2026-07-01T10:15:40.157906+00:00
17344020-be87-453e-a993-a3d500324d59,NHPC,2026-07-01,81.0,81.0,80.0,80.0,0,2026-07-01T10:15:40.157906+00:00
81c3e940-dea4-49a4-bb43-32d183511043,NMDC,2026-07-01,85.0,85.0,84.0,84.0,0,2026-07-01T10:15:40.157906+00:00
599907e6-d1be-4b98-a12d-b6edf381dbef,NTPC,2026-07-01,355.0,358.0,355.0,357.0,0,2026-07-01T10:15:40.157906+00:00
9df8a5ab-ed11-4786-8dd7-917c5e857875,NUVAMA,2026-07-01,1804.0,1805.0,1786.0,1787.0,0,2026-07-01T10:15:40.157906+00:00
7088b90b-a5a9-48f0-b6ac-15611d091fdc,NYKAA,2026-07-01,313.0,313.0,309.0,309.0,0,2026-07-01T10:15:40.157906+00:00
cd904897-6e64-4b5d-899a-779211e58e2f,OBEROIRLTY,2026-07-01,1767.0,1806.0,1762.0,1806.0,0,2026-07-01T10:15:40.157906+00:00
b7a4ea5d-d510-4dcd-8517-c2c79d0a7d6a,OFSS,2026-07-01,10731.0,11107.0,10731.0,10845.0,0,2026-07-01T10:15:40.157906+00:00
3bccd8e4-2141-4406-9795-9a00c6bca9b3,SAIL,2026-07-01,172.0,172.0,168.0,168.0,0,2026-07-01T10:15:40.157906+00:00
2069c19b-f30a-4bcb-92cd-b337d0bc42e3,SAMMAANCAP,2026-07-01,180.0,180.0,178.0,180.0,0,2026-07-01T10:15:40.157906+00:00
41366495-8f77-486d-ba29-20feb8f36d6f,YESBANK,2026-07-01,24.0,24.0,24.0,24.0,0,2026-07-01T10:15:40.157906+00:00
d071a1dc-778e-4a02-abf3-4168590477cc,ZYDUSLIFE,2026-07-01,1119.0,1121.0,1110.0,1110.0,0,2026-07-01T10:15:40.157906+00:00
597849af-a183-465a-a68b-350624f7f5de,CYIENT,2026-07-01,868.0,868.0,861.0,863.0,0,2026-07-01T10:15:40.157906+00:00
87956fc8-24a7-4825-a4ec-361b39b3fa71,JINDALSTEL,2026-07-06,1054.0,1062.0,1054.0,1059.0,0,2026-07-06T10:08:29.690131+00:00
f8c5a577-5816-4ac8-81a8-cbe675ed2d65,JIOFIN,2026-07-06,240.0,241.0,239.0,240.0,0,2026-07-06T10:08:29.690131+00:00
f1f2d691-0fd3-44cb-aeca-c8a15311a92a,PHOENIXLTD,2026-07-07,2087.0,2090.0,2087.0,2087.0,0,2026-07-07T10:10:45.558638+00:00
e514875b-fd09-4c34-af4d-9c8623349f98,PIDILITIND,2026-07-07,1619.0,1619.0,1241.0,1619.0,0,2026-07-07T10:10:45.558638+00:00
9633ff80-f0e5-4b2c-ae7a-0bb3cac8ef39,IDFCFIRSTB,2026-07-08,80.0,81.0,80.0,80.0,0,2026-07-08T10:11:15.313523+00:00
b88fdf52-7377-4741-b608-c333d7053ea7,IIFL,2026-07-08,525.0,534.0,518.0,518.0,0,2026-07-08T10:11:15.313523+00:00
c87bc8c1-9a54-4783-af04-a013ccbf4998,RVNL,2026-07-02,239.0,239.0,237.0,237.0,0,2026-07-02T10:13:47.731181+00:00
b573b366-9abe-4b36-93af-ab0720e443ae,SAMMAANCAP,2026-07-02,178.0,178.0,172.0,174.0,0,2026-07-02T10:13:47.731181+00:00
fcfde460-39db-4857-bcb7-9fd12e5c54d2,SBILIFE,2026-07-02,1775.0,1787.0,1775.0,1784.0,0,2026-07-02T10:13:47.731181+00:00
edf3c993-abe9-455a-a8a4-ca4fe980f6db,KPITTECH,2026-07-01,604.0,604.0,565.0,565.0,0,2026-07-01T10:15:40.157906+00:00
87d0ce80-90e4-4d22-91da-f99b9c51b445,JSWENERGY,2026-07-06,553.0,556.0,547.0,547.0,0,2026-07-06T10:08:29.690131+00:00
cdeb6074-6f5f-46b1-ab8e-1f043593831e,JSWSTEEL,2026-07-06,1234.0,1242.0,1234.0,1242.0,0,2026-07-06T10:08:29.690131+00:00
e2305739-7117-43c5-a1c6-4821c0c2ca0f,MFSL,2026-07-06,1598.0,1610.0,1583.0,1583.0,0,2026-07-06T10:08:29.690131+00:00
c9a3e13e-ba11-41e4-8d07-ed3a2ebf0403,MPHASIS,2026-07-06,2303.0,2303.0,2291.0,2291.0,0,2026-07-06T10:08:29.690131+00:00
44450adc-bb76-4624-9f64-680ec721873c,NTPC,2026-07-09,348.0,348.0,344.0,344.0,0,2026-07-09T10:13:37.065139+00:00
da67afe8-ee25-4db6-beee-7836ac06cb13,PATANJALI,2026-07-09,413.0,413.0,411.0,413.0,0,2026-07-09T10:13:37.065139+00:00
b908dd9a-e7ff-40de-bb3d-422505809381,PAYTM,2026-07-09,1232.0,1263.0,1232.0,1262.0,0,2026-07-09T10:13:37.065139+00:00
330cf689-8c21-456a-b458-707d3414ba9e,VEDL,2026-07-08,276.0,277.0,275.0,276.0,0,2026-07-08T10:11:15.313523+00:00
ff7de03d-210f-4848-9a04-a88a681f1540,WIPRO,2026-07-08,174.0,175.0,173.0,173.0,0,2026-07-08T10:11:15.313523+00:00
054d1b05-9f6c-481e-abb1-f9d50f07b147,YESBANK,2026-07-08,24.0,24.0,23.0,23.0,0,2026-07-08T10:11:15.313523+00:00
ca4d8d40-31d0-4b8d-95bf-70b3c241e29f,ZYDUSLIFE,2026-07-08,1179.0,1179.0,1147.0,1147.0,0,2026-07-08T10:11:15.313523+00:00
cd14a855-b30a-4d3d-b484-898f392c3ee9,PAGEIND,2026-07-07,41985.0,42300.0,41945.0,41985.0,0,2026-07-07T10:10:45.558638+00:00
b1edac8d-8fd3-4ec3-9491-6cde8425cbc9,PFC,2026-07-07,417.0,422.0,417.0,417.0,0,2026-07-07T10:10:45.558638+00:00
1cb3a55c-9408-44b9-88d1-b53eaf5afb0f,PIIND,2026-07-07,2659.0,2659.0,2653.0,2659.0,0,2026-07-07T10:10:45.558638+00:00
f21ef7a1-d32a-4d52-8c99-1ebf7b99bb6c,POLYCAB,2026-07-07,9434.0,9515.0,9434.0,9434.0,0,2026-07-07T10:10:45.558638+00:00
1ece921e-e50a-4de9-af37-800f855bfa2d,TORNTPOWER,2026-07-07,1406.0,1406.0,1375.0,1406.0,0,2026-07-07T10:10:45.558638+00:00
f7f9f44a-8dbc-4e6b-bb5b-9862f54be6d0,TRENT,2026-07-07,2942.0,2964.0,2941.0,2942.0,0,2026-07-07T10:10:45.558638+00:00
ad28e198-7a87-4a71-9cca-8e2a9648ca28,TVSMOTOR,2026-07-07,3718.0,3746.0,3718.0,3718.0,0,2026-07-07T10:10:45.558638+00:00
63c887fe-cd5f-430a-af98-62d7944f5377,ULTRACEMCO,2026-07-07,11620.0,11737.0,11620.0,11620.0,0,2026-07-07T10:10:45.558638+00:00
edb94395-9bca-4df0-bce0-42749aa201c9,UNITDSPR,2026-07-07,1440.0,1440.0,1427.0,1440.0,0,2026-07-07T10:10:45.558638+00:00
8c195cde-0a7b-42f7-8ebf-c5e30bb6c381,UNOMINDA,2026-07-07,1123.0,1123.0,1115.0,1123.0,0,2026-07-07T10:10:45.558638+00:00
92aa4039-ec79-4f54-a4b3-d1b82d5def5b,SBIN,2026-06-30,1033.0,1041.0,1033.0,1041.0,0,2026-06-30T10:11:24.203026+00:00
cfa713c7-7f7c-4c83-91f8-c8734820bbf1,SHREECEM,2026-06-30,25240.0,25245.0,25175.0,25245.0,0,2026-06-30T10:11:24.203026+00:00
2de5ab3d-9de5-413a-ab7d-359deb40a3fd,SHRIRAMFIN,2026-06-30,1035.0,1046.0,1034.0,1045.0,0,2026-06-30T10:11:24.203026+00:00
9f1ff451-340a-4c4f-9faf-048c0bb6d1c2,SIEMENS,2026-06-30,3591.0,3611.0,3591.0,3611.0,0,2026-06-30T10:11:24.203026+00:00
bfbeba5f-b647-4188-8056-7e1b2a6b3490,SOLARINDS,2026-06-30,17567.0,18760.0,17567.0,18579.0,0,2026-06-30T10:11:24.203026+00:00
98617ed7-9c7d-4a3d-bf4b-26bf4328d87c,SONACOMS,2026-06-30,610.0,619.0,610.0,619.0,0,2026-06-30T10:11:24.203026+00:00
67bae73d-2137-4bfb-a0b2-8c42a4e3ada7,SRF,2026-06-30,2680.0,2768.0,2680.0,2756.0,0,2026-06-30T10:11:24.203026+00:00
23c4708a-5dae-4037-8e15-30a48697159e,SUNPHARMA,2026-06-30,1892.0,1892.0,1868.0,1868.0,0,2026-06-30T10:11:24.203026+00:00
e6efcd0d-c03d-44ec-98a3-d9c8fb195a93,SUPREMEIND,2026-06-30,3220.0,3220.0,3162.0,3162.0,0,2026-06-30T10:11:24.203026+00:00
b246ba26-32db-4b0e-9d5f-10d1aae3891a,SUZLON,2026-06-30,57.0,58.0,57.0,58.0,0,2026-06-30T10:11:24.203026+00:00
d9663c10-a520-4959-bd5b-c5c313aa0958,SYNGENE,2026-06-30,439.0,441.0,438.0,441.0,0,2026-06-30T10:11:24.203026+00:00
b4ca5591-0840-49cb-8929-743bfbba2333,TATACONSUM,2026-06-30,1113.0,1113.0,1073.0,1073.0,0,2026-06-30T10:11:24.203026+00:00
0d5c44aa-fa2f-452f-b583-65f987b9454e,TATAELXSI,2026-06-30,3926.0,3926.0,3826.0,3828.0,0,2026-06-30T10:11:24.203026+00:00
c42cdc2f-b4b7-48aa-a3de-ffda39a14db8,TATAPOWER,2026-06-30,386.0,387.0,385.0,387.0,0,2026-06-30T10:11:24.203026+00:00
1d7d9547-3b40-4615-a4cb-794931e9ebd9,TATASTEEL,2026-06-30,190.0,190.0,188.0,189.0,0,2026-06-30T10:11:24.203026+00:00
d3448539-a4e1-4dd9-b98a-79631ecb6d45,TATATECH,2026-06-30,717.0,717.0,692.0,692.0,0,2026-06-30T10:11:24.203026+00:00
cdc1743e-3c0c-414c-8188-cf6bba14864e,TCS,2026-06-30,2053.0,2053.0,2035.0,2040.0,0,2026-06-30T10:11:24.203026+00:00
a7372b04-3c37-4a4e-a303-656868c07457,TECHM,2026-06-30,1433.0,1433.0,1404.0,1408.0,0,2026-06-30T10:11:24.203026+00:00
db108955-312f-4030-98d7-c1a017a1d572,TIINDIA,2026-06-30,3038.0,3038.0,3006.0,3009.0,0,2026-06-30T10:11:24.203026+00:00
99c8c9ac-b69a-4767-9d18-524fa73f7aed,TITAN,2026-06-30,4288.0,4406.0,4288.0,4399.0,0,2026-06-30T10:11:24.203026+00:00
ab38f1b2-f074-48be-bc7e-4aaeccd228f1,TMPV,2026-06-30,344.0,350.0,344.0,350.0,0,2026-06-30T10:11:24.203026+00:00
b8c31f30-3609-45c7-b9cc-dc895441e0df,TORNTPHARM,2026-06-30,4648.0,4663.0,4624.0,4649.0,0,2026-06-30T10:11:24.203026+00:00
1256e4dc-3852-45de-812e-c7201a8d6006,TORNTPOWER,2026-06-30,1400.0,1428.0,1400.0,1425.0,0,2026-06-30T10:11:24.203026+00:00
3697651e-c9a1-4fdf-9876-e1b92f386e17,TRENT,2026-06-30,3259.0,3286.0,3259.0,3286.0,0,2026-06-30T10:11:24.203026+00:00
33edf120-224d-4afc-bc50-c2ec2a369a40,TVSMOTOR,2026-06-30,3435.0,3494.0,3259.0,3468.0,0,2026-06-30T10:11:24.203026+00:00
b7d32c92-35d8-4ef5-8feb-bd17347ce4b0,ULTRACEMCO,2026-06-30,11373.0,11373.0,11242.0,11242.0,0,2026-06-30T10:11:24.203026+00:00
569ffc10-12e6-4fc7-9c01-111145e877e4,UNIONBANK,2026-06-30,175.0,175.0,173.0,173.0,0,2026-06-30T10:11:24.203026+00:00
69ba7dfb-49b4-4e5b-8b22-80a06c6a1d6e,UNITDSPR,2026-06-30,1347.0,1351.0,1346.0,1350.0,0,2026-06-30T10:11:24.203026+00:00
12aed86f-f587-43b5-84ce-dcda0e6a094d,UNOMINDA,2026-06-30,1104.0,1104.0,1084.0,1088.0,0,2026-06-30T10:11:24.203026+00:00
754163fc-8727-46f5-8c89-09f4b69550c2,UPL,2026-06-30,574.0,574.0,571.0,573.0,0,2026-06-30T10:11:24.203026+00:00
3aeec4b7-63fb-49e8-a005-f72c245d448f,VBL,2026-06-30,505.0,506.0,503.0,506.0,0,2026-06-30T10:11:24.203026+00:00
687c0b3a-bbf5-4c2d-b2e0-7f39c453a7b6,VEDL,2026-06-30,285.0,285.0,280.0,281.0,0,2026-06-30T10:11:24.203026+00:00
0691ee8a-a377-4a62-8f37-86bedfa11623,VOLTAS,2026-06-30,1288.0,1291.0,1275.0,1279.0,0,2026-06-30T10:11:24.203026+00:00
4a0451c7-91dc-479e-87be-532efe34821e,WIPRO,2026-06-30,175.0,175.0,170.0,171.0,0,2026-06-30T10:11:24.203026+00:00
bb3e58a4-9af5-4d44-82a6-e5e11a7240a8,YESBANK,2026-06-30,25.0,25.0,24.0,24.0,0,2026-06-30T10:11:24.203026+00:00
acf51eb4-3069-4995-87a8-5c55acaae4b9,ZYDUSLIFE,2026-06-30,1121.0,1123.0,1113.0,1119.0,0,2026-06-30T10:11:24.203026+00:00
24f26d0f-971c-4e38-9234-3bb645bce88b,NESTLEIND,2026-07-02,1453.0,1456.0,1453.0,1456.0,0,2026-07-02T10:13:47.731181+00:00
2e6a2a28-ff7b-4128-a033-9a5208fe4d35,NMDC,2026-07-02,86.0,86.0,86.0,86.0,0,2026-07-02T10:13:47.731181+00:00
11f16d9c-8911-41e5-aa00-3d73e4fbbe02,PIDILITIND,2026-07-02,1584.0,1604.0,1584.0,1604.0,0,2026-07-02T10:13:47.731181+00:00
2e20ee75-b16d-4213-aeb3-94d611160f5d,PPLPHARMA,2026-07-02,168.0,170.0,167.0,168.0,0,2026-07-02T10:13:47.731181+00:00
41850bdf-f5a9-4319-b7a1-161315bf3a4d,PRESTIGE,2026-07-02,1575.0,1679.0,1575.0,1679.0,0,2026-07-02T10:13:47.731181+00:00
8821704f-1b9b-4f0c-b45f-3705e80ae258,RBLBANK,2026-07-02,361.0,364.0,356.0,356.0,0,2026-07-02T10:13:47.731181+00:00
647464d3-3f36-4ae3-b4de-9b33c375f93d,RECLTD,2026-07-02,368.0,370.0,368.0,369.0,0,2026-07-02T10:13:47.731181+00:00
4d2fcbdd-3301-449b-ab28-39b8ad7d7917,RELIANCE,2026-07-02,1307.0,1312.0,1304.0,1304.0,0,2026-07-02T10:13:47.731181+00:00
69718dcd-530d-4354-8e8a-61d33583d529,SAIL,2026-07-02,168.0,168.0,166.0,167.0,0,2026-07-02T10:13:47.731181+00:00
95465825-270e-4a81-9e20-eeba23f68c1d,WIPRO,2026-07-07,174.0,175.0,174.0,174.0,0,2026-07-07T10:10:45.558638+00:00
85985f99-97bd-4d35-88b0-117fb9217704,YESBANK,2026-07-07,24.0,24.0,24.0,24.0,0,2026-07-07T10:10:45.558638+00:00
e280a1d2-477b-4ef0-b0ed-b05c4ef105fe,ZYDUSLIFE,2026-07-07,1155.0,1159.0,1141.0,1155.0,0,2026-07-07T10:10:45.558638+00:00
d1dba07b-68c0-464c-ac63-a13351375f0c,ITC,2026-07-09,282.0,283.0,281.0,282.0,0,2026-07-09T10:13:37.065139+00:00
e6de8eb1-42f4-4baa-b77c-43a3ff96c67c,M&M,2026-07-09,3139.0,3139.0,3083.0,3083.0,0,2026-07-09T10:13:37.065139+00:00
8120374c-f88b-45d1-bc6b-fad89fc38af1,SBICARD,2026-06-30,607.0,607.0,592.0,594.0,0,2026-06-30T10:11:24.203026+00:00
ba559ed8-8a53-49c9-be32-788a1cc6a187,SBILIFE,2026-06-30,1749.0,1770.0,1749.0,1770.0,0,2026-06-30T10:11:24.203026+00:00
84ada1da-be29-495f-9d3a-0b56844dd449,INDIGO,2026-07-08,5244.0,5298.0,5230.0,5230.0,0,2026-07-08T10:11:15.313523+00:00
364921a0-e4cb-478f-86c1-acc482cfe7bb,INDUSINDBK,2026-07-08,1027.0,1029.0,1003.0,1003.0,0,2026-07-08T10:11:15.313523+00:00
6fd17207-54a0-477a-9abe-b9c8f59aaf9c,INDUSTOWER,2026-07-08,387.0,389.0,387.0,389.0,0,2026-07-08T10:11:15.313523+00:00
1e3dfa0b-3881-4379-8f89-238b533d2853,MANAPPURAM,2026-07-09,342.0,342.0,332.0,334.0,0,2026-07-09T10:13:37.065139+00:00
b047b68e-70ba-48e6-8843-634be6a9be79,MANKIND,2026-07-09,2530.0,2541.0,2530.0,2538.0,0,2026-07-09T10:13:37.065139+00:00
c43ba924-0a67-47bf-ad32-dd0bf1ff683c,INFY,2026-07-08,1060.0,1080.0,1060.0,1071.0,0,2026-07-08T10:11:15.313523+00:00
02c9ffbd-b6da-477d-83a4-a45d08b382d5,NCC,2026-07-08,149.0,149.0,145.0,145.0,0,2026-07-08T10:11:15.313523+00:00
c40a37fe-cb5b-4db9-8b06-f7853dd2df46,NESTLEIND,2026-07-08,1462.0,1477.0,1462.0,1466.0,0,2026-07-08T10:11:15.313523+00:00
bf6bf736-5404-40a8-b1f2-8432b505b12d,NHPC,2026-07-08,78.0,79.0,78.0,78.0,0,2026-07-08T10:11:15.313523+00:00
7f8fa076-a792-4ebc-a719-5d2139477407,ONGC,2026-07-08,247.0,248.0,244.0,247.0,0,2026-07-08T10:11:15.313523+00:00
7ae01bdf-a64e-4747-8dc6-4f67fa36992e,PETRONET,2026-07-08,274.0,275.0,274.0,274.0,0,2026-07-08T10:11:15.313523+00:00
ee265c34-5a44-472b-a672-eb7ebf98764e,PGEL,2026-07-08,587.0,587.0,572.0,572.0,0,2026-07-08T10:11:15.313523+00:00
32414986-aff0-4a20-97d1-a77a764ddc92,PRESTIGE,2026-07-08,1680.0,1681.0,1632.0,1632.0,0,2026-07-08T10:11:15.313523+00:00
85ae42d9-af21-48d6-ad91-21f476ada0da,PERSISTENT,2026-07-09,4761.0,4843.0,4751.0,4839.0,0,2026-07-09T10:13:37.065139+00:00
5e4e1327-058e-4fcf-a81e-5794441a02a2,PETRONET,2026-07-09,274.0,278.0,274.0,278.0,0,2026-07-09T10:13:37.065139+00:00
e8565ddb-be86-4baa-8cd2-838e3d5fffb9,JSWENERGY,2026-07-10,540.0,550.0,540.0,550.0,0,2026-07-10T10:15:53.013733+00:00
60c9e7b8-0a33-4c13-873b-ce522b2fa7f0,NMDC,2026-07-10,86.0,86.0,85.0,85.0,0,2026-07-10T10:15:53.013733+00:00
42d6024b-a7d1-4641-8af9-362b7bd255eb,TATATECH,2026-07-01,666.0,675.0,666.0,666.0,0,2026-07-01T10:15:40.157906+00:00
9ce23731-6815-4066-82d0-a894e0f1237b,RBLBANK,2026-07-01,368.0,368.0,364.0,364.0,0,2026-07-01T10:15:40.157906+00:00
993646fe-1c1c-4048-b1e9-97fe677cb3f8,RECLTD,2026-07-01,365.0,368.0,365.0,368.0,0,2026-07-01T10:15:40.157906+00:00
43487415-6b89-4e58-8a71-5a2922eff1eb,RELIANCE,2026-07-01,1301.0,1311.0,1301.0,1307.0,0,2026-07-01T10:15:40.157906+00:00
e52f3bb2-881c-4fe2-869f-b60663099ba5,RVNL,2026-07-01,236.0,239.0,236.0,238.0,0,2026-07-01T10:15:40.157906+00:00
2f0e1325-2eb1-405a-a8a7-284dd2dd48b1,SBILIFE,2026-07-01,1770.0,1776.0,1761.0,1775.0,0,2026-07-01T10:15:40.157906+00:00
33a855f2-3a81-4311-8371-7047142b912a,SBIN,2026-07-01,1041.0,1041.0,1030.0,1036.0,0,2026-07-01T10:15:40.157906+00:00
9aaf7c39-f32b-4447-bbc3-d7468fadb0c0,SHREECEM,2026-07-01,25805.0,25960.0,25805.0,25925.0,0,2026-07-01T10:15:40.157906+00:00
93a6e904-ae84-4de4-a6f4-99195252e069,SHRIRAMFIN,2026-07-01,1045.0,1054.0,1045.0,1048.0,0,2026-07-01T10:15:40.157906+00:00
af88815b-0406-46a6-abd9-a104509299dc,SIEMENS,2026-07-01,3611.0,3611.0,3556.0,3574.0,0,2026-07-01T10:15:40.157906+00:00
a8d730a1-5f6b-48ab-b977-5a8c2ec59a3e,SOLARINDS,2026-07-01,18579.0,18798.0,18579.0,18648.0,0,2026-07-01T10:15:40.157906+00:00
ee1ee0a1-681b-4c6c-92bd-8087a9644e6d,SONACOMS,2026-07-01,619.0,621.0,618.0,621.0,0,2026-07-01T10:15:40.157906+00:00
627abb45-5064-4612-9806-9d5edba3c54c,SRF,2026-07-01,2756.0,2756.0,2731.0,2740.0,0,2026-07-01T10:15:40.157906+00:00
1b9e62f5-a934-4033-b543-78042c54c03e,SUNPHARMA,2026-07-01,1876.0,1876.0,1863.0,1865.0,0,2026-07-01T10:15:40.157906+00:00
7659f3ee-6f4d-465a-9ee1-35b01e32e64c,SUPREMEIND,2026-07-01,3163.0,3196.0,3153.0,3196.0,0,2026-07-01T10:15:40.157906+00:00
6dbe845d-f354-48cc-92f3-b46002572aab,SYNGENE,2026-07-01,435.0,435.0,427.0,427.0,0,2026-07-01T10:15:40.157906+00:00
4a720e44-d252-4def-8507-7bcb83b74870,TATACONSUM,2026-07-01,1087.0,1092.0,1086.0,1089.0,0,2026-07-01T10:15:40.157906+00:00
8f0bb407-76c4-4292-98fa-a624f59b2c1a,TATAELXSI,2026-07-01,3828.0,3828.0,3588.0,3595.0,0,2026-07-01T10:15:40.157906+00:00
b7c12a65-af80-49cb-9e59-ecf2cc9c7be1,TATAPOWER,2026-07-01,385.0,387.0,376.0,382.0,0,2026-07-01T10:15:40.157906+00:00
a5271404-5d6d-4840-bb95-de30ab515474,TATASTEEL,2026-07-01,188.0,188.0,186.0,186.0,0,2026-07-01T10:15:40.157906+00:00
b68538a7-251b-4ac6-ab20-34f11f1eceba,APLAPOLLO,2026-07-07,1820.0,1827.0,1816.0,1820.0,0,2026-07-07T10:10:45.558638+00:00
8db2235f-5321-4a82-9f86-75ee6d35d414,COLPAL,2026-07-07,2072.0,2072.0,2060.0,2072.0,0,2026-07-07T10:10:45.558638+00:00
2146e9e4-6443-4f1d-a1ea-8a5c6be98945,CONCOR,2026-07-07,476.0,478.0,476.0,476.0,0,2026-07-07T10:10:45.558638+00:00
1acb6060-c105-47ad-9549-ebf24ad3d3bc,CYIENT,2026-07-07,835.0,835.0,835.0,835.0,0,2026-07-07T10:10:45.558638+00:00
b5dca329-5c9f-453b-ba16-824c491deb09,DABUR,2026-07-07,453.0,453.0,452.0,453.0,0,2026-07-07T10:10:45.558638+00:00
795cd514-b5db-4b99-80a4-af568e3a9093,VEDL,2026-07-06,279.0,282.0,279.0,282.0,0,2026-07-06T10:08:29.690131+00:00
6be67827-7708-408c-afbf-10f9b823d575,ABB,2026-07-06,6853.0,6977.0,6853.0,6977.0,0,2026-07-06T10:08:29.690131+00:00
7d833928-b65e-490b-89ce-5a3972e9b391,AXISBANK,2026-07-06,1362.0,1366.0,1344.0,1348.0,0,2026-07-06T10:08:29.690131+00:00
d02d0779-9335-4eec-870c-b89aebbae2e8,EXIDEIND,2026-07-06,423.0,423.0,417.0,417.0,0,2026-07-06T10:08:29.690131+00:00
248a3984-f06f-4451-b065-c0385ba820a6,HDFCAMC,2026-07-06,2815.0,2815.0,2783.0,2783.0,0,2026-07-06T10:08:29.690131+00:00
dc08853d-755f-4b59-8a3d-d816de42cb32,MAXHEALTH,2026-07-06,1167.0,1167.0,1151.0,1154.0,0,2026-07-06T10:08:29.690131+00:00
158487a1-11f1-48ad-a50e-b83abe038004,SBICARD,2026-07-06,607.0,607.0,603.0,603.0,0,2026-07-06T10:08:29.690131+00:00
ce9035a3-c1cd-4183-a092-e3125fc5fa0f,TATASTEEL,2026-07-06,191.0,191.0,191.0,191.0,0,2026-07-06T10:08:29.690131+00:00
37a3120c-75d9-4c74-bb7c-58cb849ad952,ABB,2026-07-09,6848.0,6855.0,6813.0,6813.0,0,2026-07-09T10:13:37.065139+00:00
9c70d647-795e-43df-9487-2836d46260a2,BANDHANBNK,2026-07-02,206.0,207.0,205.0,205.0,0,2026-07-02T10:13:47.731181+00:00
1f0cb6eb-b076-40ab-bed7-d8c255eaa769,BANKBARODA,2026-07-02,272.0,272.0,261.0,261.0,0,2026-07-02T10:13:47.731181+00:00
529a29c3-7154-4fbb-bb90-c2cd6be3c220,BANKINDIA,2026-07-02,141.0,144.0,140.0,144.0,0,2026-07-02T10:13:47.731181+00:00
59f1dd44-8d4f-479e-a68c-a5e665ba139e,BEL,2026-07-02,414.0,415.0,414.0,415.0,0,2026-07-02T10:13:47.731181+00:00
dd033392-6a70-40a7-b5e7-6f08914eca0a,CAMS,2026-07-02,788.0,799.0,788.0,798.0,0,2026-07-02T10:13:47.731181+00:00
1f8d0fb8-8c8b-4a8f-8e03-a60bb7db7e81,CANBK,2026-07-02,127.0,127.0,126.0,127.0,0,2026-07-02T10:13:47.731181+00:00
b7b46cc7-22b7-4329-a93f-158c7a0397f5,DLF,2026-07-02,653.0,659.0,650.0,653.0,0,2026-07-02T10:13:47.731181+00:00
367a6049-9dc0-407e-8d1e-bd9916dbf2a6,360ONE,2026-07-02,1069.0,1075.0,1063.0,1075.0,0,2026-07-02T10:13:47.731181+00:00
23730acc-a541-466d-bc88-e198f9fc163f,ABB,2026-07-02,6963.0,6963.0,6851.0,6855.0,0,2026-07-02T10:13:47.731181+00:00
7ee6326c-a5bf-426a-8605-630fbda61f7c,ADANIGREEN,2026-07-02,1533.0,1548.0,1533.0,1548.0,0,2026-07-02T10:13:47.731181+00:00
9cd15540-01eb-45b2-b5a1-51782a988bc9,APLAPOLLO,2026-07-02,1784.0,1794.0,1784.0,1788.0,0,2026-07-02T10:13:47.731181+00:00
dc217ed6-f67b-48f4-820d-41ea539f3490,HEROMOTOCO,2026-07-02,4841.0,4841.0,4798.0,4838.0,0,2026-07-02T10:13:47.731181+00:00
3ec2f26c-efde-438b-9f66-d58b7bddcd0b,HINDALCO,2026-07-02,954.0,960.0,954.0,960.0,0,2026-07-02T10:13:47.731181+00:00
7e2832a0-f5d3-4b39-a143-c004d0ffe7a2,HUDCO,2026-07-02,210.0,211.0,208.0,208.0,0,2026-07-02T10:13:47.731181+00:00
aeb32685-7919-47a1-8622-1576da9a1de3,NATIONALUM,2026-07-02,337.0,339.0,334.0,334.0,0,2026-07-02T10:13:47.731181+00:00
8315e4bb-2568-4e68-a578-f8eea082c469,NHPC,2026-07-02,80.0,81.0,80.0,81.0,0,2026-07-02T10:13:47.731181+00:00
3871c393-c821-4ecb-9b73-13cc8f85d153,NYKAA,2026-07-02,309.0,311.0,309.0,311.0,0,2026-07-02T10:13:47.731181+00:00
63d45ef9-3bba-4a9e-99fd-d74db82276a9,BANDHANBNK,2026-07-09,199.0,200.0,199.0,200.0,0,2026-07-09T10:13:37.065139+00:00
799ab800-f328-4a53-9f3d-0a1ebc431e72,BANKBARODA,2026-07-09,242.0,244.0,242.0,244.0,0,2026-07-09T10:13:37.065139+00:00
0c0f10ad-c8fb-4041-94e5-1cd1263e4a21,BHARATFORG,2026-07-09,2094.0,2139.0,2094.0,2139.0,0,2026-07-09T10:13:37.065139+00:00
683a4e39-7b09-4e10-bab9-1f7ba9448a85,BHARTIARTL,2026-07-09,1882.0,1954.0,1882.0,1935.0,0,2026-07-09T10:13:37.065139+00:00
d11359b7-5852-44fb-8b22-dbfd40c44fbc,BHEL,2026-07-09,384.0,384.0,384.0,384.0,0,2026-07-09T10:13:37.065139+00:00
76bcf034-0f6d-43d2-ab5b-43cce1fc2eaa,RBLBANK,2026-07-08,369.0,370.0,368.0,370.0,0,2026-07-08T10:11:15.313523+00:00
9ca8d549-2218-4054-8e23-cc000c81ed9a,SBIN,2026-07-08,1038.0,1038.0,1023.0,1023.0,0,2026-07-08T10:11:15.313523+00:00
50a8f011-7b93-4304-be35-77c6c077a569,SHRIRAMFIN,2026-07-08,1069.0,1069.0,1015.0,1015.0,0,2026-07-08T10:11:15.313523+00:00
5d6d04d9-9b2d-4763-bea2-6328d0e50fd3,SOLARINDS,2026-07-08,18050.0,18235.0,18005.0,18005.0,0,2026-07-08T10:11:15.313523+00:00
13cd6eb7-597e-4aea-ac8b-da67870829c1,SRF,2026-07-08,2789.0,2794.0,2779.0,2779.0,0,2026-07-08T10:11:15.313523+00:00
54092990-99da-4fa4-ad05-f9cc7fdadc71,SUPREMEIND,2026-07-08,3239.0,3239.0,3153.0,3153.0,0,2026-07-08T10:11:15.313523+00:00
d0fb685c-8bbb-489d-ace1-1aaf47c6664e,SYNGENE,2026-07-08,424.0,429.0,410.0,412.0,0,2026-07-08T10:11:15.313523+00:00
d436864b-737c-42e1-b17a-142bf2147bb1,TECHM,2026-07-08,1451.0,1451.0,1430.0,1432.0,0,2026-07-08T10:11:15.313523+00:00
9768a3e9-f625-4c90-ac7c-b5dcc5756830,TIINDIA,2026-07-08,2955.0,2964.0,2905.0,2905.0,0,2026-07-08T10:11:15.313523+00:00
d24ff351-5717-4592-bc5e-1f767e0ec556,GODREJCP,2026-07-08,1095.0,1095.0,1077.0,1077.0,0,2026-07-08T10:11:15.313523+00:00
c2eee362-2f6e-4b10-8c50-d1556566f7cf,APOLLOHOSP,2026-07-01,8665.0,8669.0,8631.0,8669.0,0,2026-07-01T10:15:40.157906+00:00
64086e1c-bb08-4778-b535-5ae4c6de9856,ASHOKLEY,2026-07-01,161.0,165.0,160.0,162.0,0,2026-07-01T10:15:40.157906+00:00
068571f7-47ac-480d-84f1-207a026d27ab,ASIANPAINT,2026-07-01,2658.0,2716.0,2658.0,2681.0,0,2026-07-01T10:15:40.157906+00:00
743a41cb-aec3-437a-b659-6b7aba63b570,ASTRAL,2026-07-01,1351.0,1351.0,1351.0,1351.0,0,2026-07-01T10:15:40.157906+00:00
e9e77219-ce6e-40e8-8f1a-7b825a516cf7,AUBANK,2026-07-01,1035.0,1045.0,1035.0,1045.0,0,2026-07-01T10:15:40.157906+00:00
131fd53a-dae8-43a9-ae88-7a24bddec208,BHARATFORG,2026-07-01,2152.0,2152.0,2111.0,2111.0,0,2026-07-01T10:15:40.157906+00:00
d985b9a5-bfd7-4f70-8a42-aca9a22be571,BHARTIARTL,2026-07-01,1873.0,1873.0,1862.0,1873.0,0,2026-07-01T10:15:40.157906+00:00
c199fb7a-0345-4e28-bf95-ec7f16273985,BHEL,2026-07-01,413.0,419.0,413.0,414.0,0,2026-07-01T10:15:40.157906+00:00
62a1d73f-db3a-41d2-a151-fa2a9a7209b5,BLUESTARCO,2026-07-01,1627.0,1627.0,1617.0,1617.0,0,2026-07-01T10:15:40.157906+00:00
be7d9ecb-f0e3-42ec-8d89-ce0e3d93755d,BOSCHLTD,2026-07-01,39985.0,40120.0,39985.0,40120.0,0,2026-07-01T10:15:40.157906+00:00
5add361c-9b39-4315-8b48-269a0212414a,BPCL,2026-07-01,304.0,304.0,302.0,303.0,0,2026-07-01T10:15:40.157906+00:00
a9ec7469-b87c-4afe-b201-c33c384d1b5f,BRITANNIA,2026-07-01,5195.0,5220.0,5195.0,5220.0,0,2026-07-01T10:15:40.157906+00:00
b05883b9-c6f8-4b5a-958c-c601b8cc4b5d,BSE,2026-07-01,3909.0,3909.0,3904.0,3904.0,0,2026-07-01T10:15:40.157906+00:00
e522623f-0d66-4d30-a1bd-79f89a57cd75,CAMS,2026-07-01,795.0,795.0,789.0,794.0,0,2026-07-01T10:15:40.157906+00:00
bfa3d679-d337-43b1-a6e0-7f191cf88486,CANBK,2026-07-01,125.0,127.0,125.0,127.0,0,2026-07-01T10:15:40.157906+00:00
19676af9-aae3-43d0-8ab8-d2e2e050b432,CDSL,2026-07-01,1329.0,1337.0,1329.0,1331.0,0,2026-07-01T10:15:40.157906+00:00
f2353f37-c926-438a-8d0f-0957b400126a,CGPOWER,2026-07-01,963.0,969.0,959.0,969.0,0,2026-07-01T10:15:40.157906+00:00
56724a4c-a136-4764-830d-5d7f95f039ab,CHOLAFIN,2026-07-01,1781.0,1799.0,1781.0,1799.0,0,2026-07-01T10:15:40.157906+00:00
765a8bb6-0549-442f-84d0-275f6a0fd2f0,CIPLA,2026-07-01,1470.0,1470.0,1458.0,1458.0,0,2026-07-01T10:15:40.157906+00:00
608c173b-561b-4392-bede-e0c177221d36,COALINDIA,2026-07-01,440.0,440.0,434.0,434.0,0,2026-07-01T10:15:40.157906+00:00
94c4e0b6-6cb6-4d6a-adfd-bc2cad7aa1e5,COCHINSHIP,2026-07-01,1514.0,1515.0,1505.0,1505.0,0,2026-07-01T10:15:40.157906+00:00
e928dc1d-c7d7-4d09-bf09-0fae1e724f01,CONCOR,2026-07-01,475.0,482.0,475.0,482.0,0,2026-07-01T10:15:40.157906+00:00
2398a5ac-5016-4044-9fd5-c71a2fc1c092,CROMPTON,2026-07-01,274.0,274.0,269.0,269.0,0,2026-07-01T10:15:40.157906+00:00
aab15722-00bd-4063-9b6e-d163d439f443,CUMMINSIND,2026-07-01,5693.0,5707.0,5657.0,5657.0,0,2026-07-01T10:15:40.157906+00:00
0f28a9ab-c5ac-488e-a1ca-5547ab6a0452,DABUR,2026-07-01,439.0,439.0,439.0,439.0,0,2026-07-01T10:15:40.157906+00:00
13c8552c-2901-47e5-8d63-47705ac8f9da,DALBHARAT,2026-07-01,1700.0,1716.0,1700.0,1711.0,0,2026-07-01T10:15:40.157906+00:00
86c2b901-5c63-4f54-90a1-6be3716e7653,DELHIVERY,2026-07-01,473.0,507.0,473.0,507.0,0,2026-07-01T10:15:40.157906+00:00
78d99fe1-41f3-4271-96ce-42a83ff70f2f,DIVISLAB,2026-07-01,6598.0,6598.0,6550.0,6550.0,0,2026-07-01T10:15:40.157906+00:00
2c850a6b-416f-43f8-a355-a2e58a252e76,CAMS,2026-07-06,802.0,802.0,788.0,789.0,0,2026-07-06T10:08:29.690131+00:00
abbd5369-0d6c-4f24-85bb-c1da894e9e41,CANBK,2026-07-06,126.0,127.0,126.0,126.0,0,2026-07-06T10:08:29.690131+00:00
49af8ad3-6f3b-467b-9349-996c217e0e56,GAIL,2026-07-02,174.0,174.0,173.0,174.0,0,2026-07-02T10:13:47.731181+00:00
8af510c3-5ca5-4b39-bbb5-86017def1b53,GLENMARK,2026-07-02,2173.0,2202.0,2173.0,2184.0,0,2026-07-02T10:13:47.731181+00:00
f4de4315-69ff-46b9-bfee-9cc1091a7bdc,GMRAIRPORT,2026-07-02,114.0,114.0,112.0,112.0,0,2026-07-02T10:13:47.731181+00:00
67be4e12-938b-45eb-bf2b-c8700fa7f05b,GODFRYPHLP,2026-07-02,2171.0,2174.0,2171.0,2174.0,0,2026-07-02T10:13:47.731181+00:00
050e716b-1ee2-446f-b6fd-de1a6a0d2723,GODREJCP,2026-07-02,1044.0,1077.0,1044.0,1077.0,0,2026-07-02T10:13:47.731181+00:00
b420b5a8-bf41-4845-a247-822cf93afee9,GODREJPROP,2026-07-02,1968.0,1968.0,1955.0,1968.0,0,2026-07-02T10:13:47.731181+00:00
3dd6c5ec-3163-4934-bc80-4980398252a5,GRASIM,2026-07-02,3138.0,3168.0,3138.0,3168.0,0,2026-07-02T10:13:47.731181+00:00
c3bf3ebd-6375-4516-a81d-ae9cd9e4a484,CDSL,2026-07-06,1357.0,1360.0,1352.0,1360.0,0,2026-07-06T10:08:29.690131+00:00
0c8f8e37-189c-4e01-89f6-83c170ff665c,CGPOWER,2026-07-06,894.0,922.0,894.0,921.0,0,2026-07-06T10:08:29.690131+00:00
0ae9e4ab-7ee5-4ab4-aeed-8c49b3e71e94,INDIGO,2026-07-06,5419.0,5419.0,5398.0,5403.0,0,2026-07-06T10:08:29.690131+00:00
3e4ff8db-7d7d-4e46-aee5-e55a5de211c6,INDUSINDBK,2026-07-06,958.0,992.0,958.0,992.0,0,2026-07-06T10:08:29.690131+00:00
f6b0e2b5-2956-4f74-9140-f391f233bf3c,INDUSTOWER,2026-07-06,392.0,392.0,385.0,385.0,0,2026-07-06T10:08:29.690131+00:00
8d8f032c-ac01-4f0f-8131-b14bc0d4111e,SAIL,2026-07-09,162.0,165.0,162.0,165.0,0,2026-07-09T10:13:37.065139+00:00
3c9e40b4-2356-4f4b-b0bf-26d6c10f3445,SAMMAANCAP,2026-07-09,166.0,166.0,163.0,163.0,0,2026-07-09T10:13:37.065139+00:00
7a06e819-d5eb-407d-831d-f26b7732fff1,TIINDIA,2026-07-09,2936.0,2945.0,2900.0,2912.0,0,2026-07-09T10:13:37.065139+00:00
a673fcd3-3c7e-468c-8523-2a9aeaa92714,VOLTAS,2026-07-09,1272.0,1275.0,1261.0,1264.0,0,2026-07-09T10:13:37.065139+00:00
ee0e7458-89ce-46f1-9bed-acc7ce554ff0,WIPRO,2026-07-09,173.0,174.0,173.0,173.0,0,2026-07-09T10:13:37.065139+00:00
8d0b405d-d573-4035-a986-cac069d9062c,ALKEM,2026-07-02,5546.0,5546.0,5527.0,5530.0,0,2026-07-02T10:13:47.731181+00:00
f8b9ee87-8eaf-4be7-be65-91172f891a32,AMBER,2026-07-02,7447.0,7472.0,7408.0,7408.0,0,2026-07-02T10:13:47.731181+00:00
dc1d2cb9-5963-4450-b21d-33559b295751,AMBUJACEM,2026-07-02,422.0,428.0,422.0,428.0,0,2026-07-02T10:13:47.731181+00:00
caca9e9f-2e8a-4040-8d97-9017d166d917,ASTRAL,2026-07-02,1357.0,1366.0,1357.0,1366.0,0,2026-07-02T10:13:47.731181+00:00
581ba200-8aa4-4bbb-a2ec-1992a9a53294,BAJAJ_AUTO,2026-07-02,9849.0,9849.0,9805.0,9811.0,0,2026-07-02T10:13:47.731181+00:00
fbc14bdb-63e0-4e49-9573-4b094da44f22,BAJFINANCE,2026-07-02,1017.0,1024.0,1014.0,1014.0,0,2026-07-02T10:13:47.731181+00:00
e4554b9e-2cdc-4820-a862-d7cf019f80eb,DALBHARAT,2026-07-02,1715.0,1717.0,1706.0,1717.0,0,2026-07-02T10:13:47.731181+00:00
cf0cfcc5-d057-4895-b41d-29c69b78c75e,DELHIVERY,2026-07-02,508.0,508.0,504.0,504.0,0,2026-07-02T10:13:47.731181+00:00
eada3751-1c2e-4f50-bccf-39e3a3b5273c,DIVISLAB,2026-07-02,6563.0,6574.0,6563.0,6574.0,0,2026-07-02T10:13:47.731181+00:00
801279de-e3d3-45dc-b2b7-ffb93c4fc433,DIXON,2026-07-02,11970.0,12302.0,11970.0,12300.0,0,2026-07-02T10:13:47.731181+00:00
4fadf985-b7da-434b-a91b-dea019d384fd,FEDERALBNK,2026-07-02,330.0,332.0,330.0,331.0,0,2026-07-02T10:13:47.731181+00:00
f1d2518f-718f-4cb4-81a1-1dab687ce6a7,FORTIS,2026-07-02,950.0,961.0,950.0,957.0,0,2026-07-02T10:13:47.731181+00:00
238dc0e9-3ea6-48e8-9715-d595537c13ba,PIIND,2026-07-09,2596.0,2606.0,2589.0,2601.0,0,2026-07-09T10:13:37.065139+00:00
a1f3615d-924c-41bf-8c60-2d082ab6c805,INFY,2026-07-06,1051.0,1051.0,1037.0,1043.0,0,2026-07-06T10:08:29.690131+00:00
caeb5bff-a8aa-4cd1-a2f1-0fa237bc0ce3,RVNL,2026-07-09,227.0,228.0,226.0,226.0,0,2026-07-09T10:13:37.065139+00:00
fd386719-b4b3-452c-bf1a-e219f67506f5,PETRONET,2026-07-10,281.0,282.0,277.0,281.0,0,2026-07-10T10:15:53.013733+00:00
ffaa31b5-71e3-4125-a4e3-79769ef33905,PFC,2026-07-10,400.0,409.0,400.0,407.0,0,2026-07-10T10:15:53.013733+00:00
fc3d1c09-5493-4049-b24e-16f1e9f68ee3,PGEL,2026-07-10,585.0,586.0,583.0,584.0,0,2026-07-10T10:15:53.013733+00:00
c10e3034-fdfa-44b1-81f9-69ee676664f7,PHOENIXLTD,2026-07-10,2109.0,2149.0,2109.0,2149.0,0,2026-07-10T10:15:53.013733+00:00
a72f6a11-2cb3-4712-8485-45a6843d2399,PIDILITIND,2026-07-10,1600.0,1600.0,1589.0,1600.0,0,2026-07-10T10:15:53.013733+00:00
4892eba9-c3a1-482c-9bd7-2e7816a79e0d,PIIND,2026-07-10,2620.0,2620.0,2611.0,2611.0,0,2026-07-10T10:15:53.013733+00:00
c9c6d0e9-92c7-405d-a99f-494d2b47a287,PNB,2026-07-10,103.0,106.0,103.0,106.0,0,2026-07-10T10:15:53.013733+00:00
5d683b3c-f5d7-436c-96c6-95d40b2b4e8f,PNBHOUSING,2026-07-10,1092.0,1115.0,1092.0,1110.0,0,2026-07-10T10:15:53.013733+00:00
664a0f60-f5c3-4f67-86d7-61ea9bfb8e86,OBEROIRLTY,2026-07-02,1806.0,1854.0,1806.0,1851.0,0,2026-07-02T10:13:47.731181+00:00
024db5c7-8c2c-415c-83e3-0fee688bc50d,OFSS,2026-07-02,11139.0,11170.0,10980.0,11007.0,0,2026-07-02T10:13:47.731181+00:00
4b131562-f5af-4f11-ae81-e2a1b50a653a,ONGC,2026-07-02,235.0,235.0,234.0,235.0,0,2026-07-02T10:13:47.731181+00:00
0bd61f96-ca11-4bfb-9cb7-fb0da226fea6,PAGEIND,2026-07-02,43535.0,43535.0,42990.0,42990.0,0,2026-07-02T10:13:47.731181+00:00
a6ff27c9-7ad8-419b-a642-35edce37f0c3,PATANJALI,2026-07-02,413.0,415.0,411.0,415.0,0,2026-07-02T10:13:47.731181+00:00
e7454d86-24c7-4d43-8623-5f7a8b766820,PAYTM,2026-07-02,1201.0,1226.0,1201.0,1216.0,0,2026-07-02T10:13:47.731181+00:00
2fd902e0-3b2c-45da-afc5-0b92b6ccd2b0,360ONE,2026-07-01,1083.0,1083.0,1064.0,1069.0,0,2026-07-01T10:15:40.157906+00:00
37ee94dc-ac13-44f5-bfa6-5332cf6b178c,ABB,2026-07-01,7034.0,7056.0,6963.0,6963.0,0,2026-07-01T10:15:40.157906+00:00
2359261a-bec9-4f9a-97b9-387a2aba52f2,ABCAPITAL,2026-07-01,389.0,394.0,389.0,394.0,0,2026-07-01T10:15:40.157906+00:00
dfe7867e-7ac2-4822-babf-2bd3a648655f,ADANIGREEN,2026-07-01,1499.0,1534.0,1489.0,1533.0,0,2026-07-01T10:15:40.157906+00:00
60929412-4fa4-41a4-969e-fb23129ab93a,ADANIPORTS,2026-07-01,1820.0,1860.0,1820.0,1857.0,0,2026-07-01T10:15:40.157906+00:00
6897c40a-8d55-40da-9c3c-ebc125329fa0,BDL,2026-07-01,1375.0,1377.0,1363.0,1376.0,0,2026-07-01T10:15:40.157906+00:00
602ed9b7-7ecc-4c58-8292-03ed2aca775f,PERSISTENT,2026-07-02,4484.0,4582.0,4484.0,4582.0,0,2026-07-02T10:13:47.731181+00:00
66d04f62-cf14-4c2a-aee1-f3fd902dc19c,PETRONET,2026-07-02,279.0,279.0,275.0,275.0,0,2026-07-02T10:13:47.731181+00:00
5d60abd4-aee3-49de-b3a3-306224f0267b,PFC,2026-07-02,430.0,431.0,428.0,430.0,0,2026-07-02T10:13:47.731181+00:00
4d7776e9-c685-427a-ad5c-1e5b9321b03c,PGEL,2026-07-02,551.0,564.0,535.0,564.0,0,2026-07-02T10:13:47.731181+00:00
40fbc1cb-1ee9-4876-a33f-786c08ed8ec7,PHOENIXLTD,2026-07-02,1994.0,2000.0,1994.0,2000.0,0,2026-07-02T10:13:47.731181+00:00
02f184eb-879d-4f21-af06-8100f25da3e0,CHOLAFIN,2026-07-06,1813.0,1853.0,1813.0,1853.0,0,2026-07-06T10:08:29.690131+00:00
828d2268-db32-46f5-8a9c-104299aa2e99,CIPLA,2026-07-06,1467.0,1842.0,1457.0,1464.0,0,2026-07-06T10:08:29.690131+00:00
19ecf8cc-b318-4931-9e88-19ab8011c4a4,COALINDIA,2026-07-06,443.0,443.0,437.0,438.0,0,2026-07-06T10:08:29.690131+00:00
6116e4e2-9352-4381-b441-e29b8ba48615,COCHINSHIP,2026-07-06,1538.0,1538.0,1525.0,1532.0,0,2026-07-06T10:08:29.690131+00:00
3976e236-ba40-41b3-bf43-b091f3533a41,COLPAL,2026-07-06,2064.0,2078.0,1520.0,2078.0,0,2026-07-06T10:08:29.690131+00:00
60485d56-a67f-4faf-b0c1-d9333cb219fc,CONCOR,2026-07-06,490.0,490.0,482.0,482.0,0,2026-07-06T10:08:29.690131+00:00
1a8df80a-c4a3-4e53-88ed-f093f98e3b78,CROMPTON,2026-07-06,272.0,274.0,272.0,272.0,0,2026-07-06T10:08:29.690131+00:00
54fdf359-5a80-4377-8621-db01a6046593,CUMMINSIND,2026-07-06,5533.0,5551.0,5525.0,5551.0,0,2026-07-06T10:08:29.690131+00:00
573b4084-aab9-4a35-a15e-e817ea8ea227,HINDPETRO,2026-07-06,399.0,403.0,399.0,401.0,0,2026-07-06T10:08:29.690131+00:00
4afc3a38-ea55-4cad-b0fb-1c5cd3f5953a,MUTHOOTFIN,2026-07-07,3129.0,3129.0,3090.0,3129.0,0,2026-07-07T10:10:45.558638+00:00
fad9cfe1-cac9-4fcb-9c91-a514f43523a6,NATIONALUM,2026-07-07,342.0,351.0,342.0,342.0,0,2026-07-07T10:10:45.558638+00:00
64addef6-e591-4567-94de-3f51218f4965,NAUKRI,2026-07-07,1163.0,1163.0,1025.0,1163.0,0,2026-07-07T10:10:45.558638+00:00
7d8d8606-3710-426f-ac7f-9e5590032b52,NBCC,2026-07-07,99.0,99.0,98.0,99.0,0,2026-07-07T10:10:45.558638+00:00
3189d455-badc-4798-a721-b87027ce0108,NCC,2026-07-07,149.0,151.0,149.0,149.0,0,2026-07-07T10:10:45.558638+00:00
87c44321-0afd-42e7-aabe-e3487babebbd,NYKAA,2026-07-07,315.0,316.0,314.0,315.0,0,2026-07-07T10:10:45.558638+00:00
cb0365bb-4bc3-46e9-b69a-f5e229532600,ONGC,2026-07-07,243.0,245.0,243.0,243.0,0,2026-07-07T10:10:45.558638+00:00
e9a62f79-286c-4bcd-83cd-d9202980b7db,PAYTM,2026-07-07,1236.0,1236.0,1216.0,1236.0,0,2026-07-07T10:10:45.558638+00:00
50fa3126-4feb-4259-babb-a377ffa30887,PETRONET,2026-07-07,281.0,281.0,276.0,281.0,0,2026-07-07T10:10:45.558638+00:00
ce0b5405-a329-4c13-b8bd-8a8e913d0df8,PNB,2026-07-07,104.0,104.0,104.0,104.0,0,2026-07-07T10:10:45.558638+00:00
b67ade59-1773-4f07-9dcf-d2b62c874bed,PNBHOUSING,2026-07-07,1097.0,1097.0,1082.0,1097.0,0,2026-07-07T10:10:45.558638+00:00
cba84c5c-a198-485c-8e82-e1e25b67a099,POLICYBZR,2026-07-07,1611.0,1611.0,1572.0,1611.0,0,2026-07-07T10:10:45.558638+00:00
9e4ce059-2b73-49a7-9110-3dc7afd5455b,PPLPHARMA,2026-07-07,177.0,178.0,177.0,177.0,0,2026-07-07T10:10:45.558638+00:00
5d1ea7a4-36c1-4a9b-8098-050038d7adb6,RBLBANK,2026-07-07,375.0,375.0,372.0,375.0,0,2026-07-07T10:10:45.558638+00:00
443f242d-c817-4f79-bb46-50ef0f276f06,RECLTD,2026-07-07,356.0,362.0,356.0,356.0,0,2026-07-07T10:10:45.558638+00:00
8932f8f8-b213-44cb-8a60-952fb3200d9a,SAMMAANCAP,2026-07-07,170.0,173.0,170.0,170.0,0,2026-07-07T10:10:45.558638+00:00
b3c12b63-20c4-42c5-90fa-8fda567844a4,CGPOWER,2026-07-10,911.0,920.0,911.0,920.0,0,2026-07-10T10:15:53.013733+00:00
c158ec08-cd36-4fb7-b708-56fe2aafb183,CHOLAFIN,2026-07-10,1818.0,1820.0,1792.0,1809.0,0,2026-07-10T10:15:53.013733+00:00
4584ecea-4c17-406d-a7c1-273732f15841,COCHINSHIP,2026-07-10,1417.0,1425.0,1417.0,1421.0,0,2026-07-10T10:15:53.013733+00:00
f94dac30-d484-4299-9555-631862377231,COLPAL,2026-07-10,2057.0,2067.0,2051.0,2052.0,0,2026-07-10T10:15:53.013733+00:00
52ed41e5-e98b-452b-9411-0e92b8fbc6a1,NUVAMA,2026-07-02,1798.0,1807.0,1798.0,1807.0,0,2026-07-02T10:13:47.731181+00:00
18ebe958-095b-4573-8261-fe02e68d1245,DMART,2026-07-08,4041.0,4067.0,4026.0,4026.0,0,2026-07-08T10:11:15.313523+00:00
5cdcfe40-02a4-40b8-9426-4cca5ab9b388,SBILIFE,2026-07-08,1835.0,1840.0,1835.0,1836.0,0,2026-07-08T10:11:15.313523+00:00
7c14fc9b-c642-4b3d-821a-31d0a7fc62c4,TATAPOWER,2026-07-08,375.0,376.0,372.0,372.0,0,2026-07-08T10:11:15.313523+00:00
7ccf2f0b-33c8-401c-860f-3fb29e2bedf9,TATASTEEL,2026-07-08,188.0,189.0,188.0,188.0,0,2026-07-08T10:11:15.313523+00:00
90ebc744-42b6-4e16-bca8-7a5b0366efab,UNITDSPR,2026-07-08,1406.0,1422.0,1406.0,1422.0,0,2026-07-08T10:11:15.313523+00:00
fe70c28c-219a-4573-91f4-87272984e128,UPL,2026-07-08,603.0,603.0,581.0,581.0,0,2026-07-08T10:11:15.313523+00:00
8fd1a8c2-9ea6-4d65-8008-32dcc22a4edf,ADANIGREEN,2026-07-08,1528.0,1553.0,1517.0,1517.0,0,2026-07-08T10:11:15.313523+00:00
32b76281-86e0-4ac8-bba4-dd7ea2b1fd80,BANDHANBNK,2026-07-08,206.0,206.0,200.0,200.0,0,2026-07-08T10:11:15.313523+00:00
bf60a389-623f-4c9b-8ecd-2288974aade1,BANKINDIA,2026-07-08,139.0,139.0,136.0,136.0,0,2026-07-08T10:11:15.313523+00:00
75b74a29-9a68-402a-9bcf-38c4d2afa9e5,CROMPTON,2026-07-08,267.0,269.0,259.0,259.0,0,2026-07-08T10:11:15.313523+00:00
b4b90938-779e-4d22-8a5e-8ad2773a278f,DALBHARAT,2026-07-08,1777.0,1779.0,1775.0,1779.0,0,2026-07-08T10:11:15.313523+00:00
aee0228f-6c45-4f68-8177-163f890764dc,HEROMOTOCO,2026-07-08,4998.0,4998.0,4949.0,4949.0,0,2026-07-08T10:11:15.313523+00:00
df0300be-3ff8-4a27-84dc-09870f293538,BIOCON,2026-07-09,404.0,408.0,401.0,403.0,0,2026-07-09T10:13:37.065139+00:00
307a4340-b40d-41ab-b287-30b3b24c6533,CDSL,2026-07-09,1350.0,1350.0,1346.0,1346.0,0,2026-07-09T10:13:37.065139+00:00
901efb45-a33b-4764-a1a1-65ba95ecdab5,CGPOWER,2026-07-09,917.0,917.0,905.0,911.0,0,2026-07-09T10:13:37.065139+00:00
4429c5fc-4f00-4fcd-ab02-153fe9ec5579,PHOENIXLTD,2026-07-01,1951.0,1998.0,1951.0,1998.0,0,2026-07-01T10:15:40.157906+00:00
de93e208-1a8c-4183-b8d1-f6805f695587,PIDILITIND,2026-07-01,1592.0,1592.0,1584.0,1584.0,0,2026-07-01T10:15:40.157906+00:00
6b4a31bd-457d-4d51-b669-8c291ca36ffa,PIIND,2026-07-01,2561.0,2578.0,2561.0,2577.0,0,2026-07-01T10:15:40.157906+00:00
20667ac8-379f-4629-adf5-82c0758e7a66,PNB,2026-07-01,107.0,108.0,107.0,107.0,0,2026-07-01T10:15:40.157906+00:00
885a6625-a6be-4517-8312-2e296d47326f,PNBHOUSING,2026-07-01,1063.0,1063.0,1049.0,1052.0,0,2026-07-01T10:15:40.157906+00:00
17cbe535-9c83-414e-83bb-768f142404f1,POLICYBZR,2026-07-01,1657.0,1657.0,1651.0,1651.0,0,2026-07-01T10:15:40.157906+00:00
4ed8977c-3a8a-4e87-baf4-8f151f5817e5,POLYCAB,2026-07-01,9852.0,9852.0,9759.0,9759.0,0,2026-07-01T10:15:40.157906+00:00
7bbfd0ef-f6c7-4b43-ab0a-6d6006e110bc,POWERGRID,2026-07-01,286.0,288.0,286.0,287.0,0,2026-07-01T10:15:40.157906+00:00
b9588c89-04c2-419a-8938-d0ac91014018,PPLPHARMA,2026-07-01,172.0,172.0,168.0,169.0,0,2026-07-01T10:15:40.157906+00:00
ac427928-9cb6-4ec6-9c1f-bbdeaf13e885,PRESTIGE,2026-07-01,1576.0,1617.0,1575.0,1575.0,0,2026-07-01T10:15:40.157906+00:00
411de680-965c-4a65-b643-718134f30dc6,IDFCFIRSTB,2026-07-07,81.0,81.0,81.0,81.0,0,2026-07-07T10:10:45.558638+00:00
77a6c693-f4ed-4dbb-9769-c116d159b8f7,KAYNES,2026-07-07,3312.0,3350.0,3311.0,3312.0,0,2026-07-07T10:10:45.558638+00:00
8b5773b7-c619-4485-aade-46995efe886f,LAURUSLABS,2026-07-07,1518.0,1518.0,1518.0,1518.0,0,2026-07-07T10:10:45.558638+00:00
4d8bb925-2547-412f-89c7-2aa1eaec70fc,LICHSGFIN,2026-07-07,543.0,547.0,543.0,543.0,0,2026-07-07T10:10:45.558638+00:00
5cb7b0a9-b35c-4207-81b3-24aaff3c5806,LTM,2026-07-07,3861.0,3861.0,3813.0,3861.0,0,2026-07-07T10:10:45.558638+00:00
0cf292b4-1101-4628-8127-ef7a7b1cd9f7,MARUTI,2026-07-07,14538.0,14565.0,14503.0,14538.0,0,2026-07-07T10:10:45.558638+00:00
24ca14bb-86f1-4efb-842c-83206532cb55,MAXHEALTH,2026-07-07,1119.0,1145.0,1119.0,1119.0,0,2026-07-07T10:10:45.558638+00:00
987339bc-d963-4e5b-99ed-96c82e3278b7,UNIONBANK,2026-07-07,161.0,162.0,161.0,161.0,0,2026-07-07T10:10:45.558638+00:00
b9908ea3-5c7b-4ec6-a7cc-e80fc495cacf,VBL,2026-07-07,486.0,493.0,486.0,486.0,0,2026-07-07T10:10:45.558638+00:00
102e4b23-9749-4aab-9682-a424846273cb,VEDL,2026-07-07,277.0,278.0,277.0,277.0,0,2026-07-07T10:10:45.558638+00:00
14c664ac-0d96-4a62-9314-2645f86dbfd7,MANKIND,2026-07-10,2543.0,2545.0,2511.0,2511.0,0,2026-07-10T10:15:53.013733+00:00
2db775a5-ecec-4749-8938-9a4d62baaee8,MARICO,2026-07-10,856.0,856.0,851.0,851.0,0,2026-07-10T10:15:53.013733+00:00
49fed758-1f55-4347-9620-29f7d285a21d,MAZDOCK,2026-07-10,2383.0,2383.0,2383.0,2383.0,0,2026-07-10T10:15:53.013733+00:00
e913e7ae-16f3-40d6-9521-0f812e9a5ad3,MFSL,2026-07-10,1593.0,1593.0,1579.0,1593.0,0,2026-07-10T10:15:53.013733+00:00
900c4cb2-e003-476f-b7b2-402d1520db09,DABUR,2026-07-08,448.0,448.0,442.0,442.0,0,2026-07-08T10:11:15.313523+00:00
f9f1ff4c-aad5-493b-ad5d-3d07a10e29f9,DELHIVERY,2026-07-08,515.0,518.0,515.0,518.0,0,2026-07-08T10:11:15.313523+00:00
ace7dacd-8994-4a82-9aed-ce9167c96026,DIVISLAB,2026-07-08,6807.0,6820.0,6754.0,6763.0,0,2026-07-08T10:11:15.313523+00:00
54f41272-75fe-4203-8c5d-737d5016ab2d,DIXON,2026-07-08,13199.0,13310.0,13198.0,13198.0,0,2026-07-08T10:11:15.313523+00:00
21c94b45-5684-42f1-ad37-6b77b9e62afc,DRREDDY,2026-07-08,1374.0,1374.0,1363.0,1363.0,0,2026-07-08T10:11:15.313523+00:00
7b5836c2-9b9d-428c-8817-bcbf9ad766a1,EICHERMOT,2026-07-08,7568.0,7568.0,7449.0,7449.0,0,2026-07-08T10:11:15.313523+00:00
f16db045-e7a4-4b68-a652-773163698f81,ETERNAL,2026-07-08,287.0,293.0,287.0,287.0,0,2026-07-08T10:11:15.313523+00:00
405c0016-d080-4b22-b5ca-473b0078400f,EXIDEIND,2026-07-08,415.0,423.0,415.0,422.0,0,2026-07-08T10:11:15.313523+00:00
ab61b132-84f7-44e7-a02d-5977cf243a05,FEDERALBNK,2026-07-08,329.0,330.0,329.0,330.0,0,2026-07-08T10:11:15.313523+00:00
27c15f2e-1608-4245-99be-e63cc3d87334,HDFCAMC,2026-07-08,2766.0,2793.0,2658.0,2658.0,0,2026-07-08T10:11:15.313523+00:00
57631b55-cdfa-4d7c-bf2c-26514dd7e3d7,HDFCBANK,2026-07-08,828.0,830.0,811.0,827.0,0,2026-07-08T10:11:15.313523+00:00
4ec6f751-162e-47ca-95bc-a717a15cb6f7,BDL,2026-07-02,1376.0,1386.0,1373.0,1386.0,0,2026-07-02T10:13:47.731181+00:00
33651190-b2c9-4841-a25c-064f55fb4aa2,CHOLAFIN,2026-07-02,1799.0,1805.0,1793.0,1793.0,0,2026-07-02T10:13:47.731181+00:00
cf4fd583-7bb3-4d73-833e-6606e64587c3,HAL,2026-07-02,4443.0,4446.0,4427.0,4434.0,0,2026-07-02T10:13:47.731181+00:00
f6d1e504-a385-4daa-92c1-a6f5144bbb3a,HAVELLS,2026-07-02,1194.0,1196.0,1187.0,1187.0,0,2026-07-02T10:13:47.731181+00:00
6925baae-4197-4b5d-9b06-3f60874f0fcc,HCLTECH,2026-07-02,1039.0,1072.0,1039.0,1072.0,0,2026-07-02T10:13:47.731181+00:00
7dd1f8ea-d6b7-4aaf-880f-8b64ff38a4d8,HDFCAMC,2026-07-02,2753.0,2765.0,2750.0,2761.0,0,2026-07-02T10:13:47.731181+00:00
ecca01e7-1f15-482e-b8fa-addd6c79eaff,HDFCBANK,2026-07-02,801.0,804.0,798.0,798.0,0,2026-07-02T10:13:47.731181+00:00
9201ffd7-88e6-45eb-a14e-0271da22db85,ONGC,2026-07-01,235.0,235.0,234.0,234.0,0,2026-07-01T10:15:40.157906+00:00
eb80f918-89e2-4076-9223-1e8b511ba2db,PAGEIND,2026-07-01,41480.0,43535.0,41480.0,43535.0,0,2026-07-01T10:15:40.157906+00:00
5902543a-f205-415b-9f56-678821a1c0e6,PATANJALI,2026-07-01,412.0,413.0,412.0,413.0,0,2026-07-01T10:15:40.157906+00:00
4b56c82e-06ab-41ac-80a0-960e591ca4d4,PAYTM,2026-07-01,1167.0,1201.0,1167.0,1201.0,0,2026-07-01T10:15:40.157906+00:00
310614f8-6e0e-4f82-9544-8b92d498ae8c,PERSISTENT,2026-07-01,4291.0,4389.0,4291.0,4330.0,0,2026-07-01T10:15:40.157906+00:00
f8fa1883-346a-42ea-bf36-247b2a93fcf4,PETRONET,2026-07-01,280.0,281.0,278.0,279.0,0,2026-07-01T10:15:40.157906+00:00
bb6975fc-d545-4573-b3a0-9dba353982f6,PFC,2026-07-01,427.0,431.0,424.0,430.0,0,2026-07-01T10:15:40.157906+00:00
fa7959ff-f281-4952-a0c2-6f7305212d50,PGEL,2026-07-01,535.0,551.0,535.0,551.0,0,2026-07-01T10:15:40.157906+00:00
eac8eeb7-a9be-4fd9-8a71-52daf422c3d6,HFCL,2026-07-02,212.0,212.0,202.0,203.0,0,2026-07-02T10:13:47.731181+00:00
e0c93241-cb7f-4090-8326-e766b10bb070,HINDPETRO,2026-07-02,401.0,403.0,401.0,401.0,0,2026-07-02T10:13:47.731181+00:00
6700d7a0-f07a-4888-b8be-936f0d49df80,HINDUNILVR,2026-07-02,2182.0,2195.0,2182.0,2195.0,0,2026-07-02T10:13:47.731181+00:00
628debdd-ef3e-4f99-943d-21a8f5c882e0,HINDZINC,2026-07-02,531.0,532.0,529.0,530.0,0,2026-07-02T10:13:47.731181+00:00
72cb0978-0b06-43df-aea0-ef51a9b97cef,ICICIBANK,2026-07-02,1387.0,1404.0,1373.0,1404.0,0,2026-07-02T10:13:47.731181+00:00
69c20bc1-ea69-4fe5-904c-a480183f5e1d,ICICIGI,2026-07-02,1751.0,1760.0,1746.0,1758.0,0,2026-07-02T10:13:47.731181+00:00
d4e72bf4-78d1-458e-8c6f-7dc2aa82ebb5,ICICIPRULI,2026-07-02,492.0,496.0,492.0,496.0,0,2026-07-02T10:13:47.731181+00:00
4da47a39-1827-466c-814c-94e12bf92b41,IDFCFIRSTB,2026-07-02,79.0,79.0,79.0,79.0,0,2026-07-02T10:13:47.731181+00:00
09f63bdd-936c-422f-bf9c-5c4c96ad6a8c,IEX,2026-07-02,124.0,124.0,123.0,123.0,0,2026-07-02T10:13:47.731181+00:00
944ecf80-00f3-443b-a0de-5c05bb0405b1,IOC,2026-07-02,142.0,143.0,142.0,143.0,0,2026-07-02T10:13:47.731181+00:00
47c284f0-6845-4873-a31e-35fed08955a2,KALYANKJIL,2026-07-02,387.0,388.0,384.0,386.0,0,2026-07-02T10:13:47.731181+00:00
8f51cd46-2985-4b17-a842-c74dc4f1432a,KAYNES,2026-07-02,3149.0,3175.0,3149.0,3157.0,0,2026-07-02T10:13:47.731181+00:00
d78bf6ba-e38c-477d-a517-6e241d78290b,HDFCLIFE,2026-07-08,572.0,573.0,567.0,567.0,0,2026-07-08T10:11:15.313523+00:00
c76dc806-a8cb-4934-b7f0-6d9c060c95cb,HFCL,2026-07-08,222.0,223.0,221.0,222.0,0,2026-07-08T10:11:15.313523+00:00
02d67f4d-efc7-406f-b2d6-ec40c02bc1f3,HINDPETRO,2026-07-08,391.0,394.0,387.0,387.0,0,2026-07-08T10:11:15.313523+00:00
9376721d-bd39-4aaf-8640-931cdd8ea0e8,HINDZINC,2026-07-08,532.0,542.0,531.0,531.0,0,2026-07-08T10:11:15.313523+00:00
75260416-8c45-4196-87d1-cce52bd3dc75,HUDCO,2026-07-08,209.0,211.0,209.0,210.0,0,2026-07-08T10:11:15.313523+00:00
2564a1ff-4e4e-4da2-9883-a0d18d29e987,ICICIBANK,2026-07-08,1425.0,1425.0,1381.0,1381.0,0,2026-07-08T10:11:15.313523+00:00
9f318c94-e7ad-476d-a81a-e15a49a6c17b,ICICIGI,2026-07-08,1793.0,1825.0,1793.0,1825.0,0,2026-07-08T10:11:15.313523+00:00
6211939e-8028-40ae-8490-02db7089a029,ICICIPRULI,2026-07-08,488.0,492.0,481.0,481.0,0,2026-07-08T10:11:15.313523+00:00
6cef2182-ee5d-46c0-ba67-47a8c99a99e1,IDEA,2026-07-08,14.0,14.0,14.0,14.0,0,2026-07-08T10:11:15.313523+00:00
cd041705-0478-4aa8-9d3e-d9070fdcd7f5,IEX,2026-07-08,121.0,123.0,120.0,120.0,0,2026-07-08T10:11:15.313523+00:00
1c7c00c8-f3a6-4a4e-9a52-1c0a1b18a387,JIOFIN,2026-07-08,244.0,244.0,231.0,231.0,0,2026-07-08T10:11:15.313523+00:00
bc19209a-d981-4bb3-b3ab-592530d35541,MOTHERSON,2026-07-10,143.0,144.0,143.0,143.0,0,2026-07-10T10:15:53.013733+00:00
0090f52d-13e4-46ea-8bc0-44c8305a2941,JSWENERGY,2026-07-08,547.0,547.0,540.0,540.0,0,2026-07-08T10:11:15.313523+00:00
cd3d565b-6c2a-48e3-843b-91e650f32055,LICI,2026-07-08,433.0,439.0,433.0,437.0,0,2026-07-08T10:11:15.313523+00:00
f7bb2ebc-d8cb-40c4-98b6-30b9907752f7,LODHA,2026-07-08,1101.0,1151.0,1101.0,1106.0,0,2026-07-08T10:11:15.313523+00:00
c0df51dd-9e55-4135-85c6-82492c246308,LTM,2026-07-08,3861.0,3861.0,3789.0,3789.0,0,2026-07-08T10:11:15.313523+00:00
64fa1280-3496-4e73-b842-a643dd811909,LUPIN,2026-07-08,2525.0,2525.0,2492.0,2492.0,0,2026-07-08T10:11:15.313523+00:00
49afa5c8-58ae-4845-b05d-e16f9906131a,M&M,2026-07-08,3195.0,3195.0,3139.0,3139.0,0,2026-07-08T10:11:15.313523+00:00
cdd52995-e0c8-40a4-bbef-8a4557eac7e9,MAZDOCK,2026-07-08,2527.0,2527.0,2508.0,2508.0,0,2026-07-08T10:11:15.313523+00:00
058126ef-1e3d-46d4-b408-86b42cd00544,UPL,2026-07-01,573.0,573.0,566.0,566.0,0,2026-07-01T10:15:40.157906+00:00
b73b0e27-91b9-452f-a1fe-8b03c2df336c,VBL,2026-07-01,506.0,520.0,506.0,519.0,0,2026-07-01T10:15:40.157906+00:00
023146ee-28d4-4ced-a027-1cc200b6d718,VEDL,2026-07-01,279.0,280.0,276.0,280.0,0,2026-07-01T10:15:40.157906+00:00
8810df5d-c14b-4414-8eda-45851051c1eb,VOLTAS,2026-07-01,1280.0,1281.0,1275.0,1281.0,0,2026-07-01T10:15:40.157906+00:00
e4ea6a14-6fdf-49f8-ad66-b08c39907378,WIPRO,2026-07-01,172.0,172.0,170.0,172.0,0,2026-07-01T10:15:40.157906+00:00
abc5d151-4598-41df-b725-ce8d03b93adb,LICI,2026-07-02,436.0,436.0,431.0,432.0,0,2026-07-02T10:13:47.731181+00:00
fbfbaff0-bdd2-443f-ae9f-4b5622311833,CROMPTON,2026-07-07,267.0,272.0,267.0,267.0,0,2026-07-07T10:10:45.558638+00:00
0398b9e1-3430-4ec6-9b3b-60169270af7b,CUMMINSIND,2026-07-07,5465.0,5465.0,5451.0,5465.0,0,2026-07-07T10:10:45.558638+00:00
dbe43d65-e969-47c1-973d-57f0b888660b,DALBHARAT,2026-07-07,1782.0,1793.0,1769.0,1782.0,0,2026-07-07T10:10:45.558638+00:00
eb3506b5-a811-47ef-8cc5-bbb921ec26ad,DIXON,2026-07-07,13199.0,13199.0,13199.0,13199.0,0,2026-07-07T10:10:45.558638+00:00
213167f9-a280-45da-b06a-c0e1f7a6d074,DLF,2026-07-07,653.0,678.0,653.0,653.0,0,2026-07-07T10:10:45.558638+00:00
0a0af78d-a893-49d1-b8c6-551eda64185f,DMART,2026-07-07,4070.0,4070.0,4050.0,4070.0,0,2026-07-07T10:10:45.558638+00:00
06e51f1b-3c03-4937-9f0b-fdb9181dfd6c,ETERNAL,2026-07-07,290.0,290.0,283.0,290.0,0,2026-07-07T10:10:45.558638+00:00
c2f2a827-7d99-4058-9c71-5886562bf7a1,EXIDEIND,2026-07-07,415.0,420.0,410.0,415.0,0,2026-07-07T10:10:45.558638+00:00
db07995e-a1d3-47ea-8570-e7c7e1c520f7,HINDUNILVR,2026-07-07,2213.0,2213.0,2202.0,2213.0,0,2026-07-07T10:10:45.558638+00:00
9c822003-1a3d-4fb5-8c00-271432433443,MCX,2026-07-07,2595.0,2743.0,2595.0,2595.0,0,2026-07-07T10:10:45.558638+00:00
018c9ce2-1d16-437d-a2ba-4308f6676782,MFSL,2026-07-07,1597.0,1597.0,1590.0,1597.0,0,2026-07-07T10:10:45.558638+00:00
8cbc0d9a-7924-4c1d-9b84-cf13d860eab2,ABCAPITAL,2026-07-02,390.0,397.0,390.0,393.0,0,2026-07-02T10:13:47.731181+00:00
825e05fc-ff4d-411b-af8b-c82f87a2b483,CIPLA,2026-07-02,1458.0,1463.0,1457.0,1457.0,0,2026-07-02T10:13:47.731181+00:00
25d8b058-629f-477e-870b-03bbb99dae41,COALINDIA,2026-07-02,434.0,437.0,433.0,437.0,0,2026-07-02T10:13:47.731181+00:00
da2bb2b5-3c32-49bf-9528-a935191764cd,COCHINSHIP,2026-07-02,1505.0,1520.0,1505.0,1520.0,0,2026-07-02T10:13:47.731181+00:00
0bbe4fd1-1679-452a-b93f-c36a73db7489,COLPAL,2026-07-02,2065.0,2065.0,2040.0,2061.0,0,2026-07-02T10:13:47.731181+00:00
568b9b10-97db-4dfb-a8fe-f9ff35dd69d7,CONCOR,2026-07-02,482.0,482.0,475.0,478.0,0,2026-07-02T10:13:47.731181+00:00
7f252898-f790-43e6-beea-437f2c29407e,CROMPTON,2026-07-02,272.0,273.0,270.0,273.0,0,2026-07-02T10:13:47.731181+00:00
10a19263-ca97-4980-b50f-ebe19c4e8abf,CUMMINSIND,2026-07-02,5657.0,5657.0,5588.0,5588.0,0,2026-07-02T10:13:47.731181+00:00
111e8e56-b67b-4506-af79-7546ff78cc44,CYIENT,2026-07-02,868.0,870.0,868.0,870.0,0,2026-07-02T10:13:47.731181+00:00
3c017f9d-6a72-4d62-af6f-82049d12861e,DABUR,2026-07-02,439.0,448.0,432.0,448.0,0,2026-07-02T10:13:47.731181+00:00
a645398d-7f4a-4c52-87b4-d8bf285063b9,DMART,2026-07-02,4246.0,4246.0,4199.0,4199.0,0,2026-07-02T10:13:47.731181+00:00
4a78a175-9c9c-41fc-a53a-56bd9d99395f,DRREDDY,2026-07-02,1340.0,1348.0,1340.0,1348.0,0,2026-07-02T10:13:47.731181+00:00
347f6f34-29b3-4a90-9bb2-630895b250c7,EICHERMOT,2026-07-02,7108.0,7235.0,7108.0,7235.0,0,2026-07-02T10:13:47.731181+00:00
ec8b96a4-c534-4f8d-b37e-a8fcb271703b,ETERNAL,2026-07-02,285.0,285.0,275.0,281.0,0,2026-07-02T10:13:47.731181+00:00
5c9dd29e-b024-4941-9b6f-2f221030a992,EXIDEIND,2026-07-02,390.0,420.0,390.0,418.0,0,2026-07-02T10:13:47.731181+00:00
0cd89c80-f136-4a5b-92c6-cbf7ecacfb52,IGL,2026-07-02,158.0,169.0,156.0,156.0,0,2026-07-02T10:13:47.731181+00:00
491be6c5-9659-4b9b-9506-f809455e7871,KEI,2026-07-02,5256.0,5256.0,5245.0,5254.0,0,2026-07-02T10:13:47.731181+00:00
08afdbf2-0707-4548-ab8f-30b2b9471f87,KFINTECH,2026-07-02,884.0,939.0,879.0,881.0,0,2026-07-02T10:13:47.731181+00:00
b4daf05a-a493-4d76-b731-afceaf86651d,LAURUSLABS,2026-07-02,1493.0,1528.0,1493.0,1528.0,0,2026-07-02T10:13:47.731181+00:00
9d17cbe4-dc8d-4898-87cd-621e0b5ed5dc,LICHSGFIN,2026-07-02,555.0,556.0,552.0,552.0,0,2026-07-02T10:13:47.731181+00:00
44f55e41-674b-4d9a-a832-221234c85443,TECHM,2026-07-01,1392.0,1392.0,1363.0,1363.0,0,2026-07-01T10:15:40.157906+00:00
ae44d7c3-ce18-4fdc-88a5-691f5089fe09,TIINDIA,2026-07-01,3047.0,3068.0,3047.0,3063.0,0,2026-07-01T10:15:40.157906+00:00
3e92a48a-3df5-472e-b0a3-01a010e51270,TITAN,2026-07-01,4486.0,4486.0,4418.0,4418.0,0,2026-07-01T10:15:40.157906+00:00
2d152157-096f-4b40-b320-48c6de251aeb,TMPV,2026-07-01,352.0,354.0,347.0,348.0,0,2026-07-01T10:15:40.157906+00:00
96f8b27e-edd5-4950-85b1-04f5403d040b,TORNTPHARM,2026-07-01,4649.0,4649.0,4613.0,4613.0,0,2026-07-01T10:15:40.157906+00:00
15d28000-62dc-4664-91d2-2d60a4b7b66b,TORNTPOWER,2026-07-01,1424.0,1428.0,1407.0,1407.0,0,2026-07-01T10:15:40.157906+00:00
f5b98ce9-51ee-4178-879a-c1dccbdd3107,TRENT,2026-07-01,3270.0,3288.0,3266.0,3288.0,0,2026-07-01T10:15:40.157906+00:00
1849c506-a8ea-4325-ae22-a289769bc936,TVSMOTOR,2026-07-01,3468.0,3504.0,3468.0,3499.0,0,2026-07-01T10:15:40.157906+00:00
b53f3184-6455-41c3-8613-178eac259de2,ULTRACEMCO,2026-07-01,11374.0,11451.0,11374.0,11451.0,0,2026-07-01T10:15:40.157906+00:00
c00cb8a9-391b-44e3-9877-07a5e7b48a09,UNIONBANK,2026-07-01,173.0,174.0,173.0,174.0,0,2026-07-01T10:15:40.157906+00:00
821b1855-94f7-4073-af3d-36fec6ddbe69,UNITDSPR,2026-07-01,1356.0,1366.0,1355.0,1355.0,0,2026-07-01T10:15:40.157906+00:00
92b86437-355c-4728-923d-fcccfea33b51,UNOMINDA,2026-07-01,1088.0,1098.0,1086.0,1087.0,0,2026-07-01T10:15:40.157906+00:00
505e257e-0885-41f7-abff-110690b7e8dc,MOTHERSON,2026-07-07,143.0,144.0,143.0,143.0,0,2026-07-07T10:10:45.558638+00:00
1f52586f-102d-4460-bac4-8724a0d23c79,MOTILALOFS,2026-07-07,948.0,948.0,946.0,948.0,0,2026-07-07T10:10:45.558638+00:00
5dd40d91-87d3-44a5-a3d5-b861b18eb1a3,MPHASIS,2026-07-07,2356.0,2356.0,2356.0,2356.0,0,2026-07-07T10:10:45.558638+00:00
a0aabebf-2727-482f-989d-96f0f68d56b1,NHPC,2026-07-07,79.0,80.0,79.0,79.0,0,2026-07-07T10:10:45.558638+00:00
cdbbe072-1506-4c28-8c01-8abb676a69c8,NMDC,2026-07-07,84.0,84.0,84.0,84.0,0,2026-07-07T10:10:45.558638+00:00
391258b6-b785-40ae-870a-db01cb2374be,RELIANCE,2026-07-07,1314.0,1322.0,1314.0,1314.0,0,2026-07-07T10:10:45.558638+00:00
dec44265-a33a-4cf0-a3ec-d49b9bf662b7,RVNL,2026-07-07,232.0,232.0,232.0,232.0,0,2026-07-07T10:10:45.558638+00:00
993c65cf-8419-4844-9135-42d24104c375,SAIL,2026-07-07,165.0,170.0,165.0,165.0,0,2026-07-07T10:10:45.558638+00:00
8f998273-a14e-4560-b2e8-6bfd8ff3ba57,BRITANNIA,2026-07-08,5427.0,5429.0,5427.0,5429.0,0,2026-07-08T10:11:15.313523+00:00
254f9c5f-fe05-446f-90bd-f34cf136b2a6,CAMS,2026-07-08,770.0,773.0,761.0,761.0,0,2026-07-08T10:11:15.313523+00:00
4a2afd22-5248-4c80-8c5a-19193c8de1cb,CANBK,2026-07-08,123.0,124.0,122.0,122.0,0,2026-07-08T10:11:15.313523+00:00
da2b2e17-bb81-4843-bf26-bed61cb37eaf,CDSL,2026-07-08,1346.0,1359.0,1346.0,1350.0,0,2026-07-08T10:11:15.313523+00:00
12cfc6bb-bb73-4ab7-bf83-2926812a82ac,HINDALCO,2026-07-08,966.0,976.0,966.0,968.0,0,2026-07-08T10:11:15.313523+00:00
f982ac97-e11e-471d-9f0a-4d7309d86a08,INDHOTEL,2026-07-08,746.0,746.0,735.0,738.0,0,2026-07-08T10:11:15.313523+00:00
537cc4dd-87db-4664-b150-b712349a77af,INDIANB,2026-07-08,781.0,793.0,772.0,772.0,0,2026-07-08T10:11:15.313523+00:00
ef5a2cbb-66d6-461f-8298-0e12e1634b82,ITC,2026-07-08,286.0,286.0,282.0,282.0,0,2026-07-08T10:11:15.313523+00:00
b4c4e13d-21ba-4cb6-beb5-551446fb6270,JINDALSTEL,2026-07-08,1039.0,1044.0,1023.0,1023.0,0,2026-07-08T10:11:15.313523+00:00
dc5696c2-bb8e-4e7f-b62d-fef17ab9f5dc,NATIONALUM,2026-07-08,342.0,354.0,342.0,354.0,0,2026-07-08T10:11:15.313523+00:00
59194493-f684-43c6-9c2a-3db4f2676cdf,NYKAA,2026-07-08,317.0,324.0,317.0,322.0,0,2026-07-08T10:11:15.313523+00:00
c697f8a8-5dd6-4bd0-851b-3ca7e806190c,OBEROIRLTY,2026-07-08,1918.0,1918.0,1901.0,1904.0,0,2026-07-08T10:11:15.313523+00:00
824fed7e-5c70-4dd5-b7ae-9918a15f94eb,OFSS,2026-07-08,11079.0,11105.0,10957.0,10957.0,0,2026-07-08T10:11:15.313523+00:00
91a31e16-1730-4343-8913-e1940263c762,PNBHOUSING,2026-07-08,1090.0,1106.0,1075.0,1075.0,0,2026-07-08T10:11:15.313523+00:00
ad7f39a8-ac80-4c7d-9a35-bec9de114b3a,RELIANCE,2026-07-08,1314.0,1314.0,1277.0,1277.0,0,2026-07-08T10:11:15.313523+00:00
243ee05e-b4cb-4a1e-98aa-49d951eaa44c,RVNL,2026-07-08,229.0,231.0,227.0,227.0,0,2026-07-08T10:11:15.313523+00:00
07fd9081-8721-4cc3-a79f-73e2ad635f40,UNITDSPR,2026-07-02,1357.0,1367.0,1354.0,1365.0,0,2026-07-02T10:13:47.731181+00:00
e1b53369-edb2-4aec-af94-0f7dd6c64da9,UNOMINDA,2026-07-02,1087.0,1117.0,1087.0,1117.0,0,2026-07-02T10:13:47.731181+00:00
11ea7ba3-8a47-4005-9211-f54031d02443,UPL,2026-07-02,575.0,588.0,575.0,575.0,0,2026-07-02T10:13:47.731181+00:00
5247ec2a-920e-4a75-96fa-4c0020aceae4,VEDL,2026-07-02,277.0,278.0,276.0,276.0,0,2026-07-02T10:13:47.731181+00:00
dfe16eca-fef3-4ecd-838f-9fb7a0251314,VOLTAS,2026-07-02,1281.0,1286.0,1281.0,1286.0,0,2026-07-02T10:13:47.731181+00:00
d012bde1-304e-4e67-aa02-73595eae3b5f,WIPRO,2026-07-02,172.0,173.0,172.0,173.0,0,2026-07-02T10:13:47.731181+00:00
e9907f98-ac6d-417e-afca-da8dabbb66f9,YESBANK,2026-07-02,25.0,25.0,24.0,24.0,0,2026-07-02T10:13:47.731181+00:00
ddcee0b6-c56d-4298-99d9-66ca6ba18357,ZYDUSLIFE,2026-07-02,1110.0,1110.0,1098.0,1098.0,0,2026-07-02T10:13:47.731181+00:00
eec204bd-1e0a-4220-b5ea-d1c3f084d56e,AUBANK,2026-07-02,1059.0,1065.0,1059.0,1059.0,0,2026-07-02T10:13:47.731181+00:00
a6be552a-bec8-4a55-8439-829236227847,HDFCLIFE,2026-07-02,572.0,573.0,571.0,572.0,0,2026-07-02T10:13:47.731181+00:00
ef9c4891-0aad-4e4b-b33f-bc1cb243b4f5,PNB,2026-07-02,107.0,107.0,107.0,107.0,0,2026-07-02T10:13:47.731181+00:00
5abbc7a3-5c69-4775-85fa-3b23726e6fe0,GRASIM,2026-07-06,3202.0,3217.0,3192.0,3217.0,0,2026-07-06T10:08:29.690131+00:00
784f0711-ff9f-4a54-9c4a-e7de755acaeb,HAL,2026-07-06,4484.0,4484.0,4452.0,4452.0,0,2026-07-06T10:08:29.690131+00:00
7e8e6dce-0389-43ed-9eaa-19846018a4d9,HINDUNILVR,2026-07-06,2203.0,2217.0,2199.0,2199.0,0,2026-07-06T10:08:29.690131+00:00
0d62da70-04f8-4c5e-9348-25731ccd072c,HINDZINC,2026-07-06,539.0,543.0,539.0,541.0,0,2026-07-06T10:08:29.690131+00:00
2d8ce704-9987-48a7-bd1c-1785e98f9603,HUDCO,2026-07-06,216.0,216.0,214.0,214.0,0,2026-07-06T10:08:29.690131+00:00
1fe34af9-b4dd-4ccf-b801-5113f7d8abec,TECHM,2026-07-06,1430.0,1430.0,1398.0,1400.0,0,2026-07-06T10:08:29.690131+00:00
a8fe8d8a-eefb-47e0-a8d4-64a7ee39f5a8,TIINDIA,2026-07-06,2955.0,3010.0,2953.0,3007.0,0,2026-07-06T10:08:29.690131+00:00
5435a923-71de-48da-b0ec-811a39eefae0,TORNTPHARM,2026-07-06,4806.0,4821.0,4768.0,4817.0,0,2026-07-06T10:08:29.690131+00:00
60469142-866b-43fb-9ace-e543c94d21f6,TRENT,2026-07-06,3363.0,3367.0,3340.0,3345.0,0,2026-07-06T10:08:29.690131+00:00
de9e069f-297e-48cf-9b66-12c6cb76dd76,TVSMOTOR,2026-07-06,3654.0,3703.0,3654.0,3703.0,0,2026-07-06T10:08:29.690131+00:00
2be61f02-3bbf-4b87-a85f-0c31bc9c0b5a,ULTRACEMCO,2026-07-06,11689.0,11750.0,11640.0,11640.0,0,2026-07-06T10:08:29.690131+00:00
26030447-9476-4354-820f-691a3a8c7c8d,UNIONBANK,2026-07-06,163.0,163.0,161.0,161.0,0,2026-07-06T10:08:29.690131+00:00
74ca8148-3693-46ca-ad09-863e23695bda,UNITDSPR,2026-07-06,1395.0,1425.0,1395.0,1422.0,0,2026-07-06T10:08:29.690131+00:00
078054cc-14d4-49a2-9ab9-81dc244576b6,UNOMINDA,2026-07-06,1134.0,1148.0,1121.0,1137.0,0,2026-07-06T10:08:29.690131+00:00
a0d9207f-6036-41af-84b0-9679784b8da4,ANGELONE,2026-07-07,336.0,339.0,335.0,336.0,0,2026-07-07T10:10:45.558638+00:00
1fb59c45-94cd-467f-8bf6-89d58a9c2982,ASIANPAINT,2026-07-07,2729.0,2750.0,2729.0,2729.0,0,2026-07-07T10:10:45.558638+00:00
f9982573-197a-49ba-85ca-e4444726d1bc,TATASTEEL,2026-07-09,188.0,188.0,187.0,188.0,0,2026-07-09T10:13:37.065139+00:00
763330c7-ec84-407d-b009-a301c69371e8,YESBANK,2026-07-09,23.0,24.0,23.0,24.0,0,2026-07-09T10:13:37.065139+00:00
28f9decc-3727-4580-a1f6-bb34c139ac04,MANKIND,2026-07-08,2557.0,2557.0,2527.0,2528.0,0,2026-07-08T10:11:15.313523+00:00
9820221f-0133-4011-ad14-f6e14e665251,MARICO,2026-07-08,846.0,848.0,838.0,838.0,0,2026-07-08T10:11:15.313523+00:00
9b2f48ed-6a95-4ee6-83c5-f47f99d462b5,ASTRAL,2026-07-07,1355.0,1383.0,1355.0,1355.0,0,2026-07-07T10:10:45.558638+00:00
4763a470-e540-4cd5-bd80-3e26702d90cc,AUBANK,2026-07-07,1070.0,1072.0,1068.0,1070.0,0,2026-07-07T10:10:45.558638+00:00
43267b3a-4339-445b-99eb-747c02000760,BANKINDIA,2026-07-07,142.0,142.0,141.0,142.0,0,2026-07-07T10:10:45.558638+00:00
5fc6623a-2cee-4296-a5b9-a16b0f78546f,BEL,2026-07-07,420.0,422.0,420.0,420.0,0,2026-07-07T10:10:45.558638+00:00
513d37fa-c544-4ce8-977a-68ce5e38d7c4,BHARATFORG,2026-07-07,2116.0,2143.0,2109.0,2116.0,0,2026-07-07T10:10:45.558638+00:00
0258d5f9-bca9-42b5-8e72-96f93754a7c6,BOSCHLTD,2026-07-07,41700.0,41700.0,41700.0,41700.0,0,2026-07-07T10:10:45.558638+00:00
ee0dad81-3b57-4e32-8ad9-42d851af8454,BPCL,2026-07-07,312.0,312.0,309.0,312.0,0,2026-07-07T10:10:45.558638+00:00
40f3d520-a6fe-4661-b158-fa9e3e2fb975,BSE,2026-07-07,3661.0,3699.0,3648.0,3661.0,0,2026-07-07T10:10:45.558638+00:00
ae601259-9c93-4f52-af48-322c339834ab,CANBK,2026-07-07,125.0,127.0,125.0,125.0,0,2026-07-07T10:10:45.558638+00:00
d7e8963b-7676-4ec2-8d7c-dbe41fea9f11,COALINDIA,2026-07-07,426.0,426.0,425.0,426.0,0,2026-07-07T10:10:45.558638+00:00
da89584e-5175-4f8e-a905-d847fb616e13,COCHINSHIP,2026-07-07,1431.0,1458.0,1431.0,1431.0,0,2026-07-07T10:10:45.558638+00:00
c4f5c2aa-88b3-4534-8cdd-16c5bdd04206,HINDZINC,2026-07-07,532.0,541.0,532.0,532.0,0,2026-07-07T10:10:45.558638+00:00
50a2d6f5-a589-4dbd-8b16-7135e9dda6a0,HUDCO,2026-07-07,211.0,211.0,211.0,211.0,0,2026-07-07T10:10:45.558638+00:00
079bb32c-ca2c-4db6-85a7-2e01b4074bb7,IDEA,2026-07-07,14.0,14.0,14.0,14.0,0,2026-07-07T10:10:45.558638+00:00
8799a17a-6f2f-4483-a630-048917541810,SBICARD,2026-07-07,605.0,606.0,602.0,605.0,0,2026-07-07T10:10:45.558638+00:00
539502b0-6b08-4d04-87f7-b0044e1a3333,GODREJCP,2026-07-06,1099.0,1100.0,1091.0,1097.0,0,2026-07-06T10:08:29.690131+00:00
a4bcd8a3-240f-440e-b5a1-818c12baa903,GODREJPROP,2026-07-06,2014.0,2044.0,2014.0,2034.0,0,2026-07-06T10:08:29.690131+00:00
e8a2feae-3368-4842-8a37-75b8f60cca2a,SBILIFE,2026-07-07,1835.0,1835.0,1819.0,1835.0,0,2026-07-07T10:10:45.558638+00:00
eb31967a-10db-4fb1-a9cf-a70d15fb03e7,SBIN,2026-07-07,1038.0,1045.0,1038.0,1038.0,0,2026-07-07T10:10:45.558638+00:00
f617bc22-aadd-40f4-a369-9fc9d9b94189,SHREECEM,2026-07-07,26550.0,26750.0,26550.0,26550.0,0,2026-07-07T10:10:45.558638+00:00
4e66da1f-5d76-45db-b672-11b2e9fd297b,SHRIRAMFIN,2026-07-07,1069.0,1077.0,1069.0,1069.0,0,2026-07-07T10:10:45.558638+00:00
d5bff814-4a4a-480e-867a-391f6ff8040e,SIEMENS,2026-07-07,3495.0,3495.0,3492.0,3495.0,0,2026-07-07T10:10:45.558638+00:00
e5e7da0f-4ed6-46b7-a6f8-c459620a3eae,MARUTI,2026-07-08,14307.0,14307.0,14307.0,14307.0,0,2026-07-08T10:11:15.313523+00:00
36d6ea1a-8aa8-4e74-9f79-702e8376fdac,MAXHEALTH,2026-07-08,1125.0,1125.0,1087.0,1090.0,0,2026-07-08T10:11:15.313523+00:00
b426b770-d122-44b4-8c8a-d96d1ed1aecc,ULTRACEMCO,2026-07-02,11451.0,11559.0,11451.0,11531.0,0,2026-07-02T10:13:47.731181+00:00
3e32de71-4505-4e39-a428-7faa4d2484cc,UNIONBANK,2026-07-02,174.0,175.0,173.0,174.0,0,2026-07-02T10:13:47.731181+00:00
b68738f3-de75-4d01-a15c-3d07d49a0106,M&M,2026-07-10,3114.0,3134.0,3114.0,3129.0,0,2026-07-10T10:15:53.013733+00:00
bae325b5-4614-4d60-9cd6-277992a33a8e,PAYTM,2026-07-10,1288.0,1352.0,1288.0,1347.0,0,2026-07-10T10:15:53.013733+00:00
bd192584-0d08-444d-b59e-7dba3704ec5c,SBILIFE,2026-07-09,1836.0,1836.0,1791.0,1825.0,0,2026-07-09T10:13:37.065139+00:00
f53352a4-140e-42aa-91f9-bf21c517f47c,SBIN,2026-07-09,1023.0,1027.0,1021.0,1021.0,0,2026-07-09T10:13:37.065139+00:00
1d3ca62e-69e9-4355-876d-b827b7d39607,SHREECEM,2026-07-09,25955.0,26190.0,25955.0,26190.0,0,2026-07-09T10:13:37.065139+00:00
6af42f9f-aa3a-4068-af15-5598096f2827,SHRIRAMFIN,2026-07-09,1015.0,1026.0,1015.0,1024.0,0,2026-07-09T10:13:37.065139+00:00
99d83045-701a-430d-a797-059eab696ef8,PERSISTENT,2026-07-10,4918.0,5035.0,4918.0,5035.0,0,2026-07-10T10:15:53.013733+00:00
b805103b-29d9-4404-badf-442897878bdb,IREDA,2026-07-10,124.0,127.0,124.0,127.0,0,2026-07-10T10:15:53.013733+00:00
eacdb4af-d514-481e-bac6-b948c1c96351,LTM,2026-07-10,3873.0,3977.0,3873.0,3977.0,0,2026-07-10T10:15:53.013733+00:00
fccc034f-9d8d-4333-9eb8-e9e04b73a71d,MANAPPURAM,2026-07-10,338.0,341.0,338.0,341.0,0,2026-07-10T10:15:53.013733+00:00
d590aa7d-cc6f-4505-bd9b-07064dd941d8,IOC,2026-07-10,139.0,139.0,139.0,139.0,0,2026-07-10T10:15:53.013733+00:00
75dd812b-e166-45b0-8d24-6058c8a6c2f9,GMRAIRPORT,2026-07-10,113.0,113.0,112.0,113.0,0,2026-07-10T10:15:53.013733+00:00
9b140b97-7094-4667-b68d-0639c0d083ef,HCLTECH,2026-07-09,1168.0,1168.0,1136.0,1156.0,0,2026-07-09T10:13:37.065139+00:00
86477d4e-470f-4bd4-9e47-da650474d66e,HDFCAMC,2026-07-09,2658.0,2739.0,2658.0,2738.0,0,2026-07-09T10:13:37.065139+00:00
a1f66c2d-53e1-43e7-bb86-79c1421ab351,360ONE,2026-07-06,1124.0,1134.0,1109.0,1134.0,0,2026-07-06T10:08:29.690131+00:00
80973112-e02c-4b75-9fdd-81c5579094ed,ABCAPITAL,2026-07-06,404.0,410.0,402.0,409.0,0,2026-07-06T10:08:29.690131+00:00
092818a3-08b0-40c0-96a5-d7460333834e,ADANIENSOL,2026-07-06,1569.0,1645.0,1569.0,1644.0,0,2026-07-06T10:08:29.690131+00:00
27559b3f-8707-4611-b323-92ee075f39ab,ADANIENT,2026-07-06,3198.0,3222.0,3198.0,3204.0,0,2026-07-06T10:08:29.690131+00:00
6f0ff4fb-43fd-485a-928d-97aabd8ad190,ADANIGREEN,2026-07-06,1549.0,1584.0,1548.0,1570.0,0,2026-07-06T10:08:29.690131+00:00
88dab57c-439d-44f1-94c8-e7dab2079384,360ONE,2026-07-07,1151.0,1151.0,1140.0,1151.0,0,2026-07-07T10:10:45.558638+00:00
5c721232-5349-4196-9ec8-89bcaeef6710,IDEA,2026-07-02,15.0,15.0,14.0,14.0,0,2026-07-02T10:13:47.731181+00:00
ed7cb05d-515f-42e9-a2be-5732528c04d4,IIFL,2026-07-02,509.0,516.0,509.0,509.0,0,2026-07-02T10:13:47.731181+00:00
ee5a3040-786a-4d3a-a785-2a75e46cd4ba,INDHOTEL,2026-07-02,718.0,726.0,509.0,720.0,0,2026-07-02T10:13:47.731181+00:00
b08e6632-5c60-44fc-93a8-f1ef5f9e045c,INDIANB,2026-07-02,826.0,826.0,815.0,815.0,0,2026-07-02T10:13:47.731181+00:00
77b41d4e-0f69-4035-85bf-63c2f2545c5b,INDIGO,2026-07-02,5380.0,5444.0,5380.0,5444.0,0,2026-07-02T10:13:47.731181+00:00
cef645e2-c827-48c2-a943-ecbd099e602a,INDUSINDBK,2026-07-02,942.0,943.0,937.0,942.0,0,2026-07-02T10:13:47.731181+00:00
e63242c1-582b-467f-9c7a-8a3943418357,INDUSTOWER,2026-07-02,386.0,387.0,383.0,384.0,0,2026-07-02T10:13:47.731181+00:00
0e5a2a08-d929-497e-8a18-0d0992692cf7,INFY,2026-07-02,1027.0,1034.0,939.0,1034.0,0,2026-07-02T10:13:47.731181+00:00
47525037-9460-462e-b818-41574fd6f33a,INOXWIND,2026-07-02,91.0,91.0,89.0,90.0,0,2026-07-02T10:13:47.731181+00:00
89904bf9-df3a-4433-9f4c-e6001fff0b78,IRCTC,2026-07-02,505.0,505.0,504.0,505.0,0,2026-07-02T10:13:47.731181+00:00
767e47ca-c206-4a6b-8b89-d9f7e9c0756c,IREDA,2026-07-02,128.0,129.0,128.0,129.0,0,2026-07-02T10:13:47.731181+00:00
120006c1-d0dc-4090-b5fd-d409f4456050,IRFC,2026-07-02,92.0,92.0,91.0,91.0,0,2026-07-02T10:13:47.731181+00:00
47bc7484-1a7c-4fe0-bdec-57f2921d0ba9,ITC,2026-07-02,291.0,291.0,289.0,291.0,0,2026-07-02T10:13:47.731181+00:00
b936e587-080f-47a9-90f9-59915c2dcf2a,JINDALSTEL,2026-07-02,1027.0,1048.0,939.0,1048.0,0,2026-07-02T10:13:47.731181+00:00
cc2d655b-5b2f-4646-baad-93d2d79c6e39,JIOFIN,2026-07-02,238.0,240.0,238.0,240.0,0,2026-07-02T10:13:47.731181+00:00
34947648-797e-4e64-9b7a-f9d107567d63,JSWENERGY,2026-07-02,575.0,575.0,565.0,566.0,0,2026-07-02T10:13:47.731181+00:00
0dbf60d2-c1e0-4b1c-b54d-2344d2918176,JSWSTEEL,2026-07-02,1226.0,1232.0,939.0,1224.0,0,2026-07-02T10:13:47.731181+00:00
61692627-7961-42a6-b86c-27781dd697c5,JUBLFOOD,2026-07-02,428.0,432.0,428.0,432.0,0,2026-07-02T10:13:47.731181+00:00
10e46cfa-fd85-47f3-8775-4ab911963a6f,ABB,2026-07-07,6976.0,6976.0,6912.0,6976.0,0,2026-07-07T10:10:45.558638+00:00
57605180-bc7b-4a3b-9c8b-f814f8ceb475,ADANIPORTS,2026-07-06,1878.0,1882.0,1876.0,1876.0,0,2026-07-06T10:08:29.690131+00:00
8b533cd6-cdbf-46f6-a565-3ca466197775,ABCAPITAL,2026-07-07,409.0,411.0,408.0,409.0,0,2026-07-07T10:10:45.558638+00:00
0976da6c-02cd-4f33-b2a5-7ea6356639ad,ADANIENSOL,2026-07-07,1657.0,1657.0,1639.0,1657.0,0,2026-07-07T10:10:45.558638+00:00
891440a7-67fe-49eb-9356-aff4cdb40dc8,ADANIENT,2026-07-07,3131.0,3175.0,3128.0,3131.0,0,2026-07-07T10:10:45.558638+00:00
c2440c83-8d19-435e-a580-a8646189b96d,ADANIGREEN,2026-07-07,1528.0,1547.0,1528.0,1528.0,0,2026-07-07T10:10:45.558638+00:00
b6c19469-7216-4473-a5e8-605e38495d0d,ADANIPORTS,2026-07-07,1866.0,1881.0,1866.0,1866.0,0,2026-07-07T10:10:45.558638+00:00
7b099884-87ab-48e3-b3fa-159bbf10750d,ALKEM,2026-07-07,5660.0,5694.0,5660.0,5660.0,0,2026-07-07T10:10:45.558638+00:00
f35c2673-ca4d-4afd-bd37-cfe31a68d0a7,FEDERALBNK,2026-07-07,331.0,331.0,328.0,331.0,0,2026-07-07T10:10:45.558638+00:00
1d5e5b41-951a-4766-83c0-69d4f9728950,FORTIS,2026-07-07,979.0,982.0,978.0,979.0,0,2026-07-07T10:10:45.558638+00:00
afac378f-b7ba-4825-9484-e5f8651f7d70,GAIL,2026-07-07,174.0,175.0,174.0,174.0,0,2026-07-07T10:10:45.558638+00:00
4603c9d1-b9ca-4460-ae0e-20641aeb761a,GLENMARK,2026-07-07,2249.0,2289.0,2249.0,2249.0,0,2026-07-07T10:10:45.558638+00:00
8a618f5a-ef85-4e3f-a129-defc9cb271c7,GMRAIRPORT,2026-07-07,115.0,115.0,114.0,115.0,0,2026-07-07T10:10:45.558638+00:00
a2619b34-05f2-4491-9edd-b786aa29f619,GODFRYPHLP,2026-07-07,2132.0,2134.0,2124.0,2132.0,0,2026-07-07T10:10:45.558638+00:00
4da0401b-5b7c-4c6a-b60b-8d79bd704fff,HAVELLS,2026-07-07,1223.0,1225.0,1197.0,1223.0,0,2026-07-07T10:10:45.558638+00:00
78c45ec0-aa1e-4db5-a46e-f0320b585200,JSWSTEEL,2026-07-08,1240.0,1243.0,1218.0,1225.0,0,2026-07-08T10:11:15.313523+00:00
a0a516e1-9ac6-4a82-9ef7-22da9f334e92,JUBLFOOD,2026-07-08,448.0,448.0,434.0,434.0,0,2026-07-08T10:11:15.313523+00:00
dcde6522-f4cd-4593-b3aa-b8cf9ec7fe0a,KALYANKJIL,2026-07-08,369.0,373.0,369.0,373.0,0,2026-07-08T10:11:15.313523+00:00
62771091-1f50-4e3b-85a6-e3c897a749b3,KAYNES,2026-07-08,3297.0,3352.0,3281.0,3281.0,0,2026-07-08T10:11:15.313523+00:00
ba25e366-08a0-4c8a-aedf-eb30437e8c8a,KEI,2026-07-08,5099.0,5099.0,4982.0,4988.0,0,2026-07-08T10:11:15.313523+00:00
6a50dfda-d928-49f6-b028-ae78953a9b67,KFINTECH,2026-07-08,871.0,875.0,865.0,865.0,0,2026-07-08T10:11:15.313523+00:00
61e0ed12-c681-400f-8a96-1bebd821bc57,KOTAKBANK,2026-07-08,379.0,379.0,372.0,378.0,0,2026-07-08T10:11:15.313523+00:00
66833ede-cd0f-41d4-a60e-6f5936c634a4,KPITTECH,2026-07-08,564.0,565.0,558.0,558.0,0,2026-07-08T10:11:15.313523+00:00
ee3856bb-d8c2-406b-82d1-93290c9dd830,LAURUSLABS,2026-07-08,1494.0,1494.0,1456.0,1465.0,0,2026-07-08T10:11:15.313523+00:00
0254961a-4457-4537-b0f3-f5ad6cca74ee,POLICYBZR,2026-07-08,1580.0,1589.0,1570.0,1570.0,0,2026-07-08T10:11:15.313523+00:00
a0a900ab-0331-4f5b-9624-65ed22f948f4,RECLTD,2026-07-08,352.0,357.0,351.0,351.0,0,2026-07-08T10:11:15.313523+00:00
5dbb875c-af6a-413d-97f9-714aa9d7fb44,CYIENT,2026-07-09,838.0,838.0,827.0,830.0,0,2026-07-09T10:13:37.065139+00:00
b2069af0-9019-4a10-9511-56ee0841d028,DABUR,2026-07-09,440.0,447.0,440.0,443.0,0,2026-07-09T10:13:37.065139+00:00
c56de58e-0752-4730-bda8-8ee991120e47,DALBHARAT,2026-07-09,1733.0,1753.0,1733.0,1753.0,0,2026-07-09T10:13:37.065139+00:00
840bb2a4-2f2b-46d4-9f8b-ad5a1b844c99,GODREJPROP,2026-07-09,2022.0,2035.0,2022.0,2026.0,0,2026-07-09T10:13:37.065139+00:00
0dc3857e-9d7b-4529-9fa3-2600bb7b7d3c,CONCOR,2026-07-10,458.0,470.0,458.0,470.0,0,2026-07-10T10:15:53.013733+00:00
124effe2-f860-4443-bfcb-76cb7fb4d576,CROMPTON,2026-07-10,263.0,264.0,260.0,262.0,0,2026-07-10T10:15:53.013733+00:00
1ef1f3b6-145e-4c4d-b73d-c8f14f494044,CUMMINSIND,2026-07-10,5678.0,5678.0,5504.0,5624.0,0,2026-07-10T10:15:53.013733+00:00
5ee5ffc2-3b41-41fb-babd-01865209f964,DABUR,2026-07-10,443.0,443.0,443.0,443.0,0,2026-07-10T10:15:53.013733+00:00
d07933f2-9bf2-41ff-a082-466811c5978b,DALBHARAT,2026-07-10,1776.0,1793.0,1774.0,1793.0,0,2026-07-10T10:15:53.013733+00:00
563ba3a6-feeb-4c40-b45b-7dd18458ed6b,DELHIVERY,2026-07-10,516.0,521.0,514.0,521.0,0,2026-07-10T10:15:53.013733+00:00
78fec02e-a322-4172-bb2c-35e918049e46,DIVISLAB,2026-07-10,6821.0,6855.0,6821.0,6838.0,0,2026-07-10T10:15:53.013733+00:00
07c346af-21b9-49fc-af99-17506f3f4167,DIXON,2026-07-10,13846.0,13846.0,13526.0,13543.0,0,2026-07-10T10:15:53.013733+00:00
86f8f6e8-4f04-430f-97cc-7c491fd94d51,DMART,2026-07-10,4064.0,4082.0,4056.0,4082.0,0,2026-07-10T10:15:53.013733+00:00
34c65ab6-25b7-4016-989a-6d4f6a9ca3ea,FORTIS,2026-07-10,957.0,957.0,951.0,957.0,0,2026-07-10T10:15:53.013733+00:00
0dd3e38b-0a25-44d9-b726-bde33e103785,GAIL,2026-07-10,172.0,174.0,172.0,174.0,0,2026-07-10T10:15:53.013733+00:00
5c75288a-2e5b-498c-b735-946471ec0853,GLENMARK,2026-07-10,2255.0,2285.0,2255.0,2280.0,0,2026-07-10T10:15:53.013733+00:00
6fdee7f9-6b8d-422b-8b9e-1d44abb0d285,AMBUJACEM,2026-07-06,440.0,442.0,440.0,441.0,0,2026-07-06T10:08:29.690131+00:00
6dd43b96-2c0b-44b7-9527-22adb61a21c0,ANGELONE,2026-07-06,354.0,354.0,345.0,346.0,0,2026-07-06T10:08:29.690131+00:00
614c55bf-e664-4801-ba15-09d4c69f4f08,APLAPOLLO,2026-07-06,1813.0,1816.0,1805.0,1805.0,0,2026-07-06T10:08:29.690131+00:00
c5d8ef5c-3957-487e-be7c-c61c8fabf638,APOLLOHOSP,2026-07-06,8915.0,8915.0,8824.0,8872.0,0,2026-07-06T10:08:29.690131+00:00
1cb3f921-44e9-4be8-b6e2-331aa280112d,ASHOKLEY,2026-07-06,164.0,167.0,164.0,166.0,0,2026-07-06T10:08:29.690131+00:00
e177b3da-8611-4c6f-bdb5-b43a85b0012b,ASIANPAINT,2026-07-06,2741.0,2750.0,2734.0,2750.0,0,2026-07-06T10:08:29.690131+00:00
ea36ec18-8ece-4c9d-aa9c-dc5ae7d004a6,BANKBARODA,2026-07-06,251.0,272.0,207.0,251.0,0,2026-07-06T10:08:29.690131+00:00
c423fda3-567c-479a-844f-69869f16928d,BANKINDIA,2026-07-06,145.0,145.0,142.0,142.0,0,2026-07-06T10:08:29.690131+00:00
8a30763c-f005-4bda-826f-a52364fe7c8d,BDL,2026-07-06,1430.0,1430.0,1406.0,1410.0,0,2026-07-06T10:08:29.690131+00:00
42616506-3950-455d-a5e5-40f194b13663,BEL,2026-07-06,428.0,428.0,425.0,425.0,0,2026-07-06T10:08:29.690131+00:00
7d904a34-1f8e-4838-8337-e0806d7c618b,BHARATFORG,2026-07-06,2157.0,2172.0,2143.0,2143.0,0,2026-07-06T10:08:29.690131+00:00
1a2c418f-fe6c-44ba-89c9-d848b9f3866c,BHARTIARTL,2026-07-06,1922.0,1931.0,1922.0,1924.0,0,2026-07-06T10:08:29.690131+00:00
303521e0-6439-47a0-97fc-b7edabd40d59,BHEL,2026-07-06,386.0,393.0,386.0,387.0,0,2026-07-06T10:08:29.690131+00:00
0fea360a-cc03-4ed2-9b29-6f00edb5b7d7,BIOCON,2026-07-06,428.0,428.0,423.0,425.0,0,2026-07-06T10:08:29.690131+00:00
9a917e1d-c9b5-41fa-87b0-ee5dbcaecad0,BLUESTARCO,2026-07-06,1598.0,1609.0,1592.0,1592.0,0,2026-07-06T10:08:29.690131+00:00
d0e6a2ea-76e9-4a55-8023-7133ddddf421,BOSCHLTD,2026-07-06,42130.0,42130.0,41735.0,42085.0,0,2026-07-06T10:08:29.690131+00:00
6917a653-aef1-41ba-bff0-8d7ca021d2d9,BHARTIARTL,2026-07-07,1930.0,1941.0,1930.0,1930.0,0,2026-07-07T10:10:45.558638+00:00
24a705eb-967f-46aa-b394-c56eaf9ae51a,BHEL,2026-07-07,377.0,387.0,377.0,377.0,0,2026-07-07T10:10:45.558638+00:00
1a4291a9-bc64-44c9-a736-fd3231625f66,BIOCON,2026-07-07,419.0,422.0,419.0,419.0,0,2026-07-07T10:10:45.558638+00:00
cf7a7240-4eb8-4e5e-bbeb-0e92f8d64773,DELHIVERY,2026-07-07,515.0,520.0,515.0,515.0,0,2026-07-07T10:10:45.558638+00:00
c3e2e66f-d93b-4cea-b6cd-34edafbb98fa,DIVISLAB,2026-07-07,6848.0,6848.0,6790.0,6848.0,0,2026-07-07T10:10:45.558638+00:00
8e5e3b0e-6da4-4246-a753-18d40c78d7a6,DRREDDY,2026-07-07,1367.0,1368.0,1366.0,1367.0,0,2026-07-07T10:10:45.558638+00:00
e8a916dc-262e-4344-b085-cc6346cc3210,EICHERMOT,2026-07-07,7568.0,7568.0,7548.0,7568.0,0,2026-07-07T10:10:45.558638+00:00
4adeed0a-886d-4d42-882e-7b1c442e43e6,ICICIBANK,2026-07-07,1425.0,1425.0,1415.0,1425.0,0,2026-07-07T10:10:45.558638+00:00
5a30982b-074d-4c98-bd7a-c681d93fd80c,ICICIGI,2026-07-07,1793.0,1799.0,1787.0,1793.0,0,2026-07-07T10:10:45.558638+00:00
b3645017-a176-49f9-bb69-fce7dfa244dd,MARUTI,2026-07-09,13958.0,13958.0,13731.0,13731.0,0,2026-07-09T10:13:37.065139+00:00
c33bd032-8829-472f-8b10-749b8072bdf4,BHARATFORG,2026-07-02,2111.0,2151.0,2097.0,2151.0,0,2026-07-02T10:13:47.731181+00:00
f349a327-9084-4e2d-b846-f6fe07cda95b,BHARTIARTL,2026-07-02,1873.0,1875.0,1852.0,1867.0,0,2026-07-02T10:13:47.731181+00:00
ad563f7e-d88a-48c5-a621-d237a3eb8dd5,BHEL,2026-07-02,414.0,414.0,402.0,402.0,0,2026-07-02T10:13:47.731181+00:00
8e3f0e8b-0c1f-4fdf-877d-51ba2d5ab77b,BIOCON,2026-07-02,419.0,419.0,417.0,419.0,0,2026-07-02T10:13:47.731181+00:00
704f14a9-b8bb-4156-a348-3e61e93958fc,BLUESTARCO,2026-07-02,1620.0,1620.0,1599.0,1606.0,0,2026-07-02T10:13:47.731181+00:00
c1fe2038-abe2-4617-8aed-9045b64ff579,BOSCHLTD,2026-07-02,40120.0,41155.0,40120.0,41155.0,0,2026-07-02T10:13:47.731181+00:00
b8ef4a7d-85ca-4907-8027-f1460617b153,BPCL,2026-07-02,303.0,311.0,303.0,311.0,0,2026-07-02T10:13:47.731181+00:00
35f3085e-2f4c-4912-a669-0dc6c1924305,BRITANNIA,2026-07-02,5220.0,5392.0,5220.0,5379.0,0,2026-07-02T10:13:47.731181+00:00
ee7f0696-21b9-4e24-bae2-7ea71dba3105,BSE,2026-07-02,3948.0,3948.0,3858.0,3858.0,0,2026-07-02T10:13:47.731181+00:00
e965f1fd-4697-4931-9b5a-2b47ebd151a0,SHREECEM,2026-07-08,26550.0,26695.0,25950.0,25955.0,0,2026-07-08T10:11:15.313523+00:00
2fb9f6c7-2f2d-4619-8fa5-ec9660538b3a,MAXHEALTH,2026-07-09,1091.0,1107.0,1091.0,1107.0,0,2026-07-09T10:13:37.065139+00:00
fb2cb59d-e1b5-4167-9d0a-709f0d6f294c,BPCL,2026-07-06,308.0,310.0,308.0,309.0,0,2026-07-06T10:08:29.690131+00:00
adf79d4e-e3b7-4ef7-822e-64c5cf6462f0,BRITANNIA,2026-07-06,5393.0,5450.0,5384.0,5435.0,0,2026-07-06T10:08:29.690131+00:00
3326abba-124e-46f6-b7ef-ce5bca941230,MAZDOCK,2026-07-09,2508.0,2508.0,2397.0,2407.0,0,2026-07-09T10:13:37.065139+00:00
e73923fb-d391-4a6f-85ea-2d16cc4166a1,SIEMENS,2026-07-08,3471.0,3496.0,3406.0,3406.0,0,2026-07-08T10:11:15.313523+00:00
32d3d8dd-0a99-4ed5-a01d-2b7924f660be,SONACOMS,2026-07-08,667.0,679.0,664.0,664.0,0,2026-07-08T10:11:15.313523+00:00
4d222ccd-ff7f-45cc-8136-d73434ddcbc6,SUNPHARMA,2026-07-08,1924.0,1924.0,1906.0,1906.0,0,2026-07-08T10:11:15.313523+00:00
68392d14-a647-48bf-b749-4106ad137e9b,SUZLON,2026-07-08,54.0,55.0,53.0,53.0,0,2026-07-08T10:11:15.313523+00:00
9c1b98d9-0d82-4557-a36d-478aaf95546a,TATACONSUM,2026-07-08,1110.0,1110.0,1090.0,1090.0,0,2026-07-08T10:11:15.313523+00:00
c156bf83-99aa-4669-bf66-e6bc69b6db20,TATAELXSI,2026-07-08,3708.0,3708.0,3623.0,3623.0,0,2026-07-08T10:11:15.313523+00:00
5c378a50-13f0-4236-a712-378797870415,NMDC,2026-07-09,84.0,85.0,84.0,84.0,0,2026-07-09T10:13:37.065139+00:00
f248ac2a-f15a-4516-a9a7-e33a89ebf343,OBEROIRLTY,2026-07-09,1904.0,1904.0,1847.0,1847.0,0,2026-07-09T10:13:37.065139+00:00
cddfb392-1f89-4018-bcaf-ce98bb86f26a,OFSS,2026-07-09,10957.0,11155.0,10855.0,11132.0,0,2026-07-09T10:13:37.065139+00:00
8ac8b1cc-079e-4c25-8282-955b9cac9cc3,ONGC,2026-07-09,247.0,247.0,245.0,245.0,0,2026-07-09T10:13:37.065139+00:00
ddb4924d-4ed7-40df-a638-4689d6c9e196,PAGEIND,2026-07-09,41880.0,41880.0,40675.0,40725.0,0,2026-07-09T10:13:37.065139+00:00
77c7e754-374e-426e-9753-4365039fd9bb,ULTRACEMCO,2026-07-08,11620.0,11620.0,11333.0,11351.0,0,2026-07-08T10:11:15.313523+00:00
cf1b4ab4-fe1a-4ae1-aa99-8353f4b089cf,UNIONBANK,2026-07-08,159.0,159.0,156.0,156.0,0,2026-07-08T10:11:15.313523+00:00
1647cd84-cd6e-4bd1-8ca6-8b98eaf195e1,BAJAJ_AUTO,2026-07-07,10110.0,10159.0,9920.0,10110.0,0,2026-07-07T10:10:45.558638+00:00
8cdb4e7e-2679-4968-99aa-129a7582c02b,BAJFINANCE,2026-07-07,1042.0,1042.0,1030.0,1042.0,0,2026-07-07T10:10:45.558638+00:00
bee59fe7-9490-45e7-962a-a995e36d5027,BANDHANBNK,2026-07-07,206.0,209.0,206.0,206.0,0,2026-07-07T10:10:45.558638+00:00
0b5b2718-b41f-45cf-a8b0-afe2ab806d73,BANKBARODA,2026-07-07,250.0,250.0,250.0,250.0,0,2026-07-07T10:10:45.558638+00:00
6142ff58-8cd5-4101-a1ca-54510f166e33,BDL,2026-07-07,1402.0,1412.0,1384.0,1402.0,0,2026-07-07T10:10:45.558638+00:00
c0b5ec0e-117e-44a6-a637-4cc22d7d1c0b,BLUESTARCO,2026-07-07,1603.0,1605.0,1603.0,1603.0,0,2026-07-07T10:10:45.558638+00:00
9fc31ddc-ac98-4439-b0e7-12decaae0068,IEX,2026-07-06,123.0,124.0,123.0,124.0,0,2026-07-06T10:08:29.690131+00:00
38da0b87-ceb6-464f-8eb6-e186d52dfad5,GRASIM,2026-07-09,3171.0,3207.0,3171.0,3207.0,0,2026-07-09T10:13:37.065139+00:00
e1a0d6eb-03bb-4247-a96e-b11114256322,HAVELLS,2026-07-09,1218.0,1218.0,1190.0,1190.0,0,2026-07-09T10:13:37.065139+00:00
ad2962bc-6680-4723-a1f7-7c55b7a411d1,HDFCBANK,2026-07-09,816.0,821.0,816.0,817.0,0,2026-07-09T10:13:37.065139+00:00
5e5e7f00-9b4a-4278-948a-07cff6740e6b,HDFCLIFE,2026-07-09,567.0,567.0,553.0,553.0,0,2026-07-09T10:13:37.065139+00:00
4acad528-3a62-4268-b1f9-f89098dddf7b,HEROMOTOCO,2026-07-09,4949.0,4949.0,4882.0,4894.0,0,2026-07-09T10:13:37.065139+00:00
8b0a81c9-3c2d-4208-bc12-7a8785c4f1ac,HFCL,2026-07-09,222.0,222.0,213.0,213.0,0,2026-07-09T10:13:37.065139+00:00
1fae7e6e-e94f-49f5-9fd9-894933bbb030,IDFCFIRSTB,2026-07-09,78.0,80.0,78.0,80.0,0,2026-07-09T10:13:37.065139+00:00
e20f5593-64a2-42cb-86d6-be39bb77a630,IGL,2026-07-09,151.0,152.0,151.0,152.0,0,2026-07-09T10:13:37.065139+00:00
d530fbc2-52c5-4b8b-a522-690b10e24f5e,CGPOWER,2026-07-08,905.0,913.0,904.0,908.0,0,2026-07-08T10:11:15.313523+00:00
29c186a7-2a99-4fbc-9219-c5db0cf32c9e,CHOLAFIN,2026-07-08,1816.0,1848.0,1812.0,1812.0,0,2026-07-08T10:11:15.313523+00:00
88e0431a-6ea5-4e6f-9f51-8cbbdfe38c42,CIPLA,2026-07-08,1467.0,1467.0,1453.0,1457.0,0,2026-07-08T10:11:15.313523+00:00
d5beaf2d-c420-43f9-9a3b-56a9b1affec9,COALINDIA,2026-07-08,431.0,432.0,429.0,430.0,0,2026-07-08T10:11:15.313523+00:00
cd87c334-2159-4992-ac1b-24494b5458cc,COCHINSHIP,2026-07-08,1431.0,1431.0,1410.0,1410.0,0,2026-07-08T10:11:15.313523+00:00
6a857412-aa37-444e-81ad-ecd1d596b8ec,COLPAL,2026-07-08,2060.0,2060.0,2056.0,2056.0,0,2026-07-08T10:11:15.313523+00:00
073031fc-958e-4ff7-b18c-e6989d35074f,CONCOR,2026-07-08,476.0,476.0,453.0,453.0,0,2026-07-08T10:11:15.313523+00:00
4452a9d0-12f8-4258-aaa0-a067b75f4e9e,CUMMINSIND,2026-07-08,5482.0,5525.0,5482.0,5499.0,0,2026-07-08T10:11:15.313523+00:00
a322cc54-debe-4650-a20c-834697ff8329,CYIENT,2026-07-08,842.0,846.0,838.0,838.0,0,2026-07-08T10:11:15.313523+00:00
33fb44d1-0360-43e0-8b0a-a751f9c9314f,M&M,2026-07-02,3131.0,3137.0,3121.0,3137.0,0,2026-07-02T10:13:47.731181+00:00
22b0bdfe-a81d-472f-b60d-473a087d814d,MANAPPURAM,2026-07-02,320.0,323.0,319.0,323.0,0,2026-07-02T10:13:47.731181+00:00
a50cab43-701d-4135-9845-e5c3dbe06391,MANKIND,2026-07-02,2509.0,2509.0,2493.0,2494.0,0,2026-07-02T10:13:47.731181+00:00
4797249e-08d2-4af5-a127-2934a2b366db,MARICO,2026-07-02,851.0,857.0,851.0,856.0,0,2026-07-02T10:13:47.731181+00:00
2c530055-2ca5-48db-a417-f7231655a49b,MARUTI,2026-07-02,14393.0,14417.0,14333.0,14333.0,0,2026-07-02T10:13:47.731181+00:00
c8e83148-197e-41b6-957f-c1a88ef19b98,MAXHEALTH,2026-07-02,1135.0,1135.0,1130.0,1130.0,0,2026-07-02T10:13:47.731181+00:00
77a762ba-0bc5-4410-a579-54d6fc6f6477,MAZDOCK,2026-07-02,2519.0,2555.0,2519.0,2553.0,0,2026-07-02T10:13:47.731181+00:00
6019a82e-9779-42c9-a819-1eccead2823c,MCX,2026-07-02,2964.0,3011.0,2954.0,2954.0,0,2026-07-02T10:13:47.731181+00:00
e1c706d0-49f6-4656-874a-0668fcebaf34,MFSL,2026-07-02,1598.0,1621.0,1598.0,1618.0,0,2026-07-02T10:13:47.731181+00:00
4f753629-83d3-4309-bbe6-9e3fb3aef6ce,MOTHERSON,2026-07-02,147.0,147.0,147.0,147.0,0,2026-07-02T10:13:47.731181+00:00
ec802c47-2738-42f5-901f-6b21a367c0d9,MOTILALOFS,2026-07-02,956.0,969.0,951.0,955.0,0,2026-07-02T10:13:47.731181+00:00
b908d83a-7cbf-4b04-896f-2150f8a7f5fe,IRFC,2026-07-10,89.0,90.0,89.0,90.0,0,2026-07-10T10:15:53.013733+00:00
80a60872-c810-4a52-b166-cca7603988e4,ITC,2026-07-10,283.0,283.0,281.0,282.0,0,2026-07-10T10:15:53.013733+00:00
9a3ae274-eaf6-42f8-be08-4beea5db543c,JIOFIN,2026-07-10,234.0,242.0,234.0,242.0,0,2026-07-10T10:15:53.013733+00:00
85fef83a-2c97-4c88-8cc2-cedcb57c3444,JSWSTEEL,2026-07-10,1246.0,1252.0,1246.0,1252.0,0,2026-07-10T10:15:53.013733+00:00
b8f12180-c4b2-44ff-958d-c631095ad4aa,KALYANKJIL,2026-07-10,470.0,477.0,373.0,477.0,0,2026-07-10T10:15:53.013733+00:00
0d7b65c7-83fe-4063-90d1-478d551cd302,KAYNES,2026-07-10,3415.0,3415.0,3327.0,3339.0,0,2026-07-10T10:15:53.013733+00:00
d599e080-d47a-4279-a7cc-4887e50d394e,KEI,2026-07-10,5027.0,5151.0,5027.0,5151.0,0,2026-07-10T10:15:53.013733+00:00
6a7f0ff4-ce69-471e-9ee0-ecbd6c193f1d,KFINTECH,2026-07-10,894.0,904.0,894.0,904.0,0,2026-07-10T10:15:53.013733+00:00
22911a33-c4a2-4d0a-8f53-8fac731049cf,LICHSGFIN,2026-07-10,548.0,553.0,548.0,553.0,0,2026-07-10T10:15:53.013733+00:00
35838c66-64db-4d2f-84e3-c7f4b415f5f4,LODHA,2026-07-10,1144.0,1182.0,1144.0,1182.0,0,2026-07-10T10:15:53.013733+00:00
191e2396-87ba-4a1b-b43e-adea908c7dde,LTF,2026-07-10,327.0,327.0,315.0,325.0,0,2026-07-10T10:15:53.013733+00:00
9c3b51af-3983-494c-9fb9-4d5932e55845,AMBER,2026-07-09,7596.0,7650.0,7596.0,7650.0,0,2026-07-09T10:13:37.065139+00:00
b3fd4bcd-14ff-42e9-a190-302679a5a1c8,AMBUJACEM,2026-07-09,427.0,427.0,424.0,424.0,0,2026-07-09T10:13:37.065139+00:00
38c00b89-364d-4798-afc5-efcfacf4a98d,ASHOKLEY,2026-07-09,158.0,158.0,157.0,157.0,0,2026-07-09T10:13:37.065139+00:00
54337ca5-d69d-4877-9085-c82859415cba,BANKINDIA,2026-07-09,136.0,139.0,136.0,138.0,0,2026-07-09T10:13:37.065139+00:00
7d5d3fa3-7704-4c33-a195-a00da1abcbfc,DMART,2026-07-06,3995.0,4292.0,3995.0,4069.0,0,2026-07-06T10:08:29.690131+00:00
1552a160-2586-4880-b4b2-d50028d6f65d,DRREDDY,2026-07-06,1376.0,1376.0,1362.0,1362.0,0,2026-07-06T10:08:29.690131+00:00
de7d7026-e585-436d-8a46-5e9d6095823d,EICHERMOT,2026-07-06,7344.0,7449.0,7344.0,7449.0,0,2026-07-06T10:08:29.690131+00:00
99d3e6a5-de27-4331-bfe8-63f766a6afcc,ETERNAL,2026-07-06,285.0,285.0,281.0,283.0,0,2026-07-06T10:08:29.690131+00:00
ffdf2cd0-97d5-46db-875f-b88ae2dbd2b7,FEDERALBNK,2026-07-06,331.0,331.0,327.0,330.0,0,2026-07-06T10:08:29.690131+00:00
13afb2db-0352-42c1-a876-ccee9c4d27c7,FORTIS,2026-07-06,983.0,983.0,975.0,980.0,0,2026-07-06T10:08:29.690131+00:00
86cfe4d4-611d-434b-a5ab-e07654edfbba,GAIL,2026-07-06,174.0,175.0,174.0,175.0,0,2026-07-06T10:08:29.690131+00:00
34263d3e-5bc3-4634-ae8a-f37f556949ac,GLENMARK,2026-07-06,2244.0,2269.0,2222.0,2269.0,0,2026-07-06T10:08:29.690131+00:00
184bec7c-b9bb-4383-89f6-b1a253349baa,GMRAIRPORT,2026-07-06,113.0,114.0,113.0,113.0,0,2026-07-06T10:08:29.690131+00:00
42630bfe-22fb-49c1-a8a0-52d4c5d2553c,GODFRYPHLP,2026-07-06,2165.0,2165.0,2138.0,2142.0,0,2026-07-06T10:08:29.690131+00:00
485e1b19-0e36-40dc-9e18-093add4838ea,ICICIPRULI,2026-07-07,488.0,492.0,486.0,488.0,0,2026-07-07T10:10:45.558638+00:00
02ebc9ba-f9d2-4eed-b5e1-a9ff3ceb949a,KFINTECH,2026-07-07,867.0,867.0,863.0,867.0,0,2026-07-07T10:10:45.558638+00:00
7d625966-758a-463f-bc9d-cbf7490445c3,KOTAKBANK,2026-07-07,382.0,382.0,380.0,382.0,0,2026-07-07T10:10:45.558638+00:00
c5046b8a-0b55-42fa-b97c-c19afa32234c,KPITTECH,2026-07-07,564.0,564.0,555.0,564.0,0,2026-07-07T10:10:45.558638+00:00
d7de4d58-559f-4803-9f7b-45ceaf0e10f2,LICI,2026-07-07,436.0,436.0,435.0,436.0,0,2026-07-07T10:10:45.558638+00:00
f5ff7af3-f428-4fe7-850a-02d969cc86ed,LODHA,2026-07-07,1101.0,1103.0,1091.0,1101.0,0,2026-07-07T10:10:45.558638+00:00
f19e354c-3c06-416e-aa06-254b4e9ed669,LT,2026-07-07,3990.0,3999.0,3988.0,3990.0,0,2026-07-07T10:10:45.558638+00:00
15b6c4c6-6ab6-4de4-b3b6-ff584b33772c,LTF,2026-07-07,335.0,335.0,334.0,335.0,0,2026-07-07T10:10:45.558638+00:00
f4d6eeaf-4ebc-4eb8-8b3a-2f1311718b6f,LUPIN,2026-07-07,2496.0,2496.0,2496.0,2496.0,0,2026-07-07T10:10:45.558638+00:00
539d43cc-dbbb-4eaf-9ddb-6da78f6546f0,M&M,2026-07-07,3195.0,3205.0,3190.0,3195.0,0,2026-07-07T10:10:45.558638+00:00
d317e0b2-c9ad-4c87-b758-55daaf69cb9b,MANAPPURAM,2026-07-07,341.0,345.0,340.0,341.0,0,2026-07-07T10:10:45.558638+00:00
f963a767-d4f8-4098-8f49-59bd5adae595,MANKIND,2026-07-07,2535.0,2542.0,2531.0,2535.0,0,2026-07-07T10:10:45.558638+00:00
8ad4d366-06dd-4ef8-8ed4-f610dc7c4ef5,MARICO,2026-07-07,842.0,842.0,840.0,842.0,0,2026-07-07T10:10:45.558638+00:00
a6a1a678-dfc3-41d5-82af-453b8012fc9f,360ONE,2026-07-09,1093.0,1102.0,1093.0,1100.0,0,2026-07-09T10:13:37.065139+00:00
e7202e56-a46b-4a65-b021-558c7fd2a32f,ABCAPITAL,2026-07-09,396.0,400.0,395.0,400.0,0,2026-07-09T10:13:37.065139+00:00
979eaad3-0646-4891-b7d7-c50c47c42bf0,ADANIENSOL,2026-07-09,1674.0,1674.0,1650.0,1658.0,0,2026-07-09T10:13:37.065139+00:00
32965c3a-f9f0-4cdd-acfd-39c031537670,BSE,2026-07-06,3761.0,3805.0,3732.0,3805.0,0,2026-07-06T10:08:29.690131+00:00
16e2f65c-d214-4db4-95af-bb1a846da1be,CYIENT,2026-07-06,893.0,893.0,879.0,879.0,0,2026-07-06T10:08:29.690131+00:00
5f164596-3b5e-48fa-9b1e-95fdaf7e5953,DABUR,2026-07-06,443.0,449.0,440.0,449.0,0,2026-07-06T10:08:29.690131+00:00
3cbe6742-0bbd-4d9f-b8e6-52323595b488,DALBHARAT,2026-07-06,1767.0,1774.0,1766.0,1771.0,0,2026-07-06T10:08:29.690131+00:00
e156996c-db40-467f-ade7-409a9e73f1c5,DELHIVERY,2026-07-06,514.0,514.0,448.0,513.0,0,2026-07-06T10:08:29.690131+00:00
c1c21742-3a8e-4596-ab7e-50219fa0b94e,DIVISLAB,2026-07-06,6818.0,6818.0,6768.0,6809.0,0,2026-07-06T10:08:29.690131+00:00
ad5e4d82-8163-4422-851b-22acd787f62d,DIXON,2026-07-06,12440.0,13179.0,12440.0,13179.0,0,2026-07-06T10:08:29.690131+00:00
a7a0789c-2596-418b-bcd6-5d9ef0cc62b9,DLF,2026-07-06,675.0,682.0,675.0,678.0,0,2026-07-06T10:08:29.690131+00:00
c98fe9ae-057f-426d-9af1-adfa00e0fdc8,ADANIENT,2026-07-09,3080.0,3080.0,3057.0,3060.0,0,2026-07-09T10:13:37.065139+00:00
5815a720-8b3f-4b34-9606-64e1d4648921,ADANIGREEN,2026-07-09,1502.0,1519.0,1502.0,1504.0,0,2026-07-09T10:13:37.065139+00:00
969cc195-8a3f-4d2e-bdca-bc9ad4599a33,ADANIPORTS,2026-07-09,1806.0,1816.0,1803.0,1806.0,0,2026-07-09T10:13:37.065139+00:00
93583899-5b3d-4ef8-ba02-4f3535e409db,ALKEM,2026-07-09,5665.0,5684.0,5591.0,5650.0,0,2026-07-09T10:13:37.065139+00:00
fe890a67-7255-4956-9855-e5a73251324f,IEX,2026-07-09,118.0,118.0,118.0,118.0,0,2026-07-09T10:13:37.065139+00:00
496784b7-a767-431b-b073-2b5825a4d7d0,ABB,2026-07-10,6878.0,6878.0,6843.0,6843.0,0,2026-07-10T10:15:53.013733+00:00
cd06c7ca-d6ec-425f-958c-90a59b292b7d,ANGELONE,2026-07-10,348.0,348.0,345.0,345.0,0,2026-07-10T10:15:53.013733+00:00
f6e6b37b-4c6b-41d7-8279-f77f6e928de3,APLAPOLLO,2026-07-10,1811.0,1836.0,1811.0,1836.0,0,2026-07-10T10:15:53.013733+00:00
f1740d0e-a3d2-49bb-bbb5-8ec495b2dbbe,APOLLOHOSP,2026-07-10,8876.0,8876.0,8786.0,8824.0,0,2026-07-10T10:15:53.013733+00:00
33d0ef2d-7c58-474c-b82a-facb323b5c0e,SRF,2026-07-10,2741.0,2786.0,2741.0,2781.0,0,2026-07-10T10:15:53.013733+00:00
e80aaff9-bcaf-4d1f-9920-1fe46b6dc347,SUNPHARMA,2026-07-10,1935.0,1953.0,1931.0,1931.0,0,2026-07-10T10:15:53.013733+00:00
959c2065-b744-4f66-ae92-e78a7c653594,SUPREMEIND,2026-07-10,3248.0,3308.0,3248.0,3308.0,0,2026-07-10T10:15:53.013733+00:00
7620f1fe-4524-4f55-8598-fe325a6102d0,SUZLON,2026-07-10,54.0,54.0,54.0,54.0,0,2026-07-10T10:15:53.013733+00:00
b00369e9-3db6-46a3-821d-c8ea493e9c6f,SYNGENE,2026-07-10,421.0,421.0,420.0,420.0,0,2026-07-10T10:15:53.013733+00:00
4325b2ad-b2b6-4587-9a16-04e10f69d32f,TATACONSUM,2026-07-10,1113.0,1115.0,1108.0,1111.0,0,2026-07-10T10:15:53.013733+00:00
082a9e4d-5b4b-44f1-a62c-74172b262a1f,TATASTEEL,2026-07-10,190.0,191.0,190.0,191.0,0,2026-07-10T10:15:53.013733+00:00
4892a9b9-180a-4118-960a-83bd81c5c781,TCS,2026-07-10,2059.0,2079.0,2059.0,2069.0,0,2026-07-10T10:15:53.013733+00:00
1fa01bda-ecaf-4165-9506-a3f049636bf5,LICI,2026-07-10,438.0,444.0,438.0,443.0,0,2026-07-10T10:15:53.013733+00:00
65a55f8b-03df-4c80-a7f6-2365056803ed,IOC,2026-07-06,141.0,143.0,141.0,143.0,0,2026-07-06T10:08:29.690131+00:00
a4e8ef2f-4df5-4775-b3a1-ce7112de3679,IRCTC,2026-07-06,510.0,510.0,509.0,509.0,0,2026-07-06T10:08:29.690131+00:00
39c550c2-6efb-49c3-890f-4bab549129e1,IREDA,2026-07-06,128.0,128.0,127.0,127.0,0,2026-07-06T10:08:29.690131+00:00
aa79e803-8284-44d7-8493-9eb74d3b3ee2,IRFC,2026-07-06,90.0,90.0,90.0,90.0,0,2026-07-06T10:08:29.690131+00:00
8a8f99f8-516f-4ffa-884b-ced4066c5bee,NTPC,2026-07-06,357.0,358.0,356.0,356.0,0,2026-07-06T10:08:29.690131+00:00
7e22ea6b-ad4a-4345-8b92-74bc2968fdd0,NUVAMA,2026-07-06,1876.0,1876.0,1855.0,1857.0,0,2026-07-06T10:08:29.690131+00:00
adc412fb-f5ff-43a1-a30c-ceebdc0367a3,NYKAA,2026-07-06,318.0,318.0,313.0,314.0,0,2026-07-06T10:08:29.690131+00:00
705457f6-84b1-49f2-a4a6-c9c10856f532,OFSS,2026-07-06,11199.0,11199.0,11126.0,11132.0,0,2026-07-06T10:08:29.690131+00:00
f629a184-9626-43ca-85f4-b3c906319fab,PETRONET,2026-07-06,276.0,276.0,274.0,276.0,0,2026-07-06T10:08:29.690131+00:00
52c4f489-f4b5-4491-9be2-6a09a7b7662a,PFC,2026-07-06,426.0,426.0,422.0,422.0,0,2026-07-06T10:08:29.690131+00:00
eedfd951-9fd8-4de9-ba04-364fcecea751,PGEL,2026-07-06,558.0,565.0,558.0,563.0,0,2026-07-06T10:08:29.690131+00:00
ba4add28-fe55-4d2c-83a4-17506f80f697,PHOENIXLTD,2026-07-06,2045.0,2102.0,2042.0,2102.0,0,2026-07-06T10:08:29.690131+00:00
28544b35-f154-40c0-8376-5d60faa59f14,PIDILITIND,2026-07-06,1610.0,1618.0,1609.0,1618.0,0,2026-07-06T10:08:29.690131+00:00
7022a9e1-d8ea-42bc-8d9c-8237dda359c7,PIIND,2026-07-06,2639.0,2673.0,2639.0,2673.0,0,2026-07-06T10:08:29.690131+00:00
ee25dcda-d726-4a4d-a6d1-22558e03f99d,POWERGRID,2026-07-06,289.0,289.0,285.0,286.0,0,2026-07-06T10:08:29.690131+00:00
b926fd82-368b-4ad2-b654-825840f9f273,PPLPHARMA,2026-07-06,169.0,179.0,169.0,178.0,0,2026-07-06T10:08:29.690131+00:00
f2382117-6cbf-4851-9247-a742daa18030,RECLTD,2026-07-06,365.0,365.0,363.0,364.0,0,2026-07-06T10:08:29.690131+00:00
5e94721a-1558-45e1-85dd-df519189f532,APOLLOHOSP,2026-07-07,8853.0,8853.0,8853.0,8853.0,0,2026-07-07T10:10:45.558638+00:00
9a783883-b637-4997-90d0-b3b3b136d5f8,ASHOKLEY,2026-07-07,164.0,166.0,164.0,164.0,0,2026-07-07T10:10:45.558638+00:00
675422a2-0386-40b1-894f-912eef622f16,AUROPHARMA,2026-07-07,1583.0,1593.0,1583.0,1583.0,0,2026-07-07T10:10:45.558638+00:00
793c4b2c-9209-44f6-be77-f31cf8107757,AXISBANK,2026-07-07,1340.0,1348.0,1340.0,1340.0,0,2026-07-07T10:10:45.558638+00:00
a297bc26-00a2-47e5-9632-7db7aefd9ed6,BAJAJFINSV,2026-07-07,1885.0,1897.0,1881.0,1885.0,0,2026-07-07T10:10:45.558638+00:00
c32df8e7-d47a-4f96-bcd6-d867fa9a4b11,BRITANNIA,2026-07-07,5443.0,5448.0,5443.0,5443.0,0,2026-07-07T10:10:45.558638+00:00
67b36358-f3aa-448a-9fe2-464e8a711e39,CAMS,2026-07-07,775.0,781.0,775.0,775.0,0,2026-07-07T10:10:45.558638+00:00
c7887208-fb02-4957-bf53-cbb67c2e6c5f,CDSL,2026-07-07,1360.0,1360.0,1349.0,1360.0,0,2026-07-07T10:10:45.558638+00:00
f9e46ab6-2c83-401b-8821-3ed2eec6a87f,CGPOWER,2026-07-07,911.0,912.0,901.0,911.0,0,2026-07-07T10:10:45.558638+00:00
93176803-86c3-4c6a-b04d-f5e4e89972e5,CHOLAFIN,2026-07-07,1858.0,1858.0,1344.0,1858.0,0,2026-07-07T10:10:45.558638+00:00
1c3c0b32-2cf5-42d6-9de1-428c062a8a95,CIPLA,2026-07-07,1464.0,1464.0,1464.0,1464.0,0,2026-07-07T10:10:45.558638+00:00
3a0796cf-19e6-47c6-acab-06c442d67620,BAJFINANCE,2026-07-08,1027.0,1032.0,1027.0,1032.0,0,2026-07-08T10:11:15.313523+00:00
16be9334-2dfa-4e5c-8315-e58f0cb3b560,COLPAL,2026-07-09,2050.0,2067.0,2050.0,2061.0,0,2026-07-09T10:13:37.065139+00:00
f2f91d45-df56-44c6-917f-19362bf6cfd9,CONCOR,2026-07-09,457.0,457.0,457.0,457.0,0,2026-07-09T10:13:37.065139+00:00
9cf60d28-1db0-43ed-8965-92e672bf9519,RELIANCE,2026-07-06,1303.0,1322.0,1303.0,1322.0,0,2026-07-06T10:08:29.690131+00:00
5f845a67-62f7-45c1-ae2b-62d0ca34261c,RVNL,2026-07-06,236.0,236.0,234.0,234.0,0,2026-07-06T10:08:29.690131+00:00
e78edcfd-b423-48d0-9055-c659a9536adc,SAMMAANCAP,2026-07-06,176.0,176.0,170.0,176.0,0,2026-07-06T10:08:29.690131+00:00
55bbe0d7-13b8-4901-83f0-5cf15ae25c14,SHRIRAMFIN,2026-07-06,1074.0,1075.0,1063.0,1065.0,0,2026-07-06T10:08:29.690131+00:00
de4dcb7a-7d61-4bb6-9623-48d8f40ddf03,TRENT,2026-07-08,2942.0,2951.0,2919.0,2919.0,0,2026-07-08T10:11:15.313523+00:00
7a27d164-85c3-4fad-9831-36dcab18b3c1,TVSMOTOR,2026-07-08,3718.0,3733.0,3667.0,3667.0,0,2026-07-08T10:11:15.313523+00:00
99a7230f-0a3e-47e2-aeab-ef19e5981d57,UNOMINDA,2026-07-08,1133.0,1149.0,1123.0,1124.0,0,2026-07-08T10:11:15.313523+00:00
3e47cfd6-f33a-4a10-a49c-6f2d6a3399eb,VBL,2026-07-08,480.0,480.0,474.0,474.0,0,2026-07-08T10:11:15.313523+00:00
969389e5-fb1a-47b9-892f-0cfb649575bf,VOLTAS,2026-07-08,1273.0,1283.0,1273.0,1275.0,0,2026-07-08T10:11:15.313523+00:00
e78cf961-d7e0-4c9c-abcc-d7f5007689b3,ADANIENT,2026-07-08,3113.0,3212.0,3080.0,3080.0,0,2026-07-08T10:11:15.313523+00:00
7844b8c7-b115-4067-a49d-c58cb8afd3c0,ALKEM,2026-07-08,5653.0,5653.0,5591.0,5614.0,0,2026-07-08T10:11:15.313523+00:00
9a26f5b4-0517-414f-b3aa-8405376f9888,BAJAJFINSV,2026-07-09,1861.0,1902.0,1861.0,1891.0,0,2026-07-09T10:13:37.065139+00:00
eb7f4e41-b6be-4215-a165-2f716a6cf4d2,BAJAJ_AUTO,2026-07-09,10142.0,10232.0,10128.0,10172.0,0,2026-07-09T10:13:37.065139+00:00
30762835-c9df-46fb-96d0-2c3c87f62cf7,BAJFINANCE,2026-07-09,1032.0,1032.0,999.0,1005.0,0,2026-07-09T10:13:37.065139+00:00
44e1c989-ee3e-4126-8273-fa1f667c3698,BLUESTARCO,2026-07-09,1607.0,1620.0,1607.0,1610.0,0,2026-07-09T10:13:37.065139+00:00
58e1218a-6b58-4618-ab05-248104ab9216,CHOLAFIN,2026-07-09,1812.0,1812.0,1804.0,1804.0,0,2026-07-09T10:13:37.065139+00:00
6f3d9c73-cf87-4e4a-9e49-8dff4769d2fd,CIPLA,2026-07-09,1457.0,1457.0,1444.0,1447.0,0,2026-07-09T10:13:37.065139+00:00
c001a1e2-2ac8-4f92-94e8-b10e93ba3fca,COALINDIA,2026-07-09,430.0,435.0,430.0,432.0,0,2026-07-09T10:13:37.065139+00:00
b19c884a-57f4-4bca-a236-c7cd3036e5bb,COCHINSHIP,2026-07-09,1415.0,1425.0,1410.0,1417.0,0,2026-07-09T10:13:37.065139+00:00
22a81c2c-b3ae-471e-8247-1ce8f372c764,SIEMENS,2026-07-06,3558.0,3558.0,3521.0,3532.0,0,2026-07-06T10:08:29.690131+00:00
e36587c6-3c36-483e-a48d-5f2acb412b5a,SOLARINDS,2026-07-06,18545.0,18825.0,18477.0,18477.0,0,2026-07-06T10:08:29.690131+00:00
d3cbc895-bd0d-4525-8845-f6a244a88e54,SONACOMS,2026-07-06,663.0,664.0,662.0,662.0,0,2026-07-06T10:08:29.690131+00:00
78ddc79f-aa84-4a85-8b46-5b84f4f188f4,SRF,2026-07-06,2818.0,2845.0,2818.0,2835.0,0,2026-07-06T10:08:29.690131+00:00
eb6aeb27-9b07-40d5-8e5b-134322dba132,SUNPHARMA,2026-07-06,1910.0,1912.0,1906.0,1912.0,0,2026-07-06T10:08:29.690131+00:00
55d1957c-6462-4764-bbdc-98402238d77d,SUPREMEIND,2026-07-06,3267.0,3267.0,3230.0,3230.0,0,2026-07-06T10:08:29.690131+00:00
9754c1a9-6d6a-4524-8fc7-d8dbde44bfe4,SUZLON,2026-07-06,55.0,56.0,55.0,55.0,0,2026-07-06T10:08:29.690131+00:00
d78459aa-6e20-40e3-8f51-a03e9aed3f87,SYNGENE,2026-07-06,443.0,443.0,428.0,428.0,0,2026-07-06T10:08:29.690131+00:00
9dcf23ea-3d07-457b-99b6-61e0a52a2a1f,TATACONSUM,2026-07-06,1107.0,1119.0,1107.0,1117.0,0,2026-07-06T10:08:29.690131+00:00
47b8dee3-e1ba-43df-b2e7-7670bf0b5a25,TATAELXSI,2026-07-06,3657.0,3665.0,3657.0,3657.0,0,2026-07-06T10:08:29.690131+00:00
3be3459e-8899-43f7-8182-b32a184a6e2c,TATAPOWER,2026-07-06,378.0,378.0,376.0,377.0,0,2026-07-06T10:08:29.690131+00:00
51c96ea4-4268-4050-8b11-951dabe02561,GODREJCP,2026-07-07,1095.0,1100.0,1095.0,1095.0,0,2026-07-07T10:10:45.558638+00:00
e1af4b4d-eeff-481e-95b6-fc7af9130f0e,GODREJPROP,2026-07-07,2033.0,2034.0,2027.0,2033.0,0,2026-07-07T10:10:45.558638+00:00
7a4662d3-9ee6-45ef-a4c7-d4d927b999ad,GRASIM,2026-07-07,3188.0,3207.0,3188.0,3188.0,0,2026-07-07T10:10:45.558638+00:00
f1789a3b-24b1-4fdf-a18c-0fb8d3914cc5,HAL,2026-07-07,4410.0,4452.0,4391.0,4410.0,0,2026-07-07T10:10:45.558638+00:00
3f08fb02-d5e0-4ebf-9dcf-21e9c1eb8e66,HCLTECH,2026-07-07,1168.0,1174.0,1148.0,1168.0,0,2026-07-07T10:10:45.558638+00:00
6b730fc3-8162-479b-82c8-23e36980ab6b,HDFCAMC,2026-07-07,2770.0,2783.0,2756.0,2770.0,0,2026-07-07T10:10:45.558638+00:00
f5e8734b-5ae5-4ed6-a436-1791e0042b92,HDFCBANK,2026-07-07,828.0,838.0,828.0,828.0,0,2026-07-07T10:10:45.558638+00:00
6d5a9891-0782-418d-b6d9-ead61c2caa89,HDFCLIFE,2026-07-07,568.0,568.0,566.0,568.0,0,2026-07-07T10:10:45.558638+00:00
785206f0-0963-4b7b-8474-2b07ee4aa0b0,HEROMOTOCO,2026-07-07,4998.0,5005.0,4937.0,4998.0,0,2026-07-07T10:10:45.558638+00:00
4f39771c-f01b-4c87-9ff1-6e798bd98c22,HFCL,2026-07-07,227.0,227.0,220.0,227.0,0,2026-07-07T10:10:45.558638+00:00
2b7b8b6e-50c8-405f-92fc-5182c048c5e5,HINDALCO,2026-07-07,966.0,977.0,966.0,966.0,0,2026-07-07T10:10:45.558638+00:00
ad9e5fe9-7280-4b72-80f4-a3c093d26cb5,HINDPETRO,2026-07-07,404.0,405.0,403.0,404.0,0,2026-07-07T10:10:45.558638+00:00
4e62c49a-3694-49ea-bf67-0f3f33919caa,ZYDUSLIFE,2026-07-09,1147.0,1168.0,1147.0,1157.0,0,2026-07-09T10:13:37.065139+00:00
e0a132a9-0f7a-446e-bf8a-708028c3ed26,OBEROIRLTY,2026-07-06,1965.0,1975.0,1965.0,1968.0,0,2026-07-06T10:08:29.690131+00:00
8530d7be-1550-45e5-af2c-85b7260ffa92,ONGC,2026-07-06,239.0,244.0,239.0,244.0,0,2026-07-06T10:08:29.690131+00:00
0ff8683c-cb2d-4bba-8edc-54b7a793dc27,PAGEIND,2026-07-06,42870.0,42870.0,42265.0,42445.0,0,2026-07-06T10:08:29.690131+00:00
512162d1-37d3-4bea-8172-7e20b52ca1e3,PATANJALI,2026-07-06,415.0,416.0,415.0,416.0,0,2026-07-06T10:08:29.690131+00:00
c00a0704-f2e4-4d19-861d-d657f2382c4d,PRESTIGE,2026-07-06,1672.0,1702.0,1672.0,1702.0,0,2026-07-06T10:08:29.690131+00:00
27c8521b-25c8-4b5c-b4d5-a8399da0fa94,RBLBANK,2026-07-06,359.0,364.0,359.0,364.0,0,2026-07-06T10:08:29.690131+00:00
f459be04-f7ad-41c2-86df-28e407778f57,SAIL,2026-07-06,169.0,171.0,169.0,170.0,0,2026-07-06T10:08:29.690131+00:00
172b616c-affa-4bbd-a034-39bd699b3f70,JSWSTEEL,2026-07-09,1225.0,1233.0,1225.0,1226.0,0,2026-07-09T10:13:37.065139+00:00
a62d0730-34d2-4fd9-a372-95d87be5a3ed,TITAN,2026-07-09,4664.0,4664.0,4581.0,4590.0,0,2026-07-09T10:13:37.065139+00:00
bc195244-4e2e-49c2-bada-c1f368baaed7,TMPV,2026-07-09,333.0,334.0,332.0,332.0,0,2026-07-09T10:13:37.065139+00:00
64aa2755-636a-43ba-ab77-8e97048777fa,ULTRACEMCO,2026-07-09,11454.0,11545.0,11451.0,11545.0,0,2026-07-09T10:13:37.065139+00:00
908a58d7-2c15-4023-a2c3-929294e3bb80,UNIONBANK,2026-07-09,156.0,156.0,156.0,156.0,0,2026-07-09T10:13:37.065139+00:00
7c256c5e-bd89-4fc3-9cb5-f5afc99adc29,UNITDSPR,2026-07-09,1422.0,1422.0,1402.0,1406.0,0,2026-07-09T10:13:37.065139+00:00
7ed14d70-7e8e-4c76-be4e-91ee1e7b3318,UNOMINDA,2026-07-09,1124.0,1158.0,1124.0,1158.0,0,2026-07-09T10:13:37.065139+00:00
96c36506-240b-4126-865e-d4d2337afdf8,UPL,2026-07-09,583.0,585.0,583.0,583.0,0,2026-07-09T10:13:37.065139+00:00
624e0bb7-6d60-43d1-8e13-f32cb7cf8bed,VBL,2026-07-09,482.0,482.0,477.0,479.0,0,2026-07-09T10:13:37.065139+00:00
3b6c0297-7246-4d7e-afdf-ec779058d44c,BOSCHLTD,2026-07-09,41700.0,42300.0,41700.0,41840.0,0,2026-07-09T10:13:37.065139+00:00
830d6d0c-5ebe-4033-9097-12d83066b7dc,BPCL,2026-07-09,305.0,307.0,305.0,307.0,0,2026-07-09T10:13:37.065139+00:00
cb5d9ab0-1b97-493f-b966-ba513524f3b8,BRITANNIA,2026-07-09,5356.0,5386.0,5348.0,5349.0,0,2026-07-09T10:13:37.065139+00:00
6a790101-d95f-435e-b8ff-957dbf477285,BSE,2026-07-09,3692.0,3820.0,3692.0,3812.0,0,2026-07-09T10:13:37.065139+00:00
12f60ad9-2796-4896-b7c3-3e7a320b2cc3,CAMS,2026-07-09,761.0,778.0,760.0,778.0,0,2026-07-09T10:13:37.065139+00:00
5bec16f3-e69b-4ea3-9283-8a684d8bebc9,CANBK,2026-07-09,122.0,125.0,122.0,125.0,0,2026-07-09T10:13:37.065139+00:00
f7702cac-55a3-4663-8e40-1d6ad3204e2b,SIEMENS,2026-07-10,3471.0,3527.0,3471.0,3527.0,0,2026-07-10T10:15:53.013733+00:00
9b9ede89-3aa9-473b-92a4-eb9933441b36,ULTRACEMCO,2026-07-10,11686.0,11690.0,11677.0,11690.0,0,2026-07-10T10:15:53.013733+00:00
f5723bfc-2a0a-416f-b3a8-cea1f0151bea,UNIONBANK,2026-07-10,156.0,164.0,156.0,164.0,0,2026-07-10T10:15:53.013733+00:00
d337f53b-3772-4218-9dd7-5cb485cfe73e,UNITDSPR,2026-07-10,1379.0,1388.0,1379.0,1388.0,0,2026-07-10T10:15:53.013733+00:00
cb752e0d-f259-44ee-b095-13383ec043ee,UNOMINDA,2026-07-10,1172.0,1172.0,1163.0,1163.0,0,2026-07-10T10:15:53.013733+00:00
cac2237a-d40f-487c-a407-f791432f7429,TATATECH,2026-07-08,736.0,736.0,720.0,720.0,0,2026-07-08T10:11:15.313523+00:00
2acc2b4c-050e-4522-8e81-a6e8007ff922,TITAN,2026-07-08,4601.0,4628.0,4579.0,4579.0,0,2026-07-08T10:11:15.313523+00:00
ce19f48b-bd67-4158-b3be-18689abca2d1,TMPV,2026-07-08,344.0,344.0,333.0,333.0,0,2026-07-08T10:11:15.313523+00:00
171daa3a-0ae7-4957-80af-159b26ae5c1e,TORNTPHARM,2026-07-08,4902.0,4912.0,4853.0,4880.0,0,2026-07-08T10:11:15.313523+00:00
9dcb7595-c403-414a-a2fe-dfc4342c362a,UPL,2026-07-10,595.0,598.0,595.0,595.0,0,2026-07-10T10:15:53.013733+00:00
e1bbd198-5ffb-40be-a553-8e73ee09239b,HAVELLS,2026-07-06,1178.0,1189.0,1178.0,1183.0,0,2026-07-06T10:08:29.690131+00:00
f6fe9da3-46a5-486d-ac78-a2b31faa2307,HCLTECH,2026-07-06,1141.0,1142.0,1134.0,1134.0,0,2026-07-06T10:08:29.690131+00:00
8168e71c-dd6d-4e7a-a1d9-e807fccde601,HDFCBANK,2026-07-06,816.0,830.0,816.0,830.0,0,2026-07-06T10:08:29.690131+00:00
26846017-6751-4a6d-876f-7902980f41be,HDFCLIFE,2026-07-06,569.0,570.0,567.0,568.0,0,2026-07-06T10:08:29.690131+00:00
6e961d77-4940-458d-be95-63a665c49cb9,HEROMOTOCO,2026-07-06,4859.0,4937.0,4859.0,4937.0,0,2026-07-06T10:08:29.690131+00:00
a45766b1-f514-4e8c-857a-b3f8350ab72d,HFCL,2026-07-06,213.0,225.0,213.0,225.0,0,2026-07-06T10:08:29.690131+00:00
e604ad8e-fffb-40a1-9af9-a3e8b61164b4,HINDALCO,2026-07-06,965.0,971.0,965.0,971.0,0,2026-07-06T10:08:29.690131+00:00
8f8fb730-bee2-41b6-aba4-ae2dd467a84f,ICICIBANK,2026-07-06,1423.0,1427.0,1418.0,1427.0,0,2026-07-06T10:08:29.690131+00:00
131e8ed5-0577-4a4c-a64d-6b95453c0edc,POLICYBZR,2026-07-10,1575.0,1583.0,1575.0,1583.0,0,2026-07-10T10:15:53.013733+00:00
a3967410-c5f9-4a7d-a440-3bed9a68fc05,POLYCAB,2026-07-10,9113.0,9230.0,9113.0,9230.0,0,2026-07-10T10:15:53.013733+00:00
a4654e53-d2ae-43ac-b1df-b401dc8c48b1,POWERGRID,2026-07-10,281.0,283.0,281.0,283.0,0,2026-07-10T10:15:53.013733+00:00
e2d2d167-6e36-495b-9368-8c67607246b9,PPLPHARMA,2026-07-10,172.0,177.0,172.0,177.0,0,2026-07-10T10:15:53.013733+00:00
b4f8d76c-95dd-419f-b85e-56baa689fd07,PRESTIGE,2026-07-10,1676.0,1734.0,1675.0,1734.0,0,2026-07-10T10:15:53.013733+00:00
06449907-2a8a-432b-a2fa-bf3c53a79c0b,RBLBANK,2026-07-10,368.0,379.0,368.0,379.0,0,2026-07-10T10:15:53.013733+00:00
60cb019f-d8bb-4b05-81ea-d02db256046b,RECLTD,2026-07-10,348.0,354.0,348.0,353.0,0,2026-07-10T10:15:53.013733+00:00
41db4520-d27d-42f3-a3af-173b85622453,RELIANCE,2026-07-10,1298.0,1303.0,1298.0,1303.0,0,2026-07-10T10:15:53.013733+00:00
6b336672-66f9-40bf-8250-55d7e084fbb3,RVNL,2026-07-10,226.0,233.0,226.0,233.0,0,2026-07-10T10:15:53.013733+00:00
0126ed1c-e29e-47e3-b9c7-78f1f514774c,SAIL,2026-07-10,165.0,171.0,165.0,171.0,0,2026-07-10T10:15:53.013733+00:00
73e9b6ae-0e4b-4c56-9309-50c9166be0be,SAMMAANCAP,2026-07-10,166.0,167.0,165.0,167.0,0,2026-07-10T10:15:53.013733+00:00
a9005ecf-1871-4d94-9b0c-520a88eb2bd0,SBICARD,2026-07-10,587.0,614.0,587.0,614.0,0,2026-07-10T10:15:53.013733+00:00
919bcd53-1ba6-4a07-9ba3-712c8f0dcf50,SBILIFE,2026-07-10,1851.0,1856.0,1848.0,1856.0,0,2026-07-10T10:15:53.013733+00:00
1f3c056e-97e3-4bef-988b-af03f30b8a35,SBIN,2026-07-10,1030.0,1034.0,1030.0,1034.0,0,2026-07-10T10:15:53.013733+00:00
d82e5bef-78c4-452c-a7f1-6733a813c83f,SHREECEM,2026-07-10,26610.0,26690.0,26575.0,26690.0,0,2026-07-10T10:15:53.013733+00:00
5fbd510d-fd0e-4dd3-82a7-c1e892a87239,SHRIRAMFIN,2026-07-10,1047.0,1047.0,1044.0,1046.0,0,2026-07-10T10:15:53.013733+00:00
44dd6982-19f5-4a27-a936-bc8c019f33f3,NAUKRI,2026-07-06,1035.0,1035.0,1021.0,1025.0,0,2026-07-06T10:08:29.690131+00:00
8ebecfa4-8436-47b2-aa03-b4cafa6e7e16,NCC,2026-07-06,149.0,150.0,149.0,150.0,0,2026-07-06T10:08:29.690131+00:00
20b28fff-f041-416d-9d66-2e38fbf8ae44,NESTLEIND,2026-07-06,1454.0,1469.0,1454.0,1469.0,0,2026-07-06T10:08:29.690131+00:00
d08f6353-273a-453a-b2b7-91464fb952a7,NHPC,2026-07-06,80.0,81.0,80.0,80.0,0,2026-07-06T10:08:29.690131+00:00
cbbc90dc-9fc4-4570-bfdc-71406949d298,NMDC,2026-07-06,86.0,86.0,84.0,85.0,0,2026-07-06T10:08:29.690131+00:00
6857cbc1-db8d-4f38-9162-81c213e59a46,IEX,2026-07-07,123.0,123.0,123.0,123.0,0,2026-07-07T10:10:45.558638+00:00
e0cd372f-1e6b-4fd0-b825-1546dea99951,DLF,2026-07-08,653.0,655.0,650.0,653.0,0,2026-07-08T10:11:15.313523+00:00
6db0f84d-914d-40a0-8050-e0e4cc48f052,INDIANB,2026-07-09,772.0,782.0,772.0,782.0,0,2026-07-09T10:13:37.065139+00:00
cb2a59c0-a389-4a44-be7e-adaded870ea4,INDIGO,2026-07-09,5230.0,5230.0,5217.0,5226.0,0,2026-07-09T10:13:37.065139+00:00
9cc164ae-53b6-47b2-a364-88cad5a9a6ab,INDUSINDBK,2026-07-09,1003.0,1018.0,1003.0,1018.0,0,2026-07-09T10:13:37.065139+00:00
98a1808f-ce84-4ce0-a237-688b951e9cab,INDUSTOWER,2026-07-09,396.0,397.0,394.0,397.0,0,2026-07-09T10:13:37.065139+00:00
f48fdde6-9860-47d1-ab13-c0fddf968a04,INFY,2026-07-09,1071.0,1071.0,1014.0,1055.0,0,2026-07-09T10:13:37.065139+00:00
11ea4bcd-a2c0-47af-b148-4ba0e2752eb8,INOXWIND,2026-07-09,83.0,84.0,82.0,82.0,0,2026-07-09T10:13:37.065139+00:00
135954a7-4ba0-4205-bfe4-475a8c8a7c71,IOC,2026-07-09,138.0,139.0,137.0,139.0,0,2026-07-09T10:13:37.065139+00:00
b0781ae2-1ab4-48bb-816c-edd43a05591e,IRCTC,2026-07-09,500.0,500.0,496.0,496.0,0,2026-07-09T10:13:37.065139+00:00
657fa3c9-9e51-4390-93ce-29a72a7fa3b6,LUPIN,2026-07-06,2500.0,2500.0,2484.0,2491.0,0,2026-07-06T10:08:29.690131+00:00
149dbec4-89c2-4233-9124-22019593885f,M&M,2026-07-06,3140.0,3177.0,3140.0,3177.0,0,2026-07-06T10:08:29.690131+00:00
fc3b7745-4651-4156-bdd3-8d09b964a0ee,MANAPPURAM,2026-07-06,332.0,345.0,332.0,345.0,0,2026-07-06T10:08:29.690131+00:00
e84d3e53-bce3-43cc-8159-39fc59a8ccc5,MANKIND,2026-07-06,2526.0,2527.0,2512.0,2523.0,0,2026-07-06T10:08:29.690131+00:00
d8fa1102-18f1-4b21-a90c-e00477c7e952,MARICO,2026-07-06,844.0,844.0,839.0,839.0,0,2026-07-06T10:08:29.690131+00:00
070829be-1411-4abe-b93a-6bbea1485595,MARUTI,2026-07-06,14403.0,14473.0,14403.0,14473.0,0,2026-07-06T10:08:29.690131+00:00
e6b35214-fa99-4265-9651-ef7f3729f6b8,MAZDOCK,2026-07-06,2557.0,2578.0,2554.0,2574.0,0,2026-07-06T10:08:29.690131+00:00
4d95b0cf-d8c0-4a43-9282-810fd7d88ac5,MCX,2026-07-06,2833.0,2833.0,2743.0,2743.0,0,2026-07-06T10:08:29.690131+00:00
45266e0a-bb2b-4d30-8c0b-9e4c211a1d5c,MOTHERSON,2026-07-06,147.0,147.0,145.0,146.0,0,2026-07-06T10:08:29.690131+00:00
a0315728-6305-4642-86ec-f752f00e3aa1,MOTILALOFS,2026-07-06,968.0,968.0,950.0,951.0,0,2026-07-06T10:08:29.690131+00:00
adc9ceb1-739a-45de-85a3-74f53bfe2e86,MUTHOOTFIN,2026-07-06,3098.0,3140.0,3089.0,3132.0,0,2026-07-06T10:08:29.690131+00:00
45ddd8bc-05fe-4576-a8e1-855d494cbe1f,NATIONALUM,2026-07-06,348.0,352.0,348.0,351.0,0,2026-07-06T10:08:29.690131+00:00
ede4307c-7568-4d34-9be8-f3719a2b3eea,EXIDEIND,2026-07-09,423.0,426.0,299.0,426.0,0,2026-07-09T10:13:37.065139+00:00
659090e5-20a1-48ef-a6b3-d29084a952f7,SOLARINDS,2026-07-07,17858.0,17858.0,17858.0,17858.0,0,2026-07-07T10:10:45.558638+00:00
b3ce9422-b384-4dc3-bebe-5870e61e4461,SONACOMS,2026-07-07,670.0,670.0,663.0,670.0,0,2026-07-07T10:10:45.558638+00:00
17b9026b-4f27-4f2f-940e-d640c0d6ef60,SRF,2026-07-07,2802.0,2830.0,2802.0,2802.0,0,2026-07-07T10:10:45.558638+00:00
433f8aa1-e3a0-4cb9-864e-c0fdb0dc70a0,SUNPHARMA,2026-07-07,1908.0,1914.0,1908.0,1908.0,0,2026-07-07T10:10:45.558638+00:00
e0e603b7-a051-46d7-8f65-bd5cd16130dc,SUPREMEIND,2026-07-07,3239.0,3264.0,3231.0,3239.0,0,2026-07-07T10:10:45.558638+00:00
6799ec59-97c1-4902-822e-323fb8b9b447,SUZLON,2026-07-07,54.0,55.0,54.0,54.0,0,2026-07-07T10:10:45.558638+00:00
844d760c-35f1-41e2-a16f-213514fc81a0,SYNGENE,2026-07-07,424.0,428.0,424.0,424.0,0,2026-07-07T10:10:45.558638+00:00
69c73363-4d06-4a0a-95fc-eb905031d9d1,TATACONSUM,2026-07-07,1126.0,1126.0,1115.0,1126.0,0,2026-07-07T10:10:45.558638+00:00
bc840cb1-2246-48ae-8038-8080dd276acc,TATAELXSI,2026-07-07,3708.0,3718.0,3677.0,3708.0,0,2026-07-07T10:10:45.558638+00:00
902f2505-3055-44bf-ae59-3e21dc1a0755,TATAPOWER,2026-07-07,377.0,378.0,377.0,377.0,0,2026-07-07T10:10:45.558638+00:00
436835d3-55d0-48bb-b786-c508aa4abd9d,TATASTEEL,2026-07-07,190.0,191.0,190.0,190.0,0,2026-07-07T10:10:45.558638+00:00
a1a6111a-240b-4f1d-982f-f5981f6d23ba,TATATECH,2026-07-07,736.0,736.0,733.0,736.0,0,2026-07-07T10:10:45.558638+00:00
d3b25ea2-7520-49ce-86e3-0b8d3f261d80,TCS,2026-07-07,2097.0,2108.0,2096.0,2097.0,0,2026-07-07T10:10:45.558638+00:00
47d6db91-564f-4039-a096-0d33afecb4c9,TECHM,2026-07-07,1451.0,1459.0,1421.0,1451.0,0,2026-07-07T10:10:45.558638+00:00
546066f9-b480-49c2-8d6c-8b159add2286,TIINDIA,2026-07-07,2960.0,2982.0,2957.0,2960.0,0,2026-07-07T10:10:45.558638+00:00
2217c3df-3ac5-43e7-ba18-db859a0a6ba8,TITAN,2026-07-07,4601.0,4632.0,4601.0,4601.0,0,2026-07-07T10:10:45.558638+00:00
b629bd51-7b0d-4af7-9345-98e7229d7328,TMPV,2026-07-07,344.0,344.0,344.0,344.0,0,2026-07-07T10:10:45.558638+00:00
1a448990-ce60-4f6f-bf67-edcd7295e4b8,TORNTPHARM,2026-07-07,4860.0,4861.0,4852.0,4860.0,0,2026-07-07T10:10:45.558638+00:00
a704bca0-dd4d-418a-a5a6-63128fed89f3,FEDERALBNK,2026-07-09,328.0,329.0,327.0,327.0,0,2026-07-09T10:13:37.065139+00:00
550a6685-f4d3-4070-bd7c-867c6a58a8ac,FORTIS,2026-07-09,944.0,957.0,944.0,957.0,0,2026-07-09T10:13:37.065139+00:00
a76ab1bf-7fe3-4ba9-8af6-24f62af71451,GAIL,2026-07-09,172.0,172.0,170.0,170.0,0,2026-07-09T10:13:37.065139+00:00
3c2974bb-2498-4659-97c6-b5335d9f9939,PAGEIND,2026-07-08,42260.0,42600.0,41710.0,41880.0,0,2026-07-08T10:11:15.313523+00:00
67190b0d-533d-496e-8301-b68d68dc91b6,PATANJALI,2026-07-08,414.0,415.0,408.0,408.0,0,2026-07-08T10:11:15.313523+00:00
5f3847ec-7c20-4f64-8f2f-c468c0271283,PAYTM,2026-07-08,1239.0,1248.0,1232.0,1232.0,0,2026-07-08T10:11:15.313523+00:00
d4546c9a-2625-425c-97e1-443a082bf865,PERSISTENT,2026-07-08,4855.0,4890.0,4761.0,4761.0,0,2026-07-08T10:11:15.313523+00:00
46a93728-52d8-47bf-bbaf-5e502a749f01,PFC,2026-07-08,417.0,417.0,405.0,405.0,0,2026-07-08T10:11:15.313523+00:00
ca076d6f-e8be-43e1-8410-70b706cbe246,PHOENIXLTD,2026-07-08,2087.0,2087.0,2029.0,2029.0,0,2026-07-08T10:11:15.313523+00:00
cde37b94-4831-4a3e-b197-63931521012e,PIDILITIND,2026-07-08,1607.0,1607.0,1601.0,1601.0,0,2026-07-08T10:11:15.313523+00:00
fd973865-238a-4c79-8689-7998b01bb8d9,PIIND,2026-07-08,2630.0,2630.0,2596.0,2596.0,0,2026-07-08T10:11:15.313523+00:00
498882c6-d078-4c43-82a7-6020e4fa214c,PNB,2026-07-08,102.0,103.0,101.0,101.0,0,2026-07-08T10:11:15.313523+00:00
a8d0f304-2ea4-4251-8699-f75915d8632f,MAXHEALTH,2026-07-10,1107.0,1109.0,1098.0,1104.0,0,2026-07-10T10:15:53.013733+00:00
2accd7f9-75ce-415e-98ee-2860ba978693,NAUKRI,2026-07-10,1218.0,1218.0,1175.0,1206.0,0,2026-07-10T10:15:53.013733+00:00
6e1f1bfb-bb15-447b-9327-f3e3965a4c1b,NBCC,2026-07-10,96.0,100.0,96.0,100.0,0,2026-07-10T10:15:53.013733+00:00
e317f7cd-eda4-4ca5-92b7-7572d0a2b396,NCC,2026-07-10,144.0,146.0,144.0,146.0,0,2026-07-10T10:15:53.013733+00:00
f966dc3f-0752-466e-969f-fc7cbf38e07c,NESTLEIND,2026-07-10,1463.0,1463.0,1450.0,1450.0,0,2026-07-10T10:15:53.013733+00:00
06475ddf-82b2-4e62-ba52-3e50e3c9d6ef,NHPC,2026-07-10,79.0,80.0,79.0,80.0,0,2026-07-10T10:15:53.013733+00:00
9980abc4-107c-4f30-b4e3-a831d67118f4,NTPC,2026-07-10,346.0,347.0,344.0,345.0,0,2026-07-10T10:15:53.013733+00:00
572fc3a5-9e55-4d72-b63c-2310472596cf,DELHIVERY,2026-07-09,511.0,516.0,511.0,516.0,0,2026-07-09T10:13:37.065139+00:00
7fe3910f-94cb-4f9a-86aa-5a7f250eb8c2,DIVISLAB,2026-07-09,6876.0,6918.0,6804.0,6804.0,0,2026-07-09T10:13:37.065139+00:00
fe685bc8-52f7-4160-846c-1f449bf1809f,DIXON,2026-07-09,13363.0,13568.0,13363.0,13465.0,0,2026-07-09T10:13:37.065139+00:00
91946920-84ed-499d-8273-9fc676ff22fc,DMART,2026-07-09,4030.0,4064.0,4012.0,4064.0,0,2026-07-09T10:13:37.065139+00:00
1c6c7053-18aa-46d5-9415-bd757208b48c,DRREDDY,2026-07-09,1363.0,1363.0,1272.0,1272.0,0,2026-07-09T10:13:37.065139+00:00
a23b018a-95ad-4685-b0c3-80056eac9262,EICHERMOT,2026-07-09,7449.0,7509.0,7366.0,7372.0,0,2026-07-09T10:13:37.065139+00:00
b6fcff0b-6e4d-4f3a-a79f-c49834025a04,ETERNAL,2026-07-09,287.0,299.0,287.0,294.0,0,2026-07-09T10:13:37.065139+00:00
1f0b3e37-39b9-4e60-88fd-575fc1231998,OBEROIRLTY,2026-07-10,1829.0,1919.0,1829.0,1919.0,0,2026-07-10T10:15:53.013733+00:00
576ae126-ea1b-4b09-9ac0-f5385ddbeec4,OFSS,2026-07-10,11485.0,11577.0,11485.0,11577.0,0,2026-07-10T10:15:53.013733+00:00
8dd7d408-c863-46ef-b65a-ab5cb081f329,ONGC,2026-07-10,245.0,245.0,244.0,245.0,0,2026-07-10T10:15:53.013733+00:00
0a65e253-7659-4a32-8b99-1e71b943331d,PAGEIND,2026-07-10,40725.0,40725.0,39370.0,39370.0,0,2026-07-10T10:15:53.013733+00:00
914a0db9-5f61-4ce3-b314-d311d52ee545,PATANJALI,2026-07-10,413.0,413.0,412.0,413.0,0,2026-07-10T10:15:53.013733+00:00
80f7cfe7-f486-4e23-add1-be596a0d02a4,FORTIS,2026-07-08,979.0,979.0,943.0,944.0,0,2026-07-08T10:11:15.313523+00:00
b00660d7-42ef-46e7-b2f7-99f058ddf77e,GAIL,2026-07-08,174.0,174.0,172.0,172.0,0,2026-07-08T10:11:15.313523+00:00
960fabf9-c843-4c74-952c-52d6c8485b7e,GLENMARK,2026-07-08,2271.0,2271.0,2221.0,2221.0,0,2026-07-08T10:11:15.313523+00:00
26cdff54-6ce4-4c7d-8c5c-7a1bea9e547a,GMRAIRPORT,2026-07-08,113.0,115.0,113.0,115.0,0,2026-07-08T10:11:15.313523+00:00
122e9e1f-aafe-4cb6-a38c-f22f08d8ff65,GODFRYPHLP,2026-07-08,2123.0,2129.0,2094.0,2094.0,0,2026-07-08T10:11:15.313523+00:00
8e665085-f6ac-40c9-a16c-6b14f3e59be0,GODREJPROP,2026-07-08,2024.0,2067.0,2022.0,2022.0,0,2026-07-08T10:11:15.313523+00:00
b59d77e8-c2c6-4bc6-8ee0-954ff5fee3f7,GRASIM,2026-07-08,3188.0,3188.0,3139.0,3150.0,0,2026-07-08T10:11:15.313523+00:00
03e92a71-2c87-4231-b773-0272fa79f0d0,HAL,2026-07-08,4393.0,4430.0,4359.0,4359.0,0,2026-07-08T10:11:15.313523+00:00
34a7676a-a576-4abb-b104-f919e2581790,HAVELLS,2026-07-08,1215.0,1233.0,1215.0,1221.0,0,2026-07-08T10:11:15.313523+00:00
afab57c2-e325-4367-9b9d-6a71092b0670,HCLTECH,2026-07-08,1168.0,1170.0,1123.0,1168.0,0,2026-07-08T10:11:15.313523+00:00
68011c97-54e1-4bef-9641-23b9bc297da7,PPLPHARMA,2026-07-09,172.0,174.0,172.0,173.0,0,2026-07-09T10:13:37.065139+00:00
8f3c7fcf-fd9f-470d-af4e-d2c46bae3d16,PRESTIGE,2026-07-09,1660.0,1678.0,1660.0,1676.0,0,2026-07-09T10:13:37.065139+00:00
c21d33c9-abc7-4a63-b37b-e25093831f6b,RBLBANK,2026-07-09,364.0,364.0,364.0,364.0,0,2026-07-09T10:13:37.065139+00:00
616b5e4a-54e4-4bf6-ab11-e20b2aab0125,RECLTD,2026-07-09,351.0,351.0,346.0,348.0,0,2026-07-09T10:13:37.065139+00:00
4361b07c-2853-47d7-be63-412c67fd331a,RELIANCE,2026-07-09,1285.0,1288.0,1277.0,1277.0,0,2026-07-09T10:13:37.065139+00:00
7f52158b-b045-465f-b304-e7e4dbc9076f,BANKINDIA,2026-07-10,138.0,145.0,138.0,145.0,0,2026-07-10T10:15:53.013733+00:00
700b5c72-aed0-467e-a23e-25c37113fd74,ASHOKLEY,2026-07-10,156.0,156.0,156.0,156.0,0,2026-07-10T10:15:53.013733+00:00
2ba5233f-1da6-4af4-9b07-f2f120f016f3,ASIANPAINT,2026-07-10,2711.0,2724.0,2678.0,2694.0,0,2026-07-10T10:15:53.013733+00:00
1ac81472-a310-4c46-b7ba-dc64983697fe,AUBANK,2026-07-10,1064.0,1075.0,1064.0,1074.0,0,2026-07-10T10:15:53.013733+00:00
4d68d78c-cae4-4829-a9e7-9f0bda610706,AUROPHARMA,2026-07-10,1557.0,1569.0,1557.0,1569.0,0,2026-07-10T10:15:53.013733+00:00
69206aaa-4743-4a1a-8038-6e52a1780a99,AXISBANK,2026-07-10,1314.0,1325.0,1314.0,1325.0,0,2026-07-10T10:15:53.013733+00:00
44c9ef94-4d23-4c90-ba8b-b00d77fa1d31,BAJAJFINSV,2026-07-10,1912.0,1912.0,1905.0,1905.0,0,2026-07-10T10:15:53.013733+00:00
98a9dc7c-79f0-441b-9699-2a30454d1286,BAJAJ_AUTO,2026-07-10,10191.0,10229.0,10156.0,10156.0,0,2026-07-10T10:15:53.013733+00:00
87e0312d-0b9a-49b5-8358-acb75514507f,BAJFINANCE,2026-07-10,1005.0,1019.0,1005.0,1019.0,0,2026-07-10T10:15:53.013733+00:00
e3732028-a2ba-41ee-a183-7f3a0a7e7968,BANDHANBNK,2026-07-10,206.0,210.0,206.0,210.0,0,2026-07-10T10:15:53.013733+00:00
5e991ac8-c13a-4658-94ea-86418a973131,BANKBARODA,2026-07-10,244.0,250.0,244.0,250.0,0,2026-07-10T10:15:53.013733+00:00
6e5843f0-1f47-4adb-8f74-9d34c0bfacaa,KAYNES,2026-07-09,3281.0,3332.0,3281.0,3315.0,0,2026-07-09T10:13:37.065139+00:00
f0bb59a1-5c2e-45ef-861e-aad49b114c91,KEI,2026-07-09,5052.0,5052.0,4964.0,4985.0,0,2026-07-09T10:13:37.065139+00:00
d644aff6-dd1f-41fa-9ec2-b0cd5aa32dae,KFINTECH,2026-07-09,863.0,880.0,863.0,880.0,0,2026-07-09T10:13:37.065139+00:00
e98a1227-1123-4115-a813-64c4b8fd7d7d,KOTAKBANK,2026-07-09,372.0,372.0,369.0,371.0,0,2026-07-09T10:13:37.065139+00:00
136fd7ea-9868-4581-84f8-c8aabd6facc2,KPITTECH,2026-07-09,558.0,558.0,549.0,549.0,0,2026-07-09T10:13:37.065139+00:00
4bad6e96-0f6c-4e49-a29a-d77cd1956e64,LAURUSLABS,2026-07-09,1465.0,1515.0,1465.0,1515.0,0,2026-07-09T10:13:37.065139+00:00
5b0d4740-9ac8-41dc-be54-3e4ff7faf7f7,LICHSGFIN,2026-07-09,536.0,542.0,536.0,541.0,0,2026-07-09T10:13:37.065139+00:00
f446a265-a15b-41cb-8ab8-3ad281bfb2a7,LICI,2026-07-09,433.0,548.0,433.0,438.0,0,2026-07-09T10:13:37.065139+00:00
c7010ad6-ff85-4449-8843-0c15b733687d,PNB,2026-07-09,101.0,103.0,101.0,103.0,0,2026-07-09T10:13:37.065139+00:00
a6a25d8b-9a79-462f-bef0-1561bbfe1ccc,POWERGRID,2026-07-09,282.0,283.0,281.0,281.0,0,2026-07-09T10:13:37.065139+00:00
dd84ef38-f785-4b90-87ba-6ba0b8123239,HDFCLIFE,2026-07-10,559.0,569.0,559.0,569.0,0,2026-07-10T10:15:53.013733+00:00
70a6ca50-9f8d-46eb-9789-d86406ac886e,HEROMOTOCO,2026-07-10,4926.0,4938.0,4926.0,4927.0,0,2026-07-10T10:15:53.013733+00:00
d3882a95-5219-4a7d-8366-381755fbe349,HFCL,2026-07-10,213.0,220.0,213.0,217.0,0,2026-07-10T10:15:53.013733+00:00
36580ff2-a447-4b01-8896-4b5e8e382ed3,HINDALCO,2026-07-10,977.0,983.0,968.0,968.0,0,2026-07-10T10:15:53.013733+00:00
7bc4dad6-8a4d-4188-bc07-fb6cc2226574,HINDPETRO,2026-07-10,392.0,397.0,392.0,397.0,0,2026-07-10T10:15:53.013733+00:00
d2cb63dc-c027-404e-9dba-b0eff20cfdba,HINDUNILVR,2026-07-10,2158.0,2174.0,2148.0,2148.0,0,2026-07-10T10:15:53.013733+00:00
5f681f83-861a-4166-8c1b-93d5e569a113,HINDZINC,2026-07-10,539.0,539.0,536.0,536.0,0,2026-07-10T10:15:53.013733+00:00
c6ce001d-a7b3-46d1-b605-85e2aca05af3,HUDCO,2026-07-10,203.0,208.0,203.0,206.0,0,2026-07-10T10:15:53.013733+00:00
e983d0d6-9bc1-4449-bd19-7f558bb36e2b,ICICIBANK,2026-07-10,1402.0,1406.0,1402.0,1404.0,0,2026-07-10T10:15:53.013733+00:00
5f202eeb-5a44-4474-a91d-97a66f0edc1a,ICICIGI,2026-07-10,1794.0,1825.0,1794.0,1825.0,0,2026-07-10T10:15:53.013733+00:00
37d5c98f-5693-48ee-9da2-2d627b8512dd,ICICIPRULI,2026-07-10,498.0,514.0,498.0,514.0,0,2026-07-10T10:15:53.013733+00:00
c4b253f5-370a-4954-9d8b-8f0cac393c71,IDEA,2026-07-10,14.0,14.0,14.0,14.0,0,2026-07-10T10:15:53.013733+00:00
06d24376-7f18-4d9b-a35e-2e83e3440bb8,IEX,2026-07-10,120.0,120.0,119.0,119.0,0,2026-07-10T10:15:53.013733+00:00
0c0317dc-2044-403e-88b0-04cac8eee611,IGL,2026-07-10,152.0,153.0,152.0,153.0,0,2026-07-10T10:15:53.013733+00:00
c7ab1d72-c8a8-4259-a880-f93ed3ee1069,INDIANB,2026-07-10,782.0,871.0,782.0,870.0,0,2026-07-10T10:15:53.013733+00:00
949b6a46-821b-44cf-899d-f6c22147a60d,INDUSTOWER,2026-07-10,397.0,404.0,396.0,404.0,0,2026-07-10T10:15:53.013733+00:00
b88a37f7-197c-412c-8ece-4d099f2f895c,INFY,2026-07-10,1072.0,1074.0,1069.0,1074.0,0,2026-07-10T10:15:53.013733+00:00
ea7e3ff3-1b56-4832-996d-de80687b4602,JINDALSTEL,2026-07-10,1050.0,1057.0,1050.0,1052.0,0,2026-07-10T10:15:53.013733+00:00
ca4faccb-e8dd-495a-a4b1-7062eb16b31f,JUBLFOOD,2026-07-10,437.0,440.0,437.0,437.0,0,2026-07-10T10:15:53.013733+00:00
4b3cc52c-518f-48bb-99a5-cf51583b3fa8,LT,2026-07-10,3924.0,3942.0,3924.0,3942.0,0,2026-07-10T10:15:53.013733+00:00
ec50372f-e69c-4e5c-b8dc-34a6c5656829,IGL,2026-07-07,152.0,152.0,152.0,152.0,0,2026-07-07T10:10:45.558638+00:00
b04b151b-5989-4886-868a-18e6bbec24f4,IIFL,2026-07-07,525.0,531.0,522.0,525.0,0,2026-07-07T10:10:45.558638+00:00
9c92ae51-ee9c-4098-82de-81747612ea4d,INDHOTEL,2026-07-07,746.0,746.0,740.0,746.0,0,2026-07-07T10:10:45.558638+00:00
b010db8e-2267-4e9d-afb2-0785f4288dbb,INDIANB,2026-07-07,781.0,782.0,778.0,781.0,0,2026-07-07T10:10:45.558638+00:00
732ba586-cb67-42de-8163-cdefb2d17362,ASHOKLEY,2026-07-08,164.0,165.0,158.0,158.0,0,2026-07-08T10:11:15.313523+00:00
bddc3e2e-0702-4b4d-bf45-51401f46e654,ASIANPAINT,2026-07-08,2729.0,2729.0,2663.0,2663.0,0,2026-07-08T10:11:15.313523+00:00
aa9449eb-6d87-44e1-94d4-db227d5459fa,INDIGO,2026-07-07,5393.0,5393.0,5384.0,5393.0,0,2026-07-07T10:10:45.558638+00:00
7cba9d9f-93fa-4a8e-9979-e557ba4907a5,INDUSINDBK,2026-07-07,1027.0,1027.0,1011.0,1027.0,0,2026-07-07T10:10:45.558638+00:00
70ad6f31-dbf1-4ad3-a3ef-a259130fa749,INDUSTOWER,2026-07-07,379.0,379.0,379.0,379.0,0,2026-07-07T10:10:45.558638+00:00
e8d90aa9-e4ed-4126-b07f-e792b7705797,INFY,2026-07-07,1060.0,1060.0,1060.0,1060.0,0,2026-07-07T10:10:45.558638+00:00
ab38d49c-7833-4533-a768-02fa0e3918da,INOXWIND,2026-07-07,86.0,86.0,86.0,86.0,0,2026-07-07T10:10:45.558638+00:00
bd89d5db-9a38-4026-81be-8e018fd71be6,IOC,2026-07-07,142.0,143.0,142.0,142.0,0,2026-07-07T10:10:45.558638+00:00
2174922f-557f-4d7c-810c-34b803a3fd06,IRCTC,2026-07-07,500.0,509.0,500.0,500.0,0,2026-07-07T10:10:45.558638+00:00
375b8ac3-65b7-46fa-9e90-9dcc2dd5114c,IREDA,2026-07-07,125.0,126.0,125.0,125.0,0,2026-07-07T10:10:45.558638+00:00
86aeb4d6-0cc5-4c02-aa8d-5bf046d9d975,IRFC,2026-07-07,90.0,90.0,90.0,90.0,0,2026-07-07T10:10:45.558638+00:00
91240731-d97f-46ad-ab37-35ab39b0af4e,ITC,2026-07-07,289.0,289.0,288.0,289.0,0,2026-07-07T10:10:45.558638+00:00
863f89c8-f552-4b8b-ab9b-c53ae64d9d8a,JINDALSTEL,2026-07-07,1039.0,1045.0,1039.0,1039.0,0,2026-07-07T10:10:45.558638+00:00
9dbed317-4d5a-49e9-bc6c-4d407e2d1c33,JIOFIN,2026-07-07,244.0,244.0,243.0,244.0,0,2026-07-07T10:10:45.558638+00:00
de6fafb1-1df7-465a-978c-f3b182538d37,JSWENERGY,2026-07-07,545.0,545.0,543.0,545.0,0,2026-07-07T10:10:45.558638+00:00
088860d0-4e87-4a3b-a533-3a9235eaa8f0,JSWSTEEL,2026-07-07,1238.0,1251.0,1238.0,1238.0,0,2026-07-07T10:10:45.558638+00:00
ac438617-5110-4e4a-9e9b-c6c304b5a483,JUBLFOOD,2026-07-07,456.0,456.0,450.0,456.0,0,2026-07-07T10:10:45.558638+00:00
ec572745-7e21-424e-ab7d-14e5825c166d,KALYANKJIL,2026-07-07,356.0,362.0,356.0,356.0,0,2026-07-07T10:10:45.558638+00:00
8b60a888-1f7c-49bb-bb5b-b7ed7fda4012,KEI,2026-07-07,5099.0,5133.0,5099.0,5099.0,0,2026-07-07T10:10:45.558638+00:00
4f422fb7-cd86-40b1-abff-2ab933415db4,BDL,2026-07-10,1333.0,1353.0,1328.0,1343.0,0,2026-07-10T10:15:53.013733+00:00
721ee7d3-fb7b-4821-9aae-b9ae03974418,BEL,2026-07-10,409.0,415.0,407.0,415.0,0,2026-07-10T10:15:53.013733+00:00
13673444-1451-4058-a373-afbd29b4291e,BHARATFORG,2026-07-10,2139.0,2139.0,2116.0,2116.0,0,2026-07-10T10:15:53.013733+00:00
27f8e7e9-8b87-4d15-8af1-b5eb7ec40849,BHARTIARTL,2026-07-10,1909.0,1917.0,1909.0,1914.0,0,2026-07-10T10:15:53.013733+00:00
d9620180-34ea-437b-9006-4a9469bf0a1d,BHEL,2026-07-10,392.0,395.0,391.0,395.0,0,2026-07-10T10:15:53.013733+00:00
f9792997-c4a9-4c0a-ac97-680da14071f8,BIOCON,2026-07-10,403.0,416.0,403.0,416.0,0,2026-07-10T10:15:53.013733+00:00
f3646681-34a5-4e3c-bc8f-e1c676543a26,360ONE,2026-07-08,1151.0,1151.0,1088.0,1093.0,0,2026-07-08T10:11:15.313523+00:00
1fe96a4d-4a26-4940-9912-b17346b61110,ABB,2026-07-08,6836.0,6883.0,6761.0,6800.0,0,2026-07-08T10:11:15.313523+00:00
4746b48b-46ce-42c5-b52e-46b06466615d,ABCAPITAL,2026-07-08,409.0,409.0,396.0,396.0,0,2026-07-08T10:11:15.313523+00:00
b1af0c09-2f4e-48fe-8312-8ca594ed251f,ADANIENSOL,2026-07-08,1657.0,1693.0,1657.0,1674.0,0,2026-07-08T10:11:15.313523+00:00
34d4803d-bbb9-4435-914f-bcbfaa4d3417,ADANIPORTS,2026-07-08,1866.0,1877.0,1792.0,1801.0,0,2026-07-08T10:11:15.313523+00:00
37709e32-2d94-4ffc-989b-7f2a790d5888,AMBER,2026-07-08,7630.0,7630.0,7410.0,7410.0,0,2026-07-08T10:11:15.313523+00:00
7cc4ab98-74e9-4139-88c3-6e9ac2bad912,AMBUJACEM,2026-07-08,440.0,440.0,427.0,427.0,0,2026-07-08T10:11:15.313523+00:00
898dbe90-de0a-4173-b9dc-13a42b77de0b,ANGELONE,2026-07-08,336.0,339.0,333.0,333.0,0,2026-07-08T10:11:15.313523+00:00
c40fcf1a-f853-4b2f-8260-ec5ef1b04436,APLAPOLLO,2026-07-08,1820.0,1824.0,1814.0,1814.0,0,2026-07-08T10:11:15.313523+00:00
2f85e05d-b6ef-4998-b0c0-35e87c9217ed,APOLLOHOSP,2026-07-08,8853.0,8856.0,8806.0,8806.0,0,2026-07-08T10:11:15.313523+00:00
30cc9341-4cc8-4a81-aa3d-520f9c0e6134,BLUESTARCO,2026-07-10,1610.0,1637.0,1610.0,1637.0,0,2026-07-10T10:15:53.013733+00:00
ea2726f2-4b94-46dd-9e13-393e3b897c64,BOSCHLTD,2026-07-10,42180.0,42180.0,41870.0,41880.0,0,2026-07-10T10:15:53.013733+00:00
e85db16b-d982-40a9-af92-30c96bcfa79a,BPCL,2026-07-10,307.0,311.0,306.0,311.0,0,2026-07-10T10:15:53.013733+00:00
e2be48a0-6851-41e8-bd41-bddd1f332213,BRITANNIA,2026-07-10,5372.0,5381.0,5342.0,5353.0,0,2026-07-10T10:15:53.013733+00:00
a9212196-ce9e-4790-8872-404a607a6276,BSE,2026-07-10,3821.0,3821.0,3777.0,3812.0,0,2026-07-10T10:15:53.013733+00:00
d4adbb39-dacf-427b-8346-f56f364e3250,CAMS,2026-07-10,778.0,791.0,778.0,789.0,0,2026-07-10T10:15:53.013733+00:00
894f71e2-1a39-4eb2-9944-3f3456935958,CANBK,2026-07-10,125.0,129.0,124.0,129.0,0,2026-07-10T10:15:53.013733+00:00
063142d0-dede-416c-a373-ecbed16006d2,CDSL,2026-07-10,1387.0,1440.0,1387.0,1433.0,0,2026-07-10T10:15:53.013733+00:00
11689179-fd1a-469f-982f-5bcd8f035075,DLF,2026-07-10,672.0,690.0,672.0,690.0,0,2026-07-10T10:15:53.013733+00:00
4af332f9-7fc5-47da-9569-8162051fb23c,SOLARINDS,2026-07-10,17442.0,18185.0,17442.0,18185.0,0,2026-07-10T10:15:53.013733+00:00
05512a99-622e-4fd7-bb57-5492fdcde1ae,SONACOMS,2026-07-10,678.0,678.0,667.0,667.0,0,2026-07-10T10:15:53.013733+00:00
6965303f-546b-4aa0-9dcd-85f817c57b0f,TATATECH,2026-07-10,727.0,727.0,723.0,723.0,0,2026-07-10T10:15:53.013733+00:00
f9623f8c-5724-4ac4-be50-1b85bba7d569,GLENMARK,2026-07-09,2265.0,2279.0,2265.0,2274.0,0,2026-07-09T10:13:37.065139+00:00
7fa9b9d6-f276-4070-8aa2-6a2ae2ddbc7a,GMRAIRPORT,2026-07-09,115.0,115.0,112.0,112.0,0,2026-07-09T10:13:37.065139+00:00
7e783991-527a-4abd-b5cb-947c52371118,GODFRYPHLP,2026-07-09,2094.0,2110.0,2094.0,2108.0,0,2026-07-09T10:13:37.065139+00:00
fb601e1a-b150-4022-b70a-c50ee547a88c,GODREJCP,2026-07-09,1077.0,1095.0,1077.0,1086.0,0,2026-07-09T10:13:37.065139+00:00
04dac5a8-c4f7-41ca-81c7-3d15eaff66bb,TECHM,2026-07-10,1451.0,1457.0,1451.0,1457.0,0,2026-07-10T10:15:53.013733+00:00
13940134-75c6-4f67-9ce7-84f7b5dd4ae4,TITAN,2026-07-10,4590.0,4590.0,4580.0,4583.0,0,2026-07-10T10:15:53.013733+00:00
3f257727-3afe-4ec1-92fb-ae93355fc6c3,TMPV,2026-07-10,332.0,336.0,332.0,336.0,0,2026-07-10T10:15:53.013733+00:00
80884810-6c10-44a5-ad60-4e1d2c4244b0,TORNTPHARM,2026-07-10,4902.0,4902.0,4876.0,4887.0,0,2026-07-10T10:15:53.013733+00:00
3e5fe7f2-edf1-4466-96a5-29a721856d43,TORNTPOWER,2026-07-10,1427.0,1436.0,1427.0,1436.0,0,2026-07-10T10:15:53.013733+00:00
d630e5c4-c6cf-4483-9222-4b3564aa46ab,TRENT,2026-07-10,2929.0,2929.0,2900.0,2903.0,0,2026-07-10T10:15:53.013733+00:00
cf585ea8-5a34-4066-b31f-03243c5b1c90,TVSMOTOR,2026-07-10,3645.0,3645.0,3616.0,3630.0,0,2026-07-10T10:15:53.013733+00:00
3105c809-f40d-4a01-b461-270e5210d972,ASTRAL,2026-07-08,1355.0,1383.0,1332.0,1339.0,0,2026-07-08T10:11:15.313523+00:00
51e96437-38ff-4392-9b7a-acd6a1264d35,AUBANK,2026-07-08,1070.0,1073.0,1053.0,1053.0,0,2026-07-08T10:11:15.313523+00:00
4851d50b-b052-4d40-a410-0e868d6c11e1,AUROPHARMA,2026-07-08,1607.0,1607.0,1578.0,1578.0,0,2026-07-08T10:11:15.313523+00:00
e98b86d7-8a09-4acb-a545-2e81b43bfe9d,AXISBANK,2026-07-08,1340.0,1340.0,1307.0,1307.0,0,2026-07-08T10:11:15.313523+00:00
0d6fcd79-4bce-478b-b368-af971592f582,BAJAJFINSV,2026-07-08,1870.0,1886.0,1861.0,1861.0,0,2026-07-08T10:11:15.313523+00:00
5aaa470c-9dc6-4a62-8405-f278451e7a60,BAJAJ_AUTO,2026-07-08,10110.0,10200.0,10110.0,10142.0,0,2026-07-08T10:11:15.313523+00:00
c8a11993-23fb-45a8-b459-9311cc3db04d,BANKBARODA,2026-07-08,245.0,245.0,240.0,240.0,0,2026-07-08T10:11:15.313523+00:00
fa3e676f-b985-4628-96e4-f653403adc89,ANGELONE,2026-07-09,338.0,342.0,338.0,342.0,0,2026-07-09T10:13:37.065139+00:00
7bc00a0f-1a82-4bac-acc7-ea820f493beb,APLAPOLLO,2026-07-09,1814.0,1819.0,1785.0,1785.0,0,2026-07-09T10:13:37.065139+00:00
09cc759e-a9ae-4425-b0c7-8ac7f20156cc,APOLLOHOSP,2026-07-09,8853.0,8905.0,8853.0,8876.0,0,2026-07-09T10:13:37.065139+00:00
d037397e-e6bc-4086-afb1-d4388e56a867,ASIANPAINT,2026-07-09,2699.0,2701.0,2697.0,2697.0,0,2026-07-09T10:13:37.065139+00:00
f5f7ca6b-5f95-4030-9f29-a32cbb6ad202,ASTRAL,2026-07-09,1339.0,1339.0,1316.0,1316.0,0,2026-07-09T10:13:37.065139+00:00
2d2ac205-27af-462c-9c94-c9078beaeb6a,AUBANK,2026-07-09,1053.0,1053.0,1041.0,1044.0,0,2026-07-09T10:13:37.065139+00:00
d151c72b-2708-4095-a5c3-6707c3e76df3,AUROPHARMA,2026-07-09,1578.0,1591.0,1578.0,1591.0,0,2026-07-09T10:13:37.065139+00:00
338cc8a6-ed7f-4f18-92ce-9369a6c198ea,AXISBANK,2026-07-09,1319.0,1319.0,1295.0,1295.0,0,2026-07-09T10:13:37.065139+00:00
cf70d9a1-cbeb-4800-ba55-7322bd8e1327,TORNTPHARM,2026-07-09,4880.0,4921.0,4590.0,4902.0,0,2026-07-09T10:13:37.065139+00:00
94bf1137-7361-4be3-a782-1ed3645d00db,TORNTPOWER,2026-07-09,1403.0,1417.0,1403.0,1415.0,0,2026-07-09T10:13:37.065139+00:00
c5481d22-0b16-41ef-b479-ff20a7019eaa,TRENT,2026-07-09,2953.0,2953.0,2903.0,2903.0,0,2026-07-09T10:13:37.065139+00:00
3213380b-0d24-4d62-89c2-f682806cbbc9,TVSMOTOR,2026-07-09,3667.0,3667.0,3640.0,3640.0,0,2026-07-09T10:13:37.065139+00:00
8b3b1d36-0c0b-4d87-bd36-f591e15146af,POLYCAB,2026-07-08,9434.0,9434.0,9268.0,9278.0,0,2026-07-08T10:11:15.313523+00:00
7406dc60-c756-424c-9970-ff875f0bb85e,POWERGRID,2026-07-08,285.0,285.0,283.0,283.0,0,2026-07-08T10:11:15.313523+00:00
e592a1d0-7545-4962-8d36-a6953d201f1c,PPLPHARMA,2026-07-08,175.0,175.0,172.0,172.0,0,2026-07-08T10:11:15.313523+00:00
4eb0b434-3767-4636-a59b-4d72bb8d2299,DRREDDY,2026-07-10,1272.0,1272.0,1247.0,1247.0,0,2026-07-10T10:15:53.013733+00:00
485b8766-5900-4d46-ac91-0619dcc549df,EICHERMOT,2026-07-10,7372.0,7409.0,7350.0,7361.0,0,2026-07-10T10:15:53.013733+00:00
ee2ec1d1-05a8-44e1-a2bd-d806005809fd,ETERNAL,2026-07-10,294.0,294.0,291.0,291.0,0,2026-07-10T10:15:53.013733+00:00
a0b99376-931a-4ea0-8e64-2c26b216aba2,EXIDEIND,2026-07-10,426.0,428.0,423.0,423.0,0,2026-07-10T10:15:53.013733+00:00
d8071ddc-8255-4fa3-a411-4d05d24a19bc,FEDERALBNK,2026-07-10,331.0,331.0,328.0,330.0,0,2026-07-10T10:15:53.013733+00:00
2a936c62-f13c-4535-97c8-ef8ac44b83dd,BDL,2026-07-08,1383.0,1383.0,1338.0,1338.0,0,2026-07-08T10:11:15.313523+00:00
e7fbd87f-d1a1-47c6-ac80-cf4386bc4e1f,BEL,2026-07-08,420.0,420.0,407.0,407.0,0,2026-07-08T10:11:15.313523+00:00
56edffef-35c0-48bd-9bc2-fb441fff4a97,BHARATFORG,2026-07-08,2116.0,2147.0,2092.0,2094.0,0,2026-07-08T10:11:15.313523+00:00
0908e72d-e89f-4d6f-86c2-52bb332c93ab,BHARTIARTL,2026-07-08,1930.0,1930.0,1882.0,1882.0,0,2026-07-08T10:11:15.313523+00:00
b8c7c03f-96b7-4f5c-8ac8-89889c6ea1c7,BHEL,2026-07-08,374.0,379.0,374.0,377.0,0,2026-07-08T10:11:15.313523+00:00
1f66d823-69ea-4577-a2b0-13775670ac11,BIOCON,2026-07-08,409.0,409.0,398.0,398.0,0,2026-07-08T10:11:15.313523+00:00
c7218237-f2d1-48fd-ad37-9a865877e095,BLUESTARCO,2026-07-08,1590.0,1607.0,1575.0,1575.0,0,2026-07-08T10:11:15.313523+00:00
c107b685-bac9-4bff-9293-2a39300a5127,BOSCHLTD,2026-07-08,41565.0,41700.0,41375.0,41700.0,0,2026-07-08T10:11:15.313523+00:00
4be0ce60-6e04-474b-a304-a57939c0c5d7,BPCL,2026-07-08,303.0,305.0,302.0,305.0,0,2026-07-08T10:11:15.313523+00:00
f1cd8222-ac43-404e-b519-b7b2c6cbe67c,ABCAPITAL,2026-07-10,404.0,409.0,395.0,408.0,0,2026-07-10T10:15:53.013733+00:00
921b3925-374d-4461-b4d5-8ef5f656f34c,ADANIENT,2026-07-10,3107.0,3160.0,3068.0,3159.0,0,2026-07-10T10:15:53.013733+00:00
77a7ed89-d715-43fb-8653-fa8f5bf35d33,ADANIGREEN,2026-07-10,1504.0,1538.0,1504.0,1534.0,0,2026-07-10T10:15:53.013733+00:00
0d87f407-f2d2-4734-9fd5-38e1fdee6722,ADANIPORTS,2026-07-10,1816.0,1840.0,1816.0,1840.0,0,2026-07-10T10:15:53.013733+00:00
cc9078f8-686d-491b-9c45-21018961c085,ALKEM,2026-07-10,5650.0,5699.0,5636.0,5676.0,0,2026-07-10T10:15:53.013733+00:00
9dd77a46-a15f-4f83-a9fc-5a08cb2d3a62,AMBER,2026-07-10,7650.0,7825.0,7603.0,7765.0,0,2026-07-10T10:15:53.013733+00:00
4511d0b1-3207-45d0-8020-51570f3e00fc,AMBUJACEM,2026-07-10,424.0,438.0,424.0,436.0,0,2026-07-10T10:15:53.013733+00:00
604e52fd-7c87-4f4d-9eed-8ccddd32b699,DLF,2026-07-09,653.0,653.0,645.0,645.0,0,2026-07-09T10:13:37.065139+00:00
b42273f4-9dbe-4886-8db9-4184904a05ed,BDL,2026-07-09,1338.0,1349.0,1338.0,1346.0,0,2026-07-09T10:13:37.065139+00:00
120b8d2e-3df1-4b07-b5da-29fc0719ce43,SIEMENS,2026-07-09,3464.0,3470.0,3434.0,3459.0,0,2026-07-09T10:13:37.065139+00:00
22bf278a-548e-482c-97a1-2f8b4c25763c,SOLARINDS,2026-07-09,18005.0,18005.0,17110.0,17442.0,0,2026-07-09T10:13:37.065139+00:00
9b103ac0-0864-4f0f-9dd6-a914519fcc85,SONACOMS,2026-07-09,664.0,669.0,664.0,669.0,0,2026-07-09T10:13:37.065139+00:00
c4f984d8-6bbb-41af-ac56-e082b6e0d462,SRF,2026-07-09,2779.0,2779.0,2737.0,2741.0,0,2026-07-09T10:13:37.065139+00:00
758b2bcf-bd1d-4643-aeed-e4c88d644c2f,SUNPHARMA,2026-07-09,1923.0,1944.0,1923.0,1942.0,0,2026-07-09T10:13:37.065139+00:00
bf5787eb-71a3-4517-ba33-7161c281bbb8,SUPREMEIND,2026-07-09,3205.0,3230.0,3205.0,3228.0,0,2026-07-09T10:13:37.065139+00:00
131e9bbd-029e-4365-8aad-40e8b0e1a09d,SUZLON,2026-07-09,53.0,54.0,53.0,54.0,0,2026-07-09T10:13:37.065139+00:00
111eb8e2-5751-42a5-b908-180100d9b511,SYNGENE,2026-07-09,417.0,424.0,417.0,420.0,0,2026-07-09T10:13:37.065139+00:00
b50c8a97-8aae-40b8-a5c0-1da58827990a,TATACONSUM,2026-07-09,1101.0,1112.0,1101.0,1104.0,0,2026-07-09T10:13:37.065139+00:00
5ab7b24e-229f-4fcb-bd6b-08c8e53748e1,TATAELXSI,2026-07-09,3614.0,3625.0,3614.0,3624.0,0,2026-07-09T10:13:37.065139+00:00
9d0253b3-abb7-44be-b9bd-316b2315ce25,TATAPOWER,2026-07-09,372.0,376.0,372.0,376.0,0,2026-07-09T10:13:37.065139+00:00
2569eaa8-955d-4ffe-bda1-77d1eb9fe12e,360ONE,2026-07-10,1120.0,1128.0,1120.0,1124.0,0,2026-07-10T10:15:53.013733+00:00
aa8aa4d7-edf7-42c6-b5cb-b9239ac0c285,ADANIENSOL,2026-07-10,1640.0,1662.0,1640.0,1652.0,0,2026-07-10T10:15:53.013733+00:00
3ebe77a8-647f-4fe0-97b3-8b9de1c6c5f9,CYIENT,2026-07-10,842.0,842.0,839.0,842.0,0,2026-07-10T10:15:53.013733+00:00
6133d456-50e5-4eca-9262-373656c7611d,IDFCFIRSTB,2026-07-10,80.0,81.0,80.0,81.0,0,2026-07-10T10:15:53.013733+00:00
27d01af3-9894-4c5a-912a-30d7b2d9865d,IIFL,2026-07-10,543.0,557.0,543.0,553.0,0,2026-07-10T10:15:53.013733+00:00
b43679e2-5e0c-46c8-a323-7adc7857815f,INDHOTEL,2026-07-10,739.0,751.0,738.0,751.0,0,2026-07-10T10:15:53.013733+00:00
99e156aa-69ae-447e-bf95-c73d2131ec79,INDIGO,2026-07-10,5226.0,5344.0,5190.0,5342.0,0,2026-07-10T10:15:53.013733+00:00
3d4350a4-4705-4de4-ade5-b32185d625b2,INDUSINDBK,2026-07-10,1018.0,1024.0,991.0,1017.0,0,2026-07-10T10:15:53.013733+00:00
8b8e4675-0d9f-4e23-9fe2-72ded82ac902,INOXWIND,2026-07-10,82.0,84.0,82.0,82.0,0,2026-07-10T10:15:53.013733+00:00
261a3609-860d-4b68-a32e-c4f0ffa17cf6,IRCTC,2026-07-10,500.0,503.0,500.0,503.0,0,2026-07-10T10:15:53.013733+00:00
871a3b16-259b-487a-aefd-b73d7c9f0fbb,MOTHERSON,2026-07-08,143.0,147.0,141.0,141.0,0,2026-07-08T10:11:15.313523+00:00
1d4944f5-9299-4af8-a3d5-758686c72789,MOTILALOFS,2026-07-08,939.0,949.0,915.0,915.0,0,2026-07-08T10:11:15.313523+00:00
1e02cff9-3fc4-40f1-8c3b-a79725bd2aea,MPHASIS,2026-07-08,2377.0,2377.0,2286.0,2286.0,0,2026-07-08T10:11:15.313523+00:00
7dcefdde-3117-4524-b182-519b0c65dc5f,MUTHOOTFIN,2026-07-08,3129.0,3158.0,3129.0,3149.0,0,2026-07-08T10:11:15.313523+00:00
2e1a286f-b075-4dd2-9272-d6086f7546d6,NAUKRI,2026-07-08,1204.0,1204.0,1193.0,1195.0,0,2026-07-08T10:11:15.313523+00:00
62c8e9a7-0267-4842-b1b0-a4a3a3ff6553,NBCC,2026-07-08,97.0,98.0,95.0,95.0,0,2026-07-08T10:11:15.313523+00:00
667fa337-b34e-4ba7-9c66-ef7a9a774899,NMDC,2026-07-08,84.0,85.0,84.0,84.0,0,2026-07-08T10:11:15.313523+00:00
35981c6a-1e3a-4642-b135-51ecc7e76803,NTPC,2026-07-08,353.0,353.0,348.0,348.0,0,2026-07-08T10:11:15.313523+00:00
82c47109-a89a-43f3-9761-702824f08213,NUVAMA,2026-07-08,1924.0,1927.0,1899.0,1899.0,0,2026-07-08T10:11:15.313523+00:00
a0ab08e7-5ef2-465e-8745-68e14fbf0fdc,ASTRAL,2026-07-10,1316.0,1331.0,1316.0,1329.0,0,2026-07-10T10:15:53.013733+00:00
915409c9-5725-41c8-85cc-0cdfd0540c54,CIPLA,2026-07-10,1440.0,1449.0,1440.0,1445.0,0,2026-07-10T10:15:53.013733+00:00
2a35f6eb-1fba-463c-8ec3-c25f15de18da,COALINDIA,2026-07-10,432.0,435.0,428.0,430.0,0,2026-07-10T10:15:53.013733+00:00
fb1be3f9-64eb-4263-80e5-7846510506f3,GODREJPROP,2026-07-10,2047.0,2134.0,2047.0,2132.0,0,2026-07-10T10:15:53.013733+00:00
c7612fb9-9f6f-40a1-ada2-e2e6d5b6283e,LUPIN,2026-07-10,2484.0,2516.0,2484.0,2504.0,0,2026-07-10T10:15:53.013733+00:00
5c2f3b31-1632-490d-acea-02ecaba63a70,MARUTI,2026-07-10,13867.0,13941.0,13839.0,13839.0,0,2026-07-10T10:15:53.013733+00:00
26802c63-dec6-4161-852e-ef8fede1bb6e,MCX,2026-07-10,2818.0,2818.0,2767.0,2772.0,0,2026-07-10T10:15:53.013733+00:00
43265597-0564-4f01-8194-e9c9410cd503,MOTILALOFS,2026-07-10,963.0,982.0,963.0,978.0,0,2026-07-10T10:15:53.013733+00:00
24b7484b-885f-43b8-a6f9-8ed59306b926,MPHASIS,2026-07-10,2302.0,2327.0,2302.0,2325.0,0,2026-07-10T10:15:53.013733+00:00
4f6233bf-421e-4e18-8f1b-c7ac69ed1f39,MUTHOOTFIN,2026-07-10,3069.0,3128.0,3069.0,3128.0,0,2026-07-10T10:15:53.013733+00:00
aefef41a-cbfd-46fc-9e5e-70ce575d639b,IOC,2026-07-08,142.0,142.0,138.0,138.0,0,2026-07-08T10:11:15.313523+00:00
6e87ac7c-115a-4a8a-a039-6c714cd9a1a9,IRCTC,2026-07-08,500.0,500.0,499.0,499.0,0,2026-07-08T10:11:15.313523+00:00
40f8fc5c-385d-4578-8065-8a81d52d33f9,IREDA,2026-07-08,123.0,125.0,123.0,123.0,0,2026-07-08T10:11:15.313523+00:00
ecddee6b-0c4e-45ea-bc93-73aac14ab600,IRFC,2026-07-08,89.0,90.0,88.0,88.0,0,2026-07-08T10:11:15.313523+00:00
99e9d27b-4e13-4466-ba8d-666b1778fc16,MCX,2026-07-08,2595.0,2704.0,2595.0,2704.0,0,2026-07-08T10:11:15.313523+00:00
1ab17f68-942a-49b2-afe1-b3d8a31c2af7,MFSL,2026-07-08,1604.0,1604.0,1557.0,1557.0,0,2026-07-08T10:11:15.313523+00:00
d8306cc6-e5a8-4f9d-8f62-30bb4d6e5b74,NATIONALUM,2026-07-10,362.0,362.0,358.0,358.0,0,2026-07-10T10:15:53.013733+00:00
7d6d5604-9ea3-4d77-9754-efd50d6644b3,HINDALCO,2026-07-09,974.0,974.0,961.0,965.0,0,2026-07-09T10:13:37.065139+00:00
bf5e4bfa-b669-4c6c-92c4-80784ec4bb78,HINDPETRO,2026-07-09,387.0,392.0,387.0,392.0,0,2026-07-09T10:13:37.065139+00:00
156d23b8-82ff-40d0-b6e7-0a5a53826d63,HINDUNILVR,2026-07-09,2147.0,2159.0,2145.0,2145.0,0,2026-07-09T10:13:37.065139+00:00
a179a419-1184-4f47-8a62-8a2ac5f1d20d,HINDZINC,2026-07-09,531.0,531.0,525.0,527.0,0,2026-07-09T10:13:37.065139+00:00
dd6f11ef-c519-4f54-9b78-732e392ca649,HUDCO,2026-07-09,210.0,210.0,203.0,203.0,0,2026-07-09T10:13:37.065139+00:00
67b7b596-f1d3-43bb-9072-00f5fd03eeba,ICICIBANK,2026-07-09,1396.0,1417.0,1381.0,1384.0,0,2026-07-09T10:13:37.065139+00:00
08d726ed-b3b4-4eec-98b4-5ddd638da3d4,ICICIGI,2026-07-09,1825.0,1825.0,1383.0,1794.0,0,2026-07-09T10:13:37.065139+00:00
763ab38b-44d3-41f1-a892-42222ba639ef,ICICIPRULI,2026-07-09,481.0,491.0,481.0,491.0,0,2026-07-09T10:13:37.065139+00:00
359dbbfd-b4c3-4c93-9ccd-3c526e5f67ca,IDEA,2026-07-09,14.0,14.0,14.0,14.0,0,2026-07-09T10:13:37.065139+00:00
c84a4141-7608-4108-be51-ce4ae5364279,TATAELXSI,2026-07-10,3665.0,3705.0,3665.0,3700.0,0,2026-07-10T10:15:53.013733+00:00
a10274c6-972a-47dd-af8d-773717fda511,TATAPOWER,2026-07-10,378.0,382.0,378.0,381.0,0,2026-07-10T10:15:53.013733+00:00
4c8f7257-bed7-44b9-bdf9-c053b73d4fd8,TIINDIA,2026-07-10,2919.0,2922.0,2919.0,2922.0,0,2026-07-10T10:15:53.013733+00:00
2a449907-89ca-4fac-80ab-ef3c765e4a3d,VBL,2026-07-10,479.0,484.0,479.0,481.0,0,2026-07-10T10:15:53.013733+00:00
f5180d73-71c3-4cae-88ab-45681c4357ea,VEDL,2026-07-10,275.0,275.0,273.0,273.0,0,2026-07-10T10:15:53.013733+00:00
6884d51a-e1a2-4149-91fe-69d2c0a26398,VOLTAS,2026-07-10,1264.0,1283.0,1264.0,1283.0,0,2026-07-10T10:15:53.013733+00:00
af051e1f-a30e-402c-a1ea-87ecd2126397,WIPRO,2026-07-10,176.0,176.0,175.0,176.0,0,2026-07-10T10:15:53.013733+00:00
60691d87-8bef-450c-bbed-74b064f82efb,YESBANK,2026-07-10,24.0,24.0,24.0,24.0,0,2026-07-10T10:15:53.013733+00:00
e2f94ba9-c760-4ff8-881b-16de09798e12,ZYDUSLIFE,2026-07-10,1157.0,1157.0,1148.0,1152.0,0,2026-07-10T10:15:53.013733+00:00
b91bec46-9474-4e75-a2af-3b3afdafd557,KOTAKBANK,2026-07-10,371.0,374.0,371.0,374.0,0,2026-07-10T10:15:53.013733+00:00
68e68a8b-31b1-4e20-8590-196c143dac95,KPITTECH,2026-07-10,556.0,565.0,556.0,562.0,0,2026-07-10T10:15:53.013733+00:00
ed6eb84b-077c-4444-b5ad-97b270950936,LAURUSLABS,2026-07-10,1515.0,1536.0,1515.0,1536.0,0,2026-07-10T10:15:53.013733+00:00
0ecbd980-c7c5-4d52-b29c-cb8b1200bbee,MCX,2026-07-09,2704.0,2829.0,2704.0,2818.0,0,2026-07-09T10:13:37.065139+00:00
ee3340c8-ad7e-40f5-879c-81e698b9a6c7,MFSL,2026-07-09,1569.0,1581.0,1569.0,1579.0,0,2026-07-09T10:13:37.065139+00:00
c97e8d06-bdb6-4b1a-add9-fc1126acd71a,MOTHERSON,2026-07-09,140.0,143.0,140.0,143.0,0,2026-07-09T10:13:37.065139+00:00
74772caa-d3d7-4c9d-ab5b-26b6369f67bd,MOTILALOFS,2026-07-09,915.0,936.0,915.0,936.0,0,2026-07-09T10:13:37.065139+00:00
92683d0f-a2ee-4ee1-b6f6-53b7f6b6c200,MPHASIS,2026-07-09,2286.0,2286.0,2240.0,2240.0,0,2026-07-09T10:13:37.065139+00:00
381d301b-dca3-4915-a026-31ca252313a4,MUTHOOTFIN,2026-07-09,3149.0,3149.0,3055.0,3069.0,0,2026-07-09T10:13:37.065139+00:00
b4a5a572-df45-4077-940d-85a553a53a78,NATIONALUM,2026-07-09,352.0,352.0,346.0,349.0,0,2026-07-09T10:13:37.065139+00:00
1cdbae1b-d8f0-4c09-a4e5-47e63db4db2a,NAUKRI,2026-07-09,1195.0,1206.0,1195.0,1205.0,0,2026-07-09T10:13:37.065139+00:00
28dbe795-7843-49c9-8b3f-cf1dcbb1772a,NBCC,2026-07-09,96.0,97.0,96.0,96.0,0,2026-07-09T10:13:37.065139+00:00
6a0dc805-d175-4795-94c3-5df896beb7b4,NCC,2026-07-09,145.0,148.0,144.0,144.0,0,2026-07-09T10:13:37.065139+00:00
739f489a-f3c6-49a6-94c1-22a6fed19408,NESTLEIND,2026-07-09,1469.0,1475.0,1463.0,1463.0,0,2026-07-09T10:13:37.065139+00:00
9a458f82-7f27-4a6a-ab70-d8ae56d5355b,NHPC,2026-07-09,79.0,79.0,79.0,79.0,0,2026-07-09T10:13:37.065139+00:00
a1a3d55f-a6fa-45cd-b757-b85735d410ce,NUVAMA,2026-07-10,1972.0,1980.0,1953.0,1980.0,0,2026-07-10T10:15:53.013733+00:00
5373e87b-a113-4359-a6d0-b287cc13de2d,NYKAA,2026-07-10,327.0,329.0,325.0,329.0,0,2026-07-10T10:15:53.013733+00:00
